image_path,label,scientific_name,Invasive
plant_images/4672.jpg,0,Ailanthus altissima,Yes
plant_images/13204.jpg,2,Elaeagnus umbellata,Yes
plant_images/8806.jpg,0,Ailanthus altissima,Yes
plant_images/7468.jpg,15,Packera aurea,No
plant_images/4862.jpg,13,Geum canadense,No
plant_images/15298.jpg,5,Rubus occidentalis,No
plant_images/1475.jpg,4,Rubus phoenicolasius,Yes
plant_images/6187.jpg,10,Persicaria perfoliata,Yes
plant_images/1495.jpg,12,Alliaria petiolata,Yes
plant_images/17675.jpg,7,Campsis radicans,No
plant_images/20405.jpg,11,Persicaria sagittata,No
plant_images/25187.jpg,4,Rubus phoenicolasius,Yes
plant_images/19963.jpg,6,Lonicera japonica,Yes
plant_images/25916.jpg,2,Elaeagnus umbellata,Yes
plant_images/11496.jpg,9,Parthenocissus quinquefolia,No
plant_images/12603.jpg,6,Lonicera japonica,Yes
plant_images/14167.jpg,11,Persicaria sagittata,No
plant_images/9395.jpg,0,Ailanthus altissima,Yes
plant_images/13209.jpg,9,Parthenocissus quinquefolia,No
plant_images/6816.jpg,12,Alliaria petiolata,Yes
plant_images/7430.jpg,9,Parthenocissus quinquefolia,No
plant_images/13665.jpg,12,Alliaria petiolata,Yes
plant_images/25282.jpg,3,Asimina triloba,No
plant_images/3169.jpg,10,Persicaria perfoliata,Yes
plant_images/25312.jpg,9,Parthenocissus quinquefolia,No
plant_images/11678.jpg,12,Alliaria petiolata,Yes
plant_images/20546.jpg,14,Ficaria verna,Yes
plant_images/25518.jpg,2,Elaeagnus umbellata,Yes
plant_images/10433.jpg,0,Ailanthus altissima,Yes
plant_images/27232.jpg,7,Campsis radicans,No
plant_images/6603.jpg,8,Hedera helix,Yes
plant_images/19752.jpg,3,Asimina triloba,No
plant_images/25469.jpg,7,Campsis radicans,No
plant_images/1870.jpg,9,Parthenocissus quinquefolia,No
plant_images/23398.jpg,3,Asimina triloba,No
plant_images/9251.jpg,3,Asimina triloba,No
plant_images/22146.jpg,6,Lonicera japonica,Yes
plant_images/7252.jpg,9,Parthenocissus quinquefolia,No
plant_images/19139.jpg,6,Lonicera japonica,Yes
plant_images/37.jpg,4,Rubus phoenicolasius,Yes
plant_images/22451.jpg,4,Rubus phoenicolasius,Yes
plant_images/21086.jpg,13,Geum canadense,No
plant_images/3081.jpg,0,Ailanthus altissima,Yes
plant_images/11640.jpg,15,Packera aurea,No
plant_images/26826.jpg,1,Rhus copallinum,No
plant_images/23571.jpg,10,Persicaria perfoliata,Yes
plant_images/11764.jpg,9,Parthenocissus quinquefolia,No
plant_images/7814.jpg,9,Parthenocissus quinquefolia,No
plant_images/24068.jpg,10,Persicaria perfoliata,Yes
plant_images/17100.jpg,13,Geum canadense,No
plant_images/16778.jpg,8,Hedera helix,Yes
plant_images/7612.jpg,12,Alliaria petiolata,Yes
plant_images/13877.jpg,2,Elaeagnus umbellata,Yes
plant_images/28307.jpg,1,Rhus copallinum,No
plant_images/26733.jpg,7,Campsis radicans,No
plant_images/11492.jpg,10,Persicaria perfoliata,Yes
plant_images/23741.jpg,9,Parthenocissus quinquefolia,No
plant_images/22408.jpg,11,Persicaria sagittata,No
plant_images/1330.jpg,10,Persicaria perfoliata,Yes
plant_images/3603.jpg,14,Ficaria verna,Yes
plant_images/5905.jpg,3,Asimina triloba,No
plant_images/12916.jpg,9,Parthenocissus quinquefolia,No
plant_images/8579.jpg,2,Elaeagnus umbellata,Yes
plant_images/27284.jpg,3,Asimina triloba,No
plant_images/18623.jpg,8,Hedera helix,Yes
plant_images/13553.jpg,12,Alliaria petiolata,Yes
plant_images/4595.jpg,0,Ailanthus altissima,Yes
plant_images/12267.jpg,10,Persicaria perfoliata,Yes
plant_images/2722.jpg,11,Persicaria sagittata,No
plant_images/199.jpg,9,Parthenocissus quinquefolia,No
plant_images/21200.jpg,13,Geum canadense,No
plant_images/15989.jpg,14,Ficaria verna,Yes
plant_images/20362.jpg,2,Elaeagnus umbellata,Yes
plant_images/4347.jpg,8,Hedera helix,Yes
plant_images/5606.jpg,15,Packera aurea,No
plant_images/4098.jpg,14,Ficaria verna,Yes
plant_images/5876.jpg,4,Rubus phoenicolasius,Yes
plant_images/12240.jpg,10,Persicaria perfoliata,Yes
plant_images/18882.jpg,8,Hedera helix,Yes
plant_images/7983.jpg,2,Elaeagnus umbellata,Yes
plant_images/1373.jpg,12,Alliaria petiolata,Yes
plant_images/8662.jpg,8,Hedera helix,Yes
plant_images/9242.jpg,14,Ficaria verna,Yes
plant_images/14025.jpg,0,Ailanthus altissima,Yes
plant_images/5480.jpg,4,Rubus phoenicolasius,Yes
plant_images/28129.jpg,2,Elaeagnus umbellata,Yes
plant_images/23291.jpg,4,Rubus phoenicolasius,Yes
plant_images/24856.jpg,8,Hedera helix,Yes
plant_images/27219.jpg,7,Campsis radicans,No
plant_images/13941.jpg,7,Campsis radicans,No
plant_images/19529.jpg,7,Campsis radicans,No
plant_images/14622.jpg,14,Ficaria verna,Yes
plant_images/4943.jpg,15,Packera aurea,No
plant_images/23208.jpg,2,Elaeagnus umbellata,Yes
plant_images/10082.jpg,12,Alliaria petiolata,Yes
plant_images/2932.jpg,12,Alliaria petiolata,Yes
plant_images/7785.jpg,7,Campsis radicans,No
plant_images/2871.jpg,14,Ficaria verna,Yes
plant_images/19608.jpg,10,Persicaria perfoliata,Yes
plant_images/18084.jpg,14,Ficaria verna,Yes
plant_images/17957.jpg,12,Alliaria petiolata,Yes
plant_images/110.jpg,0,Ailanthus altissima,Yes
plant_images/19375.jpg,4,Rubus phoenicolasius,Yes
plant_images/8886.jpg,4,Rubus phoenicolasius,Yes
plant_images/8301.jpg,3,Asimina triloba,No
plant_images/1635.jpg,15,Packera aurea,No
plant_images/3618.jpg,9,Parthenocissus quinquefolia,No
plant_images/5483.jpg,6,Lonicera japonica,Yes
plant_images/20664.jpg,12,Alliaria petiolata,Yes
plant_images/5765.jpg,15,Packera aurea,No
plant_images/10197.jpg,4,Rubus phoenicolasius,Yes
plant_images/14640.jpg,12,Alliaria petiolata,Yes
plant_images/9610.jpg,1,Rhus copallinum,No
plant_images/17301.jpg,9,Parthenocissus quinquefolia,No
plant_images/9997.jpg,12,Alliaria petiolata,Yes
plant_images/8981.jpg,14,Ficaria verna,Yes
plant_images/6255.jpg,7,Campsis radicans,No
plant_images/16401.jpg,6,Lonicera japonica,Yes
plant_images/25317.jpg,0,Ailanthus altissima,Yes
plant_images/5656.jpg,12,Alliaria petiolata,Yes
plant_images/24980.jpg,12,Alliaria petiolata,Yes
plant_images/19426.jpg,0,Ailanthus altissima,Yes
plant_images/8020.jpg,9,Parthenocissus quinquefolia,No
plant_images/22782.jpg,14,Ficaria verna,Yes
plant_images/23443.jpg,4,Rubus phoenicolasius,Yes
plant_images/1776.jpg,9,Parthenocissus quinquefolia,No
plant_images/728.jpg,6,Lonicera japonica,Yes
plant_images/21324.jpg,2,Elaeagnus umbellata,Yes
plant_images/27189.jpg,3,Asimina triloba,No
plant_images/21880.jpg,11,Persicaria sagittata,No
plant_images/6369.jpg,7,Campsis radicans,No
plant_images/4519.jpg,0,Ailanthus altissima,Yes
plant_images/27058.jpg,8,Hedera helix,Yes
plant_images/15959.jpg,6,Lonicera japonica,Yes
plant_images/16675.jpg,14,Ficaria verna,Yes
plant_images/10304.jpg,4,Rubus phoenicolasius,Yes
plant_images/20376.jpg,2,Elaeagnus umbellata,Yes
plant_images/7564.jpg,9,Parthenocissus quinquefolia,No
plant_images/28015.jpg,14,Ficaria verna,Yes
plant_images/6330.jpg,4,Rubus phoenicolasius,Yes
plant_images/8922.jpg,6,Lonicera japonica,Yes
plant_images/9889.jpg,3,Asimina triloba,No
plant_images/3530.jpg,12,Alliaria petiolata,Yes
plant_images/7489.jpg,12,Alliaria petiolata,Yes
plant_images/17246.jpg,1,Rhus copallinum,No
plant_images/27111.jpg,9,Parthenocissus quinquefolia,No
plant_images/20720.jpg,4,Rubus phoenicolasius,Yes
plant_images/12025.jpg,2,Elaeagnus umbellata,Yes
plant_images/9327.jpg,14,Ficaria verna,Yes
plant_images/10884.jpg,8,Hedera helix,Yes
plant_images/19743.jpg,9,Parthenocissus quinquefolia,No
plant_images/10037.jpg,7,Campsis radicans,No
plant_images/561.jpg,3,Asimina triloba,No
plant_images/10923.jpg,14,Ficaria verna,Yes
plant_images/15126.jpg,8,Hedera helix,Yes
plant_images/9178.jpg,14,Ficaria verna,Yes
plant_images/4107.jpg,9,Parthenocissus quinquefolia,No
plant_images/11897.jpg,4,Rubus phoenicolasius,Yes
plant_images/13644.jpg,0,Ailanthus altissima,Yes
plant_images/27411.jpg,3,Asimina triloba,No
plant_images/14028.jpg,7,Campsis radicans,No
plant_images/6389.jpg,3,Asimina triloba,No
plant_images/11992.jpg,9,Parthenocissus quinquefolia,No
plant_images/6044.jpg,12,Alliaria petiolata,Yes
plant_images/7758.jpg,9,Parthenocissus quinquefolia,No
plant_images/13517.jpg,1,Rhus copallinum,No
plant_images/27423.jpg,3,Asimina triloba,No
plant_images/5809.jpg,9,Parthenocissus quinquefolia,No
plant_images/12478.jpg,8,Hedera helix,Yes
plant_images/23366.jpg,4,Rubus phoenicolasius,Yes
plant_images/11103.jpg,2,Elaeagnus umbellata,Yes
plant_images/25113.jpg,2,Elaeagnus umbellata,Yes
plant_images/3152.jpg,9,Parthenocissus quinquefolia,No
plant_images/3646.jpg,0,Ailanthus altissima,Yes
plant_images/26721.jpg,9,Parthenocissus quinquefolia,No
plant_images/21744.jpg,2,Elaeagnus umbellata,Yes
plant_images/15854.jpg,0,Ailanthus altissima,Yes
plant_images/12970.jpg,12,Alliaria petiolata,Yes
plant_images/26147.jpg,15,Packera aurea,No
plant_images/16544.jpg,9,Parthenocissus quinquefolia,No
plant_images/15324.jpg,7,Campsis radicans,No
plant_images/10691.jpg,7,Campsis radicans,No
plant_images/1265.jpg,10,Persicaria perfoliata,Yes
plant_images/15317.jpg,7,Campsis radicans,No
plant_images/13218.jpg,12,Alliaria petiolata,Yes
plant_images/13400.jpg,9,Parthenocissus quinquefolia,No
plant_images/24786.jpg,2,Elaeagnus umbellata,Yes
plant_images/2903.jpg,14,Ficaria verna,Yes
plant_images/27206.jpg,3,Asimina triloba,No
plant_images/13873.jpg,4,Rubus phoenicolasius,Yes
plant_images/7690.jpg,2,Elaeagnus umbellata,Yes
plant_images/27617.jpg,14,Ficaria verna,Yes
plant_images/25982.jpg,6,Lonicera japonica,Yes
plant_images/18111.jpg,12,Alliaria petiolata,Yes
plant_images/17897.jpg,13,Geum canadense,No
plant_images/27818.jpg,1,Rhus copallinum,No
plant_images/5915.jpg,2,Elaeagnus umbellata,Yes
plant_images/22008.jpg,6,Lonicera japonica,Yes
plant_images/3198.jpg,12,Alliaria petiolata,Yes
plant_images/26863.jpg,1,Rhus copallinum,No
plant_images/15595.jpg,2,Elaeagnus umbellata,Yes
plant_images/20124.jpg,2,Elaeagnus umbellata,Yes
plant_images/7611.jpg,2,Elaeagnus umbellata,Yes
plant_images/16366.jpg,6,Lonicera japonica,Yes
plant_images/23015.jpg,0,Ailanthus altissima,Yes
plant_images/3426.jpg,8,Hedera helix,Yes
plant_images/27041.jpg,3,Asimina triloba,No
plant_images/18711.jpg,2,Elaeagnus umbellata,Yes
plant_images/15157.jpg,0,Ailanthus altissima,Yes
plant_images/460.jpg,4,Rubus phoenicolasius,Yes
plant_images/11454.jpg,6,Lonicera japonica,Yes
plant_images/18025.jpg,14,Ficaria verna,Yes
plant_images/6852.jpg,14,Ficaria verna,Yes
plant_images/465.jpg,14,Ficaria verna,Yes
plant_images/7821.jpg,10,Persicaria perfoliata,Yes
plant_images/2874.jpg,14,Ficaria verna,Yes
plant_images/3380.jpg,10,Persicaria perfoliata,Yes
plant_images/13705.jpg,0,Ailanthus altissima,Yes
plant_images/1990.jpg,14,Ficaria verna,Yes
plant_images/20853.jpg,0,Ailanthus altissima,Yes
plant_images/8388.jpg,9,Parthenocissus quinquefolia,No
plant_images/5509.jpg,8,Hedera helix,Yes
plant_images/20636.jpg,12,Alliaria petiolata,Yes
plant_images/5205.jpg,15,Packera aurea,No
plant_images/22638.jpg,9,Parthenocissus quinquefolia,No
plant_images/14586.jpg,12,Alliaria petiolata,Yes
plant_images/15451.jpg,3,Asimina triloba,No
plant_images/11668.jpg,7,Campsis radicans,No
plant_images/23147.jpg,4,Rubus phoenicolasius,Yes
plant_images/23334.jpg,2,Elaeagnus umbellata,Yes
plant_images/23237.jpg,1,Rhus copallinum,No
plant_images/24624.jpg,6,Lonicera japonica,Yes
plant_images/2754.jpg,9,Parthenocissus quinquefolia,No
plant_images/14996.jpg,3,Asimina triloba,No
plant_images/16130.jpg,6,Lonicera japonica,Yes
plant_images/7025.jpg,14,Ficaria verna,Yes
plant_images/26056.jpg,2,Elaeagnus umbellata,Yes
plant_images/7436.jpg,2,Elaeagnus umbellata,Yes
plant_images/1916.jpg,9,Parthenocissus quinquefolia,No
plant_images/28257.jpg,7,Campsis radicans,No
plant_images/7721.jpg,4,Rubus phoenicolasius,Yes
plant_images/8690.jpg,9,Parthenocissus quinquefolia,No
plant_images/3548.jpg,14,Ficaria verna,Yes
plant_images/16764.jpg,3,Asimina triloba,No
plant_images/18040.jpg,14,Ficaria verna,Yes
plant_images/17554.jpg,10,Persicaria perfoliata,Yes
plant_images/6148.jpg,4,Rubus phoenicolasius,Yes
plant_images/2790.jpg,7,Campsis radicans,No
plant_images/15550.jpg,0,Ailanthus altissima,Yes
plant_images/1146.jpg,6,Lonicera japonica,Yes
plant_images/2206.jpg,3,Asimina triloba,No
plant_images/3944.jpg,1,Rhus copallinum,No
plant_images/7000.jpg,2,Elaeagnus umbellata,Yes
plant_images/25059.jpg,6,Lonicera japonica,Yes
plant_images/10128.jpg,12,Alliaria petiolata,Yes
plant_images/13413.jpg,12,Alliaria petiolata,Yes
plant_images/11806.jpg,2,Elaeagnus umbellata,Yes
plant_images/22332.jpg,2,Elaeagnus umbellata,Yes
plant_images/15130.jpg,15,Packera aurea,No
plant_images/2140.jpg,9,Parthenocissus quinquefolia,No
plant_images/23176.jpg,3,Asimina triloba,No
plant_images/7745.jpg,9,Parthenocissus quinquefolia,No
plant_images/21834.jpg,1,Rhus copallinum,No
plant_images/10429.jpg,9,Parthenocissus quinquefolia,No
plant_images/27651.jpg,3,Asimina triloba,No
plant_images/28114.jpg,9,Parthenocissus quinquefolia,No
plant_images/20598.jpg,12,Alliaria petiolata,Yes
plant_images/10860.jpg,8,Hedera helix,Yes
plant_images/13359.jpg,3,Asimina triloba,No
plant_images/7160.jpg,1,Rhus copallinum,No
plant_images/23682.jpg,12,Alliaria petiolata,Yes
plant_images/4760.jpg,7,Campsis radicans,No
plant_images/13126.jpg,14,Ficaria verna,Yes
plant_images/19448.jpg,2,Elaeagnus umbellata,Yes
plant_images/21912.jpg,4,Rubus phoenicolasius,Yes
plant_images/13686.jpg,0,Ailanthus altissima,Yes
plant_images/7259.jpg,14,Ficaria verna,Yes
plant_images/26378.jpg,6,Lonicera japonica,Yes
plant_images/4731.jpg,8,Hedera helix,Yes
plant_images/11400.jpg,12,Alliaria petiolata,Yes
plant_images/25347.jpg,3,Asimina triloba,No
plant_images/26429.jpg,4,Rubus phoenicolasius,Yes
plant_images/4609.jpg,0,Ailanthus altissima,Yes
plant_images/17666.jpg,10,Persicaria perfoliata,Yes
plant_images/764.jpg,4,Rubus phoenicolasius,Yes
plant_images/19804.jpg,4,Rubus phoenicolasius,Yes
plant_images/16087.jpg,4,Rubus phoenicolasius,Yes
plant_images/22241.jpg,6,Lonicera japonica,Yes
plant_images/737.jpg,8,Hedera helix,Yes
plant_images/5775.jpg,4,Rubus phoenicolasius,Yes
plant_images/17134.jpg,3,Asimina triloba,No
plant_images/18708.jpg,3,Asimina triloba,No
plant_images/23432.jpg,8,Hedera helix,Yes
plant_images/2742.jpg,0,Ailanthus altissima,Yes
plant_images/8867.jpg,4,Rubus phoenicolasius,Yes
plant_images/9485.jpg,15,Packera aurea,No
plant_images/14556.jpg,14,Ficaria verna,Yes
plant_images/18834.jpg,12,Alliaria petiolata,Yes
plant_images/26675.jpg,3,Asimina triloba,No
plant_images/21371.jpg,10,Persicaria perfoliata,Yes
plant_images/26050.jpg,2,Elaeagnus umbellata,Yes
plant_images/14671.jpg,14,Ficaria verna,Yes
plant_images/22689.jpg,3,Asimina triloba,No
plant_images/20718.jpg,8,Hedera helix,Yes
plant_images/1782.jpg,3,Asimina triloba,No
plant_images/11218.jpg,2,Elaeagnus umbellata,Yes
plant_images/19058.jpg,12,Alliaria petiolata,Yes
plant_images/11599.jpg,2,Elaeagnus umbellata,Yes
plant_images/501.jpg,14,Ficaria verna,Yes
plant_images/13158.jpg,9,Parthenocissus quinquefolia,No
plant_images/16496.jpg,12,Alliaria petiolata,Yes
plant_images/12822.jpg,14,Ficaria verna,Yes
plant_images/12668.jpg,12,Alliaria petiolata,Yes
plant_images/24063.jpg,3,Asimina triloba,No
plant_images/10180.jpg,2,Elaeagnus umbellata,Yes
plant_images/17574.jpg,1,Rhus copallinum,No
plant_images/21016.jpg,3,Asimina triloba,No
plant_images/6248.jpg,5,Rubus occidentalis,No
plant_images/23789.jpg,3,Asimina triloba,No
plant_images/17758.jpg,8,Hedera helix,Yes
plant_images/279.jpg,9,Parthenocissus quinquefolia,No
plant_images/10413.jpg,8,Hedera helix,Yes
plant_images/4062.jpg,14,Ficaria verna,Yes
plant_images/12808.jpg,14,Ficaria verna,Yes
plant_images/25213.jpg,7,Campsis radicans,No
plant_images/1666.jpg,0,Ailanthus altissima,Yes
plant_images/13284.jpg,9,Parthenocissus quinquefolia,No
plant_images/24668.jpg,4,Rubus phoenicolasius,Yes
plant_images/23495.jpg,2,Elaeagnus umbellata,Yes
plant_images/14718.jpg,4,Rubus phoenicolasius,Yes
plant_images/14020.jpg,6,Lonicera japonica,Yes
plant_images/21942.jpg,3,Asimina triloba,No
plant_images/3138.jpg,9,Parthenocissus quinquefolia,No
plant_images/19407.jpg,7,Campsis radicans,No
plant_images/46.jpg,8,Hedera helix,Yes
plant_images/13691.jpg,0,Ailanthus altissima,Yes
plant_images/9363.jpg,12,Alliaria petiolata,Yes
plant_images/11905.jpg,7,Campsis radicans,No
plant_images/15732.jpg,6,Lonicera japonica,Yes
plant_images/26797.jpg,7,Campsis radicans,No
plant_images/3760.jpg,10,Persicaria perfoliata,Yes
plant_images/24370.jpg,6,Lonicera japonica,Yes
plant_images/2113.jpg,15,Packera aurea,No
plant_images/21490.jpg,4,Rubus phoenicolasius,Yes
plant_images/11800.jpg,9,Parthenocissus quinquefolia,No
plant_images/25944.jpg,6,Lonicera japonica,Yes
plant_images/9.jpg,6,Lonicera japonica,Yes
plant_images/12667.jpg,12,Alliaria petiolata,Yes
plant_images/5323.jpg,0,Ailanthus altissima,Yes
plant_images/21576.jpg,3,Asimina triloba,No
plant_images/11625.jpg,2,Elaeagnus umbellata,Yes
plant_images/25840.jpg,2,Elaeagnus umbellata,Yes
plant_images/26289.jpg,4,Rubus phoenicolasius,Yes
plant_images/22774.jpg,2,Elaeagnus umbellata,Yes
plant_images/9166.jpg,12,Alliaria petiolata,Yes
plant_images/18456.jpg,2,Elaeagnus umbellata,Yes
plant_images/2572.jpg,10,Persicaria perfoliata,Yes
plant_images/4293.jpg,9,Parthenocissus quinquefolia,No
plant_images/22849.jpg,12,Alliaria petiolata,Yes
plant_images/18022.jpg,6,Lonicera japonica,Yes
plant_images/5933.jpg,9,Parthenocissus quinquefolia,No
plant_images/2129.jpg,14,Ficaria verna,Yes
plant_images/22368.jpg,10,Persicaria perfoliata,Yes
plant_images/11128.jpg,4,Rubus phoenicolasius,Yes
plant_images/15655.jpg,11,Persicaria sagittata,No
plant_images/3478.jpg,14,Ficaria verna,Yes
plant_images/18026.jpg,12,Alliaria petiolata,Yes
plant_images/24497.jpg,7,Campsis radicans,No
plant_images/19206.jpg,8,Hedera helix,Yes
plant_images/14237.jpg,8,Hedera helix,Yes
plant_images/38.jpg,14,Ficaria verna,Yes
plant_images/13076.jpg,12,Alliaria petiolata,Yes
plant_images/28089.jpg,15,Packera aurea,No
plant_images/6224.jpg,13,Geum canadense,No
plant_images/12132.jpg,0,Ailanthus altissima,Yes
plant_images/13435.jpg,4,Rubus phoenicolasius,Yes
plant_images/15697.jpg,8,Hedera helix,Yes
plant_images/28096.jpg,12,Alliaria petiolata,Yes
plant_images/19569.jpg,10,Persicaria perfoliata,Yes
plant_images/24634.jpg,2,Elaeagnus umbellata,Yes
plant_images/7018.jpg,12,Alliaria petiolata,Yes
plant_images/22105.jpg,6,Lonicera japonica,Yes
plant_images/16745.jpg,3,Asimina triloba,No
plant_images/25669.jpg,6,Lonicera japonica,Yes
plant_images/693.jpg,4,Rubus phoenicolasius,Yes
plant_images/348.jpg,6,Lonicera japonica,Yes
plant_images/10022.jpg,3,Asimina triloba,No
plant_images/23241.jpg,2,Elaeagnus umbellata,Yes
plant_images/5803.jpg,9,Parthenocissus quinquefolia,No
plant_images/24416.jpg,3,Asimina triloba,No
plant_images/21722.jpg,5,Rubus occidentalis,No
plant_images/22824.jpg,2,Elaeagnus umbellata,Yes
plant_images/24593.jpg,4,Rubus phoenicolasius,Yes
plant_images/11921.jpg,4,Rubus phoenicolasius,Yes
plant_images/7181.jpg,12,Alliaria petiolata,Yes
plant_images/13207.jpg,4,Rubus phoenicolasius,Yes
plant_images/8689.jpg,9,Parthenocissus quinquefolia,No
plant_images/2597.jpg,4,Rubus phoenicolasius,Yes
plant_images/22237.jpg,5,Rubus occidentalis,No
plant_images/27557.jpg,12,Alliaria petiolata,Yes
plant_images/3154.jpg,4,Rubus phoenicolasius,Yes
plant_images/7311.jpg,9,Parthenocissus quinquefolia,No
plant_images/19593.jpg,8,Hedera helix,Yes
plant_images/12192.jpg,9,Parthenocissus quinquefolia,No
plant_images/17439.jpg,11,Persicaria sagittata,No
plant_images/3946.jpg,1,Rhus copallinum,No
plant_images/16900.jpg,8,Hedera helix,Yes
plant_images/17669.jpg,4,Rubus phoenicolasius,Yes
plant_images/25745.jpg,8,Hedera helix,Yes
plant_images/21475.jpg,3,Asimina triloba,No
plant_images/14764.jpg,3,Asimina triloba,No
plant_images/7840.jpg,12,Alliaria petiolata,Yes
plant_images/23868.jpg,4,Rubus phoenicolasius,Yes
plant_images/27900.jpg,1,Rhus copallinum,No
plant_images/9049.jpg,14,Ficaria verna,Yes
plant_images/3308.jpg,7,Campsis radicans,No
plant_images/4429.jpg,0,Ailanthus altissima,Yes
plant_images/12600.jpg,13,Geum canadense,No
plant_images/3058.jpg,12,Alliaria petiolata,Yes
plant_images/8717.jpg,3,Asimina triloba,No
plant_images/157.jpg,8,Hedera helix,Yes
plant_images/19342.jpg,4,Rubus phoenicolasius,Yes
plant_images/14206.jpg,2,Elaeagnus umbellata,Yes
plant_images/1487.jpg,8,Hedera helix,Yes
plant_images/6063.jpg,4,Rubus phoenicolasius,Yes
plant_images/11419.jpg,9,Parthenocissus quinquefolia,No
plant_images/10455.jpg,12,Alliaria petiolata,Yes
plant_images/22116.jpg,12,Alliaria petiolata,Yes
plant_images/25180.jpg,3,Asimina triloba,No
plant_images/10222.jpg,13,Geum canadense,No
plant_images/18795.jpg,2,Elaeagnus umbellata,Yes
plant_images/6199.jpg,4,Rubus phoenicolasius,Yes
plant_images/18094.jpg,12,Alliaria petiolata,Yes
plant_images/11335.jpg,9,Parthenocissus quinquefolia,No
plant_images/6484.jpg,2,Elaeagnus umbellata,Yes
plant_images/13229.jpg,12,Alliaria petiolata,Yes
plant_images/14156.jpg,1,Rhus copallinum,No
plant_images/24625.jpg,2,Elaeagnus umbellata,Yes
plant_images/26807.jpg,4,Rubus phoenicolasius,Yes
plant_images/13566.jpg,12,Alliaria petiolata,Yes
plant_images/4115.jpg,10,Persicaria perfoliata,Yes
plant_images/16818.jpg,6,Lonicera japonica,Yes
plant_images/26736.jpg,0,Ailanthus altissima,Yes
plant_images/16594.jpg,9,Parthenocissus quinquefolia,No
plant_images/9475.jpg,9,Parthenocissus quinquefolia,No
plant_images/1882.jpg,4,Rubus phoenicolasius,Yes
plant_images/12787.jpg,12,Alliaria petiolata,Yes
plant_images/18762.jpg,8,Hedera helix,Yes
plant_images/13354.jpg,5,Rubus occidentalis,No
plant_images/27396.jpg,3,Asimina triloba,No
plant_images/22696.jpg,8,Hedera helix,Yes
plant_images/16001.jpg,8,Hedera helix,Yes
plant_images/4984.jpg,12,Alliaria petiolata,Yes
plant_images/22276.jpg,3,Asimina triloba,No
plant_images/1958.jpg,1,Rhus copallinum,No
plant_images/1464.jpg,3,Asimina triloba,No
plant_images/3962.jpg,9,Parthenocissus quinquefolia,No
plant_images/2385.jpg,6,Lonicera japonica,Yes
plant_images/6726.jpg,14,Ficaria verna,Yes
plant_images/8410.jpg,9,Parthenocissus quinquefolia,No
plant_images/16622.jpg,9,Parthenocissus quinquefolia,No
plant_images/16671.jpg,14,Ficaria verna,Yes
plant_images/19460.jpg,3,Asimina triloba,No
plant_images/23227.jpg,2,Elaeagnus umbellata,Yes
plant_images/26341.jpg,3,Asimina triloba,No
plant_images/15406.jpg,0,Ailanthus altissima,Yes
plant_images/7279.jpg,9,Parthenocissus quinquefolia,No
plant_images/19118.jpg,15,Packera aurea,No
plant_images/2854.jpg,13,Geum canadense,No
plant_images/4736.jpg,9,Parthenocissus quinquefolia,No
plant_images/11360.jpg,4,Rubus phoenicolasius,Yes
plant_images/17995.jpg,14,Ficaria verna,Yes
plant_images/1169.jpg,10,Persicaria perfoliata,Yes
plant_images/22039.jpg,4,Rubus phoenicolasius,Yes
plant_images/3252.jpg,4,Rubus phoenicolasius,Yes
plant_images/14402.jpg,6,Lonicera japonica,Yes
plant_images/13599.jpg,9,Parthenocissus quinquefolia,No
plant_images/21742.jpg,6,Lonicera japonica,Yes
plant_images/24503.jpg,1,Rhus copallinum,No
plant_images/22993.jpg,3,Asimina triloba,No
plant_images/16540.jpg,3,Asimina triloba,No
plant_images/8774.jpg,8,Hedera helix,Yes
plant_images/24436.jpg,9,Parthenocissus quinquefolia,No
plant_images/9026.jpg,4,Rubus phoenicolasius,Yes
plant_images/16227.jpg,2,Elaeagnus umbellata,Yes
plant_images/19225.jpg,12,Alliaria petiolata,Yes
plant_images/24903.jpg,2,Elaeagnus umbellata,Yes
plant_images/10129.jpg,9,Parthenocissus quinquefolia,No
plant_images/26047.jpg,2,Elaeagnus umbellata,Yes
plant_images/18484.jpg,9,Parthenocissus quinquefolia,No
plant_images/14660.jpg,14,Ficaria verna,Yes
plant_images/4932.jpg,12,Alliaria petiolata,Yes
plant_images/1342.jpg,12,Alliaria petiolata,Yes
plant_images/6828.jpg,6,Lonicera japonica,Yes
plant_images/100.jpg,12,Alliaria petiolata,Yes
plant_images/26271.jpg,1,Rhus copallinum,No
plant_images/4550.jpg,0,Ailanthus altissima,Yes
plant_images/17676.jpg,6,Lonicera japonica,Yes
plant_images/10391.jpg,4,Rubus phoenicolasius,Yes
plant_images/15046.jpg,12,Alliaria petiolata,Yes
plant_images/7367.jpg,12,Alliaria petiolata,Yes
plant_images/28198.jpg,10,Persicaria perfoliata,Yes
plant_images/19323.jpg,6,Lonicera japonica,Yes
plant_images/21529.jpg,14,Ficaria verna,Yes
plant_images/20658.jpg,12,Alliaria petiolata,Yes
plant_images/4865.jpg,9,Parthenocissus quinquefolia,No
plant_images/4571.jpg,9,Parthenocissus quinquefolia,No
plant_images/21370.jpg,6,Lonicera japonica,Yes
plant_images/24617.jpg,2,Elaeagnus umbellata,Yes
plant_images/16239.jpg,6,Lonicera japonica,Yes
plant_images/22535.jpg,0,Ailanthus altissima,Yes
plant_images/21419.jpg,4,Rubus phoenicolasius,Yes
plant_images/22913.jpg,12,Alliaria petiolata,Yes
plant_images/13539.jpg,7,Campsis radicans,No
plant_images/13662.jpg,9,Parthenocissus quinquefolia,No
plant_images/1052.jpg,4,Rubus phoenicolasius,Yes
plant_images/7464.jpg,13,Geum canadense,No
plant_images/7287.jpg,8,Hedera helix,Yes
plant_images/21090.jpg,4,Rubus phoenicolasius,Yes
plant_images/26387.jpg,4,Rubus phoenicolasius,Yes
plant_images/23512.jpg,3,Asimina triloba,No
plant_images/9682.jpg,3,Asimina triloba,No
plant_images/8158.jpg,7,Campsis radicans,No
plant_images/17843.jpg,8,Hedera helix,Yes
plant_images/14654.jpg,12,Alliaria petiolata,Yes
plant_images/6229.jpg,10,Persicaria perfoliata,Yes
plant_images/20141.jpg,4,Rubus phoenicolasius,Yes
plant_images/20498.jpg,4,Rubus phoenicolasius,Yes
plant_images/9379.jpg,12,Alliaria petiolata,Yes
plant_images/16911.jpg,4,Rubus phoenicolasius,Yes
plant_images/10720.jpg,6,Lonicera japonica,Yes
plant_images/297.jpg,15,Packera aurea,No
plant_images/23303.jpg,4,Rubus phoenicolasius,Yes
plant_images/23594.jpg,4,Rubus phoenicolasius,Yes
plant_images/22946.jpg,3,Asimina triloba,No
plant_images/18964.jpg,2,Elaeagnus umbellata,Yes
plant_images/1297.jpg,3,Asimina triloba,No
plant_images/12093.jpg,0,Ailanthus altissima,Yes
plant_images/1523.jpg,13,Geum canadense,No
plant_images/6918.jpg,14,Ficaria verna,Yes
plant_images/17985.jpg,14,Ficaria verna,Yes
plant_images/18688.jpg,6,Lonicera japonica,Yes
plant_images/2386.jpg,14,Ficaria verna,Yes
plant_images/12186.jpg,0,Ailanthus altissima,Yes
plant_images/10000.jpg,3,Asimina triloba,No
plant_images/10747.jpg,0,Ailanthus altissima,Yes
plant_images/20372.jpg,0,Ailanthus altissima,Yes
plant_images/23399.jpg,1,Rhus copallinum,No
plant_images/7584.jpg,3,Asimina triloba,No
plant_images/10524.jpg,11,Persicaria sagittata,No
plant_images/708.jpg,8,Hedera helix,Yes
plant_images/15168.jpg,6,Lonicera japonica,Yes
plant_images/15995.jpg,14,Ficaria verna,Yes
plant_images/4794.jpg,9,Parthenocissus quinquefolia,No
plant_images/6268.jpg,4,Rubus phoenicolasius,Yes
plant_images/11996.jpg,1,Rhus copallinum,No
plant_images/14098.jpg,0,Ailanthus altissima,Yes
plant_images/24166.jpg,9,Parthenocissus quinquefolia,No
plant_images/5807.jpg,12,Alliaria petiolata,Yes
plant_images/20979.jpg,14,Ficaria verna,Yes
plant_images/859.jpg,12,Alliaria petiolata,Yes
plant_images/24204.jpg,3,Asimina triloba,No
plant_images/23670.jpg,14,Ficaria verna,Yes
plant_images/1455.jpg,6,Lonicera japonica,Yes
plant_images/13075.jpg,4,Rubus phoenicolasius,Yes
plant_images/7365.jpg,12,Alliaria petiolata,Yes
plant_images/28012.jpg,14,Ficaria verna,Yes
plant_images/23696.jpg,6,Lonicera japonica,Yes
plant_images/10806.jpg,4,Rubus phoenicolasius,Yes
plant_images/24011.jpg,3,Asimina triloba,No
plant_images/24744.jpg,12,Alliaria petiolata,Yes
plant_images/12432.jpg,3,Asimina triloba,No
plant_images/4261.jpg,10,Persicaria perfoliata,Yes
plant_images/9638.jpg,12,Alliaria petiolata,Yes
plant_images/8261.jpg,2,Elaeagnus umbellata,Yes
plant_images/27268.jpg,7,Campsis radicans,No
plant_images/13136.jpg,1,Rhus copallinum,No
plant_images/4762.jpg,10,Persicaria perfoliata,Yes
plant_images/22716.jpg,4,Rubus phoenicolasius,Yes
plant_images/15432.jpg,4,Rubus phoenicolasius,Yes
plant_images/10341.jpg,12,Alliaria petiolata,Yes
plant_images/18349.jpg,12,Alliaria petiolata,Yes
plant_images/13420.jpg,9,Parthenocissus quinquefolia,No
plant_images/25881.jpg,1,Rhus copallinum,No
plant_images/12208.jpg,0,Ailanthus altissima,Yes
plant_images/24203.jpg,3,Asimina triloba,No
plant_images/26694.jpg,9,Parthenocissus quinquefolia,No
plant_images/10342.jpg,8,Hedera helix,Yes
plant_images/12461.jpg,11,Persicaria sagittata,No
plant_images/13013.jpg,3,Asimina triloba,No
plant_images/4831.jpg,7,Campsis radicans,No
plant_images/15117.jpg,4,Rubus phoenicolasius,Yes
plant_images/8630.jpg,11,Persicaria sagittata,No
plant_images/11372.jpg,12,Alliaria petiolata,Yes
plant_images/22955.jpg,13,Geum canadense,No
plant_images/1639.jpg,7,Campsis radicans,No
plant_images/10373.jpg,7,Campsis radicans,No
plant_images/25205.jpg,0,Ailanthus altissima,Yes
plant_images/7733.jpg,3,Asimina triloba,No
plant_images/19907.jpg,3,Asimina triloba,No
plant_images/11928.jpg,0,Ailanthus altissima,Yes
plant_images/12806.jpg,14,Ficaria verna,Yes
plant_images/16157.jpg,9,Parthenocissus quinquefolia,No
plant_images/25674.jpg,10,Persicaria perfoliata,Yes
plant_images/5267.jpg,7,Campsis radicans,No
plant_images/11373.jpg,14,Ficaria verna,Yes
plant_images/27750.jpg,3,Asimina triloba,No
plant_images/283.jpg,8,Hedera helix,Yes
plant_images/19122.jpg,3,Asimina triloba,No
plant_images/22656.jpg,0,Ailanthus altissima,Yes
plant_images/19087.jpg,0,Ailanthus altissima,Yes
plant_images/25861.jpg,1,Rhus copallinum,No
plant_images/1045.jpg,10,Persicaria perfoliata,Yes
plant_images/24405.jpg,4,Rubus phoenicolasius,Yes
plant_images/19168.jpg,4,Rubus phoenicolasius,Yes
plant_images/302.jpg,13,Geum canadense,No
plant_images/2547.jpg,9,Parthenocissus quinquefolia,No
plant_images/20222.jpg,3,Asimina triloba,No
plant_images/27675.jpg,2,Elaeagnus umbellata,Yes
plant_images/11524.jpg,12,Alliaria petiolata,Yes
plant_images/12803.jpg,14,Ficaria verna,Yes
plant_images/12476.jpg,8,Hedera helix,Yes
plant_images/2200.jpg,9,Parthenocissus quinquefolia,No
plant_images/17360.jpg,1,Rhus copallinum,No
plant_images/18412.jpg,4,Rubus phoenicolasius,Yes
plant_images/12870.jpg,13,Geum canadense,No
plant_images/6529.jpg,10,Persicaria perfoliata,Yes
plant_images/20007.jpg,4,Rubus phoenicolasius,Yes
plant_images/12593.jpg,14,Ficaria verna,Yes
plant_images/6561.jpg,6,Lonicera japonica,Yes
plant_images/14960.jpg,4,Rubus phoenicolasius,Yes
plant_images/1527.jpg,14,Ficaria verna,Yes
plant_images/24583.jpg,7,Campsis radicans,No
plant_images/5891.jpg,5,Rubus occidentalis,No
plant_images/19360.jpg,6,Lonicera japonica,Yes
plant_images/9989.jpg,12,Alliaria petiolata,Yes
plant_images/13106.jpg,3,Asimina triloba,No
plant_images/17786.jpg,4,Rubus phoenicolasius,Yes
plant_images/21315.jpg,10,Persicaria perfoliata,Yes
plant_images/6662.jpg,12,Alliaria petiolata,Yes
plant_images/17541.jpg,3,Asimina triloba,No
plant_images/20421.jpg,10,Persicaria perfoliata,Yes
plant_images/7138.jpg,9,Parthenocissus quinquefolia,No
plant_images/3146.jpg,12,Alliaria petiolata,Yes
plant_images/11778.jpg,10,Persicaria perfoliata,Yes
plant_images/22043.jpg,9,Parthenocissus quinquefolia,No
plant_images/9855.jpg,8,Hedera helix,Yes
plant_images/9464.jpg,2,Elaeagnus umbellata,Yes
plant_images/21647.jpg,9,Parthenocissus quinquefolia,No
plant_images/15869.jpg,14,Ficaria verna,Yes
plant_images/7343.jpg,9,Parthenocissus quinquefolia,No
plant_images/11463.jpg,12,Alliaria petiolata,Yes
plant_images/3587.jpg,13,Geum canadense,No
plant_images/23462.jpg,3,Asimina triloba,No
plant_images/15661.jpg,10,Persicaria perfoliata,Yes
plant_images/22080.jpg,9,Parthenocissus quinquefolia,No
plant_images/23514.jpg,2,Elaeagnus umbellata,Yes
plant_images/2621.jpg,2,Elaeagnus umbellata,Yes
plant_images/23810.jpg,3,Asimina triloba,No
plant_images/19867.jpg,0,Ailanthus altissima,Yes
plant_images/25333.jpg,10,Persicaria perfoliata,Yes
plant_images/17660.jpg,6,Lonicera japonica,Yes
plant_images/19889.jpg,11,Persicaria sagittata,No
plant_images/122.jpg,3,Asimina triloba,No
plant_images/2544.jpg,6,Lonicera japonica,Yes
plant_images/16616.jpg,12,Alliaria petiolata,Yes
plant_images/3569.jpg,9,Parthenocissus quinquefolia,No
plant_images/11750.jpg,3,Asimina triloba,No
plant_images/8130.jpg,7,Campsis radicans,No
plant_images/8262.jpg,13,Geum canadense,No
plant_images/204.jpg,9,Parthenocissus quinquefolia,No
plant_images/4860.jpg,9,Parthenocissus quinquefolia,No
plant_images/6986.jpg,2,Elaeagnus umbellata,Yes
plant_images/24643.jpg,8,Hedera helix,Yes
plant_images/25294.jpg,6,Lonicera japonica,Yes
plant_images/9892.jpg,4,Rubus phoenicolasius,Yes
plant_images/7803.jpg,12,Alliaria petiolata,Yes
plant_images/13454.jpg,9,Parthenocissus quinquefolia,No
plant_images/5391.jpg,3,Asimina triloba,No
plant_images/27028.jpg,3,Asimina triloba,No
plant_images/17515.jpg,3,Asimina triloba,No
plant_images/3575.jpg,9,Parthenocissus quinquefolia,No
plant_images/17005.jpg,8,Hedera helix,Yes
plant_images/6784.jpg,14,Ficaria verna,Yes
plant_images/1149.jpg,6,Lonicera japonica,Yes
plant_images/16019.jpg,14,Ficaria verna,Yes
plant_images/19256.jpg,7,Campsis radicans,No
plant_images/1646.jpg,15,Packera aurea,No
plant_images/11339.jpg,2,Elaeagnus umbellata,Yes
plant_images/21097.jpg,9,Parthenocissus quinquefolia,No
plant_images/12864.jpg,15,Packera aurea,No
plant_images/8704.jpg,3,Asimina triloba,No
plant_images/9306.jpg,14,Ficaria verna,Yes
plant_images/13586.jpg,9,Parthenocissus quinquefolia,No
plant_images/22903.jpg,8,Hedera helix,Yes
plant_images/16922.jpg,4,Rubus phoenicolasius,Yes
plant_images/26352.jpg,1,Rhus copallinum,No
plant_images/27254.jpg,3,Asimina triloba,No
plant_images/21890.jpg,9,Parthenocissus quinquefolia,No
plant_images/23005.jpg,4,Rubus phoenicolasius,Yes
plant_images/10949.jpg,12,Alliaria petiolata,Yes
plant_images/13004.jpg,14,Ficaria verna,Yes
plant_images/12963.jpg,12,Alliaria petiolata,Yes
plant_images/5525.jpg,3,Asimina triloba,No
plant_images/20275.jpg,6,Lonicera japonica,Yes
plant_images/16791.jpg,4,Rubus phoenicolasius,Yes
plant_images/19477.jpg,7,Campsis radicans,No
plant_images/15425.jpg,3,Asimina triloba,No
plant_images/27408.jpg,15,Packera aurea,No
plant_images/27938.jpg,9,Parthenocissus quinquefolia,No
plant_images/24737.jpg,12,Alliaria petiolata,Yes
plant_images/6336.jpg,3,Asimina triloba,No
plant_images/6259.jpg,0,Ailanthus altissima,Yes
plant_images/19246.jpg,4,Rubus phoenicolasius,Yes
plant_images/7225.jpg,14,Ficaria verna,Yes
plant_images/12708.jpg,14,Ficaria verna,Yes
plant_images/14799.jpg,9,Parthenocissus quinquefolia,No
plant_images/18877.jpg,7,Campsis radicans,No
plant_images/16332.jpg,15,Packera aurea,No
plant_images/8497.jpg,10,Persicaria perfoliata,Yes
plant_images/9225.jpg,14,Ficaria verna,Yes
plant_images/7783.jpg,1,Rhus copallinum,No
plant_images/2322.jpg,3,Asimina triloba,No
plant_images/5689.jpg,9,Parthenocissus quinquefolia,No
plant_images/12720.jpg,14,Ficaria verna,Yes
plant_images/20744.jpg,4,Rubus phoenicolasius,Yes
plant_images/1376.jpg,0,Ailanthus altissima,Yes
plant_images/22433.jpg,6,Lonicera japonica,Yes
plant_images/25601.jpg,6,Lonicera japonica,Yes
plant_images/3828.jpg,4,Rubus phoenicolasius,Yes
plant_images/20443.jpg,9,Parthenocissus quinquefolia,No
plant_images/25569.jpg,12,Alliaria petiolata,Yes
plant_images/25226.jpg,3,Asimina triloba,No
plant_images/8206.jpg,10,Persicaria perfoliata,Yes
plant_images/16873.jpg,2,Elaeagnus umbellata,Yes
plant_images/1612.jpg,12,Alliaria petiolata,Yes
plant_images/1145.jpg,9,Parthenocissus quinquefolia,No
plant_images/9570.jpg,2,Elaeagnus umbellata,Yes
plant_images/5148.jpg,0,Ailanthus altissima,Yes
plant_images/9864.jpg,12,Alliaria petiolata,Yes
plant_images/27834.jpg,3,Asimina triloba,No
plant_images/10111.jpg,6,Lonicera japonica,Yes
plant_images/13195.jpg,12,Alliaria petiolata,Yes
plant_images/27382.jpg,0,Ailanthus altissima,Yes
plant_images/8990.jpg,14,Ficaria verna,Yes
plant_images/10074.jpg,9,Parthenocissus quinquefolia,No
plant_images/8698.jpg,8,Hedera helix,Yes
plant_images/20755.jpg,3,Asimina triloba,No
plant_images/1514.jpg,14,Ficaria verna,Yes
plant_images/13414.jpg,0,Ailanthus altissima,Yes
plant_images/6095.jpg,2,Elaeagnus umbellata,Yes
plant_images/22338.jpg,8,Hedera helix,Yes
plant_images/27837.jpg,2,Elaeagnus umbellata,Yes
plant_images/25549.jpg,10,Persicaria perfoliata,Yes
plant_images/8304.jpg,0,Ailanthus altissima,Yes
plant_images/16687.jpg,7,Campsis radicans,No
plant_images/17569.jpg,11,Persicaria sagittata,No
plant_images/4662.jpg,0,Ailanthus altissima,Yes
plant_images/2138.jpg,14,Ficaria verna,Yes
plant_images/14275.jpg,9,Parthenocissus quinquefolia,No
plant_images/9865.jpg,8,Hedera helix,Yes
plant_images/2737.jpg,4,Rubus phoenicolasius,Yes
plant_images/24972.jpg,12,Alliaria petiolata,Yes
plant_images/18678.jpg,12,Alliaria petiolata,Yes
plant_images/10293.jpg,3,Asimina triloba,No
plant_images/15900.jpg,8,Hedera helix,Yes
plant_images/3479.jpg,14,Ficaria verna,Yes
plant_images/25512.jpg,9,Parthenocissus quinquefolia,No
plant_images/19716.jpg,13,Geum canadense,No
plant_images/5699.jpg,12,Alliaria petiolata,Yes
plant_images/263.jpg,4,Rubus phoenicolasius,Yes
plant_images/3527.jpg,15,Packera aurea,No
plant_images/12784.jpg,14,Ficaria verna,Yes
plant_images/4137.jpg,8,Hedera helix,Yes
plant_images/1429.jpg,9,Parthenocissus quinquefolia,No
plant_images/59.jpg,9,Parthenocissus quinquefolia,No
plant_images/15690.jpg,7,Campsis radicans,No
plant_images/10117.jpg,8,Hedera helix,Yes
plant_images/21830.jpg,4,Rubus phoenicolasius,Yes
plant_images/15079.jpg,2,Elaeagnus umbellata,Yes
plant_images/7466.jpg,9,Parthenocissus quinquefolia,No
plant_images/12997.jpg,2,Elaeagnus umbellata,Yes
plant_images/11243.jpg,12,Alliaria petiolata,Yes
plant_images/11560.jpg,12,Alliaria petiolata,Yes
plant_images/6338.jpg,3,Asimina triloba,No
plant_images/25093.jpg,0,Ailanthus altissima,Yes
plant_images/24470.jpg,0,Ailanthus altissima,Yes
plant_images/10709.jpg,3,Asimina triloba,No
plant_images/26619.jpg,6,Lonicera japonica,Yes
plant_images/11076.jpg,14,Ficaria verna,Yes
plant_images/14952.jpg,3,Asimina triloba,No
plant_images/19879.jpg,7,Campsis radicans,No
plant_images/27292.jpg,0,Ailanthus altissima,Yes
plant_images/14741.jpg,2,Elaeagnus umbellata,Yes
plant_images/2153.jpg,6,Lonicera japonica,Yes
plant_images/19006.jpg,7,Campsis radicans,No
plant_images/21551.jpg,12,Alliaria petiolata,Yes
plant_images/22973.jpg,4,Rubus phoenicolasius,Yes
plant_images/25532.jpg,12,Alliaria petiolata,Yes
plant_images/3506.jpg,14,Ficaria verna,Yes
plant_images/16455.jpg,9,Parthenocissus quinquefolia,No
plant_images/22264.jpg,3,Asimina triloba,No
plant_images/24767.jpg,12,Alliaria petiolata,Yes
plant_images/3094.jpg,4,Rubus phoenicolasius,Yes
plant_images/7722.jpg,12,Alliaria petiolata,Yes
plant_images/11791.jpg,4,Rubus phoenicolasius,Yes
plant_images/26397.jpg,6,Lonicera japonica,Yes
plant_images/12671.jpg,14,Ficaria verna,Yes
plant_images/6499.jpg,3,Asimina triloba,No
plant_images/18059.jpg,14,Ficaria verna,Yes
plant_images/16936.jpg,0,Ailanthus altissima,Yes
plant_images/20604.jpg,12,Alliaria petiolata,Yes
plant_images/25430.jpg,2,Elaeagnus umbellata,Yes
plant_images/10473.jpg,6,Lonicera japonica,Yes
plant_images/25729.jpg,4,Rubus phoenicolasius,Yes
plant_images/3845.jpg,0,Ailanthus altissima,Yes
plant_images/20086.jpg,4,Rubus phoenicolasius,Yes
plant_images/23456.jpg,2,Elaeagnus umbellata,Yes
plant_images/3844.jpg,4,Rubus phoenicolasius,Yes
plant_images/12780.jpg,12,Alliaria petiolata,Yes
plant_images/20307.jpg,13,Geum canadense,No
plant_images/17566.jpg,0,Ailanthus altissima,Yes
plant_images/2238.jpg,12,Alliaria petiolata,Yes
plant_images/26765.jpg,6,Lonicera japonica,Yes
plant_images/2292.jpg,12,Alliaria petiolata,Yes
plant_images/12786.jpg,14,Ficaria verna,Yes
plant_images/27988.jpg,6,Lonicera japonica,Yes
plant_images/6740.jpg,14,Ficaria verna,Yes
plant_images/22139.jpg,3,Asimina triloba,No
plant_images/22840.jpg,6,Lonicera japonica,Yes
plant_images/2321.jpg,10,Persicaria perfoliata,Yes
plant_images/3406.jpg,12,Alliaria petiolata,Yes
plant_images/7385.jpg,12,Alliaria petiolata,Yes
plant_images/18635.jpg,9,Parthenocissus quinquefolia,No
plant_images/13215.jpg,14,Ficaria verna,Yes
plant_images/4322.jpg,10,Persicaria perfoliata,Yes
plant_images/2898.jpg,8,Hedera helix,Yes
plant_images/20227.jpg,12,Alliaria petiolata,Yes
plant_images/20684.jpg,9,Parthenocissus quinquefolia,No
plant_images/9149.jpg,12,Alliaria petiolata,Yes
plant_images/1793.jpg,4,Rubus phoenicolasius,Yes
plant_images/9074.jpg,12,Alliaria petiolata,Yes
plant_images/8832.jpg,12,Alliaria petiolata,Yes
plant_images/21172.jpg,6,Lonicera japonica,Yes
plant_images/12846.jpg,14,Ficaria verna,Yes
plant_images/1629.jpg,14,Ficaria verna,Yes
plant_images/14476.jpg,4,Rubus phoenicolasius,Yes
plant_images/4721.jpg,14,Ficaria verna,Yes
plant_images/23025.jpg,3,Asimina triloba,No
plant_images/1774.jpg,8,Hedera helix,Yes
plant_images/11873.jpg,7,Campsis radicans,No
plant_images/9462.jpg,14,Ficaria verna,Yes
plant_images/9438.jpg,15,Packera aurea,No
plant_images/27849.jpg,0,Ailanthus altissima,Yes
plant_images/17390.jpg,10,Persicaria perfoliata,Yes
plant_images/25611.jpg,11,Persicaria sagittata,No
plant_images/21241.jpg,4,Rubus phoenicolasius,Yes
plant_images/270.jpg,9,Parthenocissus quinquefolia,No
plant_images/12515.jpg,8,Hedera helix,Yes
plant_images/12777.jpg,14,Ficaria verna,Yes
plant_images/11377.jpg,2,Elaeagnus umbellata,Yes
plant_images/28277.jpg,7,Campsis radicans,No
plant_images/20699.jpg,3,Asimina triloba,No
plant_images/11821.jpg,7,Campsis radicans,No
plant_images/23719.jpg,2,Elaeagnus umbellata,Yes
plant_images/5833.jpg,9,Parthenocissus quinquefolia,No
plant_images/25221.jpg,6,Lonicera japonica,Yes
plant_images/8263.jpg,9,Parthenocissus quinquefolia,No
plant_images/2637.jpg,0,Ailanthus altissima,Yes
plant_images/12082.jpg,0,Ailanthus altissima,Yes
plant_images/19663.jpg,7,Campsis radicans,No
plant_images/7161.jpg,8,Hedera helix,Yes
plant_images/19660.jpg,10,Persicaria perfoliata,Yes
plant_images/23653.jpg,3,Asimina triloba,No
plant_images/23638.jpg,14,Ficaria verna,Yes
plant_images/16825.jpg,6,Lonicera japonica,Yes
plant_images/11046.jpg,14,Ficaria verna,Yes
plant_images/25728.jpg,1,Rhus copallinum,No
plant_images/22000.jpg,14,Ficaria verna,Yes
plant_images/26857.jpg,0,Ailanthus altissima,Yes
plant_images/22637.jpg,4,Rubus phoenicolasius,Yes
plant_images/9459.jpg,12,Alliaria petiolata,Yes
plant_images/12235.jpg,3,Asimina triloba,No
plant_images/6738.jpg,12,Alliaria petiolata,Yes
plant_images/21469.jpg,6,Lonicera japonica,Yes
plant_images/8290.jpg,8,Hedera helix,Yes
plant_images/20035.jpg,4,Rubus phoenicolasius,Yes
plant_images/24565.jpg,6,Lonicera japonica,Yes
plant_images/3417.jpg,6,Lonicera japonica,Yes
plant_images/24388.jpg,12,Alliaria petiolata,Yes
plant_images/2644.jpg,9,Parthenocissus quinquefolia,No
plant_images/16664.jpg,3,Asimina triloba,No
plant_images/4360.jpg,4,Rubus phoenicolasius,Yes
plant_images/14364.jpg,2,Elaeagnus umbellata,Yes
plant_images/11217.jpg,3,Asimina triloba,No
plant_images/9273.jpg,12,Alliaria petiolata,Yes
plant_images/4813.jpg,0,Ailanthus altissima,Yes
plant_images/2870.jpg,14,Ficaria verna,Yes
plant_images/11166.jpg,12,Alliaria petiolata,Yes
plant_images/21947.jpg,7,Campsis radicans,No
plant_images/1931.jpg,4,Rubus phoenicolasius,Yes
plant_images/13600.jpg,6,Lonicera japonica,Yes
plant_images/17820.jpg,13,Geum canadense,No
plant_images/18423.jpg,12,Alliaria petiolata,Yes
plant_images/6772.jpg,12,Alliaria petiolata,Yes
plant_images/15776.jpg,8,Hedera helix,Yes
plant_images/21161.jpg,0,Ailanthus altissima,Yes
plant_images/21393.jpg,4,Rubus phoenicolasius,Yes
plant_images/11191.jpg,14,Ficaria verna,Yes
plant_images/11125.jpg,8,Hedera helix,Yes
plant_images/24781.jpg,12,Alliaria petiolata,Yes
plant_images/1285.jpg,9,Parthenocissus quinquefolia,No
plant_images/10610.jpg,4,Rubus phoenicolasius,Yes
plant_images/23655.jpg,12,Alliaria petiolata,Yes
plant_images/18594.jpg,9,Parthenocissus quinquefolia,No
plant_images/21863.jpg,10,Persicaria perfoliata,Yes
plant_images/8753.jpg,3,Asimina triloba,No
plant_images/2977.jpg,4,Rubus phoenicolasius,Yes
plant_images/10327.jpg,13,Geum canadense,No
plant_images/25988.jpg,7,Campsis radicans,No
plant_images/5967.jpg,9,Parthenocissus quinquefolia,No
plant_images/26290.jpg,9,Parthenocissus quinquefolia,No
plant_images/1408.jpg,6,Lonicera japonica,Yes
plant_images/23748.jpg,15,Packera aurea,No
plant_images/17035.jpg,2,Elaeagnus umbellata,Yes
plant_images/22648.jpg,0,Ailanthus altissima,Yes
plant_images/10608.jpg,6,Lonicera japonica,Yes
plant_images/15815.jpg,4,Rubus phoenicolasius,Yes
plant_images/1753.jpg,0,Ailanthus altissima,Yes
plant_images/9636.jpg,9,Parthenocissus quinquefolia,No
plant_images/1214.jpg,6,Lonicera japonica,Yes
plant_images/19896.jpg,6,Lonicera japonica,Yes
plant_images/25513.jpg,12,Alliaria petiolata,Yes
plant_images/590.jpg,12,Alliaria petiolata,Yes
plant_images/3735.jpg,12,Alliaria petiolata,Yes
plant_images/7392.jpg,6,Lonicera japonica,Yes
plant_images/27071.jpg,9,Parthenocissus quinquefolia,No
plant_images/6775.jpg,8,Hedera helix,Yes
plant_images/20164.jpg,13,Geum canadense,No
plant_images/6983.jpg,8,Hedera helix,Yes
plant_images/19209.jpg,0,Ailanthus altissima,Yes
plant_images/4605.jpg,0,Ailanthus altissima,Yes
plant_images/21712.jpg,12,Alliaria petiolata,Yes
plant_images/26582.jpg,15,Packera aurea,No
plant_images/14818.jpg,15,Packera aurea,No
plant_images/18844.jpg,6,Lonicera japonica,Yes
plant_images/995.jpg,12,Alliaria petiolata,Yes
plant_images/22074.jpg,2,Elaeagnus umbellata,Yes
plant_images/9350.jpg,15,Packera aurea,No
plant_images/24274.jpg,3,Asimina triloba,No
plant_images/2325.jpg,8,Hedera helix,Yes
plant_images/12898.jpg,3,Asimina triloba,No
plant_images/3881.jpg,7,Campsis radicans,No
plant_images/5779.jpg,12,Alliaria petiolata,Yes
plant_images/11703.jpg,2,Elaeagnus umbellata,Yes
plant_images/20014.jpg,12,Alliaria petiolata,Yes
plant_images/18372.jpg,12,Alliaria petiolata,Yes
plant_images/19986.jpg,12,Alliaria petiolata,Yes
plant_images/18489.jpg,9,Parthenocissus quinquefolia,No
plant_images/23523.jpg,2,Elaeagnus umbellata,Yes
plant_images/22807.jpg,4,Rubus phoenicolasius,Yes
plant_images/10700.jpg,4,Rubus phoenicolasius,Yes
plant_images/3797.jpg,0,Ailanthus altissima,Yes
plant_images/6406.jpg,9,Parthenocissus quinquefolia,No
plant_images/7233.jpg,9,Parthenocissus quinquefolia,No
plant_images/25446.jpg,9,Parthenocissus quinquefolia,No
plant_images/21165.jpg,3,Asimina triloba,No
plant_images/10084.jpg,9,Parthenocissus quinquefolia,No
plant_images/27495.jpg,9,Parthenocissus quinquefolia,No
plant_images/25454.jpg,2,Elaeagnus umbellata,Yes
plant_images/24348.jpg,2,Elaeagnus umbellata,Yes
plant_images/8865.jpg,13,Geum canadense,No
plant_images/23109.jpg,6,Lonicera japonica,Yes
plant_images/22167.jpg,4,Rubus phoenicolasius,Yes
plant_images/15246.jpg,7,Campsis radicans,No
plant_images/17854.jpg,4,Rubus phoenicolasius,Yes
plant_images/12986.jpg,3,Asimina triloba,No
plant_images/3410.jpg,8,Hedera helix,Yes
plant_images/27499.jpg,2,Elaeagnus umbellata,Yes
plant_images/3374.jpg,6,Lonicera japonica,Yes
plant_images/16329.jpg,12,Alliaria petiolata,Yes
plant_images/8756.jpg,7,Campsis radicans,No
plant_images/27596.jpg,9,Parthenocissus quinquefolia,No
plant_images/12458.jpg,6,Lonicera japonica,Yes
plant_images/10443.jpg,10,Persicaria perfoliata,Yes
plant_images/27311.jpg,7,Campsis radicans,No
plant_images/21860.jpg,7,Campsis radicans,No
plant_images/3643.jpg,9,Parthenocissus quinquefolia,No
plant_images/4092.jpg,12,Alliaria petiolata,Yes
plant_images/14443.jpg,14,Ficaria verna,Yes
plant_images/5585.jpg,14,Ficaria verna,Yes
plant_images/6631.jpg,14,Ficaria verna,Yes
plant_images/8551.jpg,6,Lonicera japonica,Yes
plant_images/10092.jpg,6,Lonicera japonica,Yes
plant_images/26997.jpg,12,Alliaria petiolata,Yes
plant_images/8437.jpg,3,Asimina triloba,No
plant_images/19320.jpg,11,Persicaria sagittata,No
plant_images/13302.jpg,4,Rubus phoenicolasius,Yes
plant_images/17127.jpg,3,Asimina triloba,No
plant_images/14348.jpg,10,Persicaria perfoliata,Yes
plant_images/8149.jpg,4,Rubus phoenicolasius,Yes
plant_images/27132.jpg,3,Asimina triloba,No
plant_images/23200.jpg,11,Persicaria sagittata,No
plant_images/27338.jpg,2,Elaeagnus umbellata,Yes
plant_images/11858.jpg,9,Parthenocissus quinquefolia,No
plant_images/10079.jpg,9,Parthenocissus quinquefolia,No
plant_images/26365.jpg,0,Ailanthus altissima,Yes
plant_images/6752.jpg,14,Ficaria verna,Yes
plant_images/1802.jpg,15,Packera aurea,No
plant_images/18482.jpg,12,Alliaria petiolata,Yes
plant_images/15010.jpg,14,Ficaria verna,Yes
plant_images/2598.jpg,15,Packera aurea,No
plant_images/4704.jpg,1,Rhus copallinum,No
plant_images/6486.jpg,1,Rhus copallinum,No
plant_images/19733.jpg,0,Ailanthus altissima,Yes
plant_images/15087.jpg,9,Parthenocissus quinquefolia,No
plant_images/26726.jpg,9,Parthenocissus quinquefolia,No
plant_images/18068.jpg,12,Alliaria petiolata,Yes
plant_images/25625.jpg,2,Elaeagnus umbellata,Yes
plant_images/1670.jpg,14,Ficaria verna,Yes
plant_images/11717.jpg,2,Elaeagnus umbellata,Yes
plant_images/26464.jpg,0,Ailanthus altissima,Yes
plant_images/2786.jpg,3,Asimina triloba,No
plant_images/15783.jpg,8,Hedera helix,Yes
plant_images/10345.jpg,2,Elaeagnus umbellata,Yes
plant_images/15967.jpg,8,Hedera helix,Yes
plant_images/20060.jpg,2,Elaeagnus umbellata,Yes
plant_images/1969.jpg,8,Hedera helix,Yes
plant_images/9337.jpg,14,Ficaria verna,Yes
plant_images/4752.jpg,12,Alliaria petiolata,Yes
plant_images/11328.jpg,1,Rhus copallinum,No
plant_images/7901.jpg,1,Rhus copallinum,No
plant_images/5032.jpg,12,Alliaria petiolata,Yes
plant_images/8018.jpg,2,Elaeagnus umbellata,Yes
plant_images/6712.jpg,4,Rubus phoenicolasius,Yes
plant_images/428.jpg,10,Persicaria perfoliata,Yes
plant_images/18993.jpg,8,Hedera helix,Yes
plant_images/3701.jpg,5,Rubus occidentalis,No
plant_images/792.jpg,4,Rubus phoenicolasius,Yes
plant_images/20166.jpg,9,Parthenocissus quinquefolia,No
plant_images/16757.jpg,10,Persicaria perfoliata,Yes
plant_images/9663.jpg,4,Rubus phoenicolasius,Yes
plant_images/13140.jpg,9,Parthenocissus quinquefolia,No
plant_images/24206.jpg,2,Elaeagnus umbellata,Yes
plant_images/27754.jpg,12,Alliaria petiolata,Yes
plant_images/26029.jpg,14,Ficaria verna,Yes
plant_images/990.jpg,8,Hedera helix,Yes
plant_images/16686.jpg,7,Campsis radicans,No
plant_images/2117.jpg,4,Rubus phoenicolasius,Yes
plant_images/471.jpg,14,Ficaria verna,Yes
plant_images/16885.jpg,3,Asimina triloba,No
plant_images/17922.jpg,12,Alliaria petiolata,Yes
plant_images/9797.jpg,12,Alliaria petiolata,Yes
plant_images/19635.jpg,10,Persicaria perfoliata,Yes
plant_images/27096.jpg,4,Rubus phoenicolasius,Yes
plant_images/9751.jpg,2,Elaeagnus umbellata,Yes
plant_images/23569.jpg,3,Asimina triloba,No
plant_images/28146.jpg,2,Elaeagnus umbellata,Yes
plant_images/20138.jpg,9,Parthenocissus quinquefolia,No
plant_images/23479.jpg,3,Asimina triloba,No
plant_images/24424.jpg,12,Alliaria petiolata,Yes
plant_images/5831.jpg,4,Rubus phoenicolasius,Yes
plant_images/20081.jpg,2,Elaeagnus umbellata,Yes
plant_images/24095.jpg,14,Ficaria verna,Yes
plant_images/26337.jpg,7,Campsis radicans,No
plant_images/18169.jpg,12,Alliaria petiolata,Yes
plant_images/16733.jpg,4,Rubus phoenicolasius,Yes
plant_images/20302.jpg,4,Rubus phoenicolasius,Yes
plant_images/690.jpg,0,Ailanthus altissima,Yes
plant_images/19778.jpg,2,Elaeagnus umbellata,Yes
plant_images/4911.jpg,7,Campsis radicans,No
plant_images/2374.jpg,15,Packera aurea,No
plant_images/26144.jpg,12,Alliaria petiolata,Yes
plant_images/23731.jpg,12,Alliaria petiolata,Yes
plant_images/7634.jpg,0,Ailanthus altissima,Yes
plant_images/1507.jpg,4,Rubus phoenicolasius,Yes
plant_images/22563.jpg,1,Rhus copallinum,No
plant_images/14735.jpg,3,Asimina triloba,No
plant_images/21035.jpg,3,Asimina triloba,No
plant_images/18049.jpg,12,Alliaria petiolata,Yes
plant_images/17432.jpg,4,Rubus phoenicolasius,Yes
plant_images/27719.jpg,0,Ailanthus altissima,Yes
plant_images/16644.jpg,6,Lonicera japonica,Yes
plant_images/21450.jpg,3,Asimina triloba,No
plant_images/26500.jpg,14,Ficaria verna,Yes
plant_images/12021.jpg,1,Rhus copallinum,No
plant_images/28228.jpg,7,Campsis radicans,No
plant_images/27637.jpg,4,Rubus phoenicolasius,Yes
plant_images/934.jpg,7,Campsis radicans,No
plant_images/9595.jpg,9,Parthenocissus quinquefolia,No
plant_images/23676.jpg,14,Ficaria verna,Yes
plant_images/1348.jpg,4,Rubus phoenicolasius,Yes
plant_images/6507.jpg,0,Ailanthus altissima,Yes
plant_images/2085.jpg,9,Parthenocissus quinquefolia,No
plant_images/4202.jpg,9,Parthenocissus quinquefolia,No
plant_images/16816.jpg,4,Rubus phoenicolasius,Yes
plant_images/12728.jpg,14,Ficaria verna,Yes
plant_images/15121.jpg,14,Ficaria verna,Yes
plant_images/909.jpg,4,Rubus phoenicolasius,Yes
plant_images/22647.jpg,0,Ailanthus altissima,Yes
plant_images/13726.jpg,12,Alliaria petiolata,Yes
plant_images/20210.jpg,0,Ailanthus altissima,Yes
plant_images/27715.jpg,2,Elaeagnus umbellata,Yes
plant_images/5567.jpg,14,Ficaria verna,Yes
plant_images/22507.jpg,1,Rhus copallinum,No
plant_images/26456.jpg,0,Ailanthus altissima,Yes
plant_images/2779.jpg,0,Ailanthus altissima,Yes
plant_images/6150.jpg,12,Alliaria petiolata,Yes
plant_images/3467.jpg,14,Ficaria verna,Yes
plant_images/18759.jpg,2,Elaeagnus umbellata,Yes
plant_images/22440.jpg,0,Ailanthus altissima,Yes
plant_images/7439.jpg,6,Lonicera japonica,Yes
plant_images/3517.jpg,14,Ficaria verna,Yes
plant_images/25685.jpg,2,Elaeagnus umbellata,Yes
plant_images/17894.jpg,14,Ficaria verna,Yes
plant_images/1120.jpg,12,Alliaria petiolata,Yes
plant_images/26357.jpg,7,Campsis radicans,No
plant_images/13250.jpg,12,Alliaria petiolata,Yes
plant_images/12266.jpg,2,Elaeagnus umbellata,Yes
plant_images/24139.jpg,12,Alliaria petiolata,Yes
plant_images/12570.jpg,14,Ficaria verna,Yes
plant_images/24211.jpg,2,Elaeagnus umbellata,Yes
plant_images/21492.jpg,0,Ailanthus altissima,Yes
plant_images/24271.jpg,9,Parthenocissus quinquefolia,No
plant_images/6374.jpg,1,Rhus copallinum,No
plant_images/4693.jpg,3,Asimina triloba,No
plant_images/22483.jpg,9,Parthenocissus quinquefolia,No
plant_images/11478.jpg,4,Rubus phoenicolasius,Yes
plant_images/3745.jpg,4,Rubus phoenicolasius,Yes
plant_images/12470.jpg,8,Hedera helix,Yes
plant_images/6833.jpg,14,Ficaria verna,Yes
plant_images/28206.jpg,7,Campsis radicans,No
plant_images/25648.jpg,4,Rubus phoenicolasius,Yes
plant_images/24549.jpg,11,Persicaria sagittata,No
plant_images/4820.jpg,8,Hedera helix,Yes
plant_images/16798.jpg,6,Lonicera japonica,Yes
plant_images/5326.jpg,8,Hedera helix,Yes
plant_images/21264.jpg,3,Asimina triloba,No
plant_images/5601.jpg,13,Geum canadense,No
plant_images/1636.jpg,14,Ficaria verna,Yes
plant_images/20505.jpg,4,Rubus phoenicolasius,Yes
plant_images/23981.jpg,4,Rubus phoenicolasius,Yes
plant_images/63.jpg,9,Parthenocissus quinquefolia,No
plant_images/19792.jpg,3,Asimina triloba,No
plant_images/27021.jpg,9,Parthenocissus quinquefolia,No
plant_images/18208.jpg,2,Elaeagnus umbellata,Yes
plant_images/18941.jpg,3,Asimina triloba,No
plant_images/2432.jpg,12,Alliaria petiolata,Yes
plant_images/9248.jpg,12,Alliaria petiolata,Yes
plant_images/8318.jpg,4,Rubus phoenicolasius,Yes
plant_images/19666.jpg,6,Lonicera japonica,Yes
plant_images/27336.jpg,3,Asimina triloba,No
plant_images/7033.jpg,6,Lonicera japonica,Yes
plant_images/25771.jpg,4,Rubus phoenicolasius,Yes
plant_images/2951.jpg,9,Parthenocissus quinquefolia,No
plant_images/1301.jpg,9,Parthenocissus quinquefolia,No
plant_images/21403.jpg,3,Asimina triloba,No
plant_images/24835.jpg,3,Asimina triloba,No
plant_images/19157.jpg,6,Lonicera japonica,Yes
plant_images/21305.jpg,2,Elaeagnus umbellata,Yes
plant_images/18755.jpg,9,Parthenocissus quinquefolia,No
plant_images/3414.jpg,6,Lonicera japonica,Yes
plant_images/14578.jpg,14,Ficaria verna,Yes
plant_images/26170.jpg,9,Parthenocissus quinquefolia,No
plant_images/27674.jpg,10,Persicaria perfoliata,Yes
plant_images/13738.jpg,4,Rubus phoenicolasius,Yes
plant_images/23694.jpg,4,Rubus phoenicolasius,Yes
plant_images/26640.jpg,6,Lonicera japonica,Yes
plant_images/8317.jpg,1,Rhus copallinum,No
plant_images/3337.jpg,9,Parthenocissus quinquefolia,No
plant_images/7639.jpg,9,Parthenocissus quinquefolia,No
plant_images/22318.jpg,4,Rubus phoenicolasius,Yes
plant_images/1414.jpg,9,Parthenocissus quinquefolia,No
plant_images/6105.jpg,10,Persicaria perfoliata,Yes
plant_images/19281.jpg,7,Campsis radicans,No
plant_images/25381.jpg,1,Rhus copallinum,No
plant_images/12834.jpg,12,Alliaria petiolata,Yes
plant_images/9078.jpg,14,Ficaria verna,Yes
plant_images/22098.jpg,10,Persicaria perfoliata,Yes
plant_images/3722.jpg,9,Parthenocissus quinquefolia,No
plant_images/25503.jpg,8,Hedera helix,Yes
plant_images/12253.jpg,9,Parthenocissus quinquefolia,No
plant_images/20447.jpg,6,Lonicera japonica,Yes
plant_images/8434.jpg,3,Asimina triloba,No
plant_images/14146.jpg,9,Parthenocissus quinquefolia,No
plant_images/15856.jpg,9,Parthenocissus quinquefolia,No
plant_images/10008.jpg,13,Geum canadense,No
plant_images/23027.jpg,0,Ailanthus altissima,Yes
plant_images/3843.jpg,7,Campsis radicans,No
plant_images/24241.jpg,6,Lonicera japonica,Yes
plant_images/21518.jpg,6,Lonicera japonica,Yes
plant_images/7048.jpg,12,Alliaria petiolata,Yes
plant_images/2579.jpg,9,Parthenocissus quinquefolia,No
plant_images/27406.jpg,3,Asimina triloba,No
plant_images/26272.jpg,5,Rubus occidentalis,No
plant_images/10874.jpg,12,Alliaria petiolata,Yes
plant_images/20998.jpg,12,Alliaria petiolata,Yes
plant_images/8485.jpg,0,Ailanthus altissima,Yes
plant_images/9740.jpg,9,Parthenocissus quinquefolia,No
plant_images/23343.jpg,6,Lonicera japonica,Yes
plant_images/5594.jpg,14,Ficaria verna,Yes
plant_images/14425.jpg,8,Hedera helix,Yes
plant_images/27767.jpg,3,Asimina triloba,No
plant_images/13545.jpg,9,Parthenocissus quinquefolia,No
plant_images/26257.jpg,13,Geum canadense,No
plant_images/17710.jpg,8,Hedera helix,Yes
plant_images/24722.jpg,12,Alliaria petiolata,Yes
plant_images/20234.jpg,6,Lonicera japonica,Yes
plant_images/8133.jpg,5,Rubus occidentalis,No
plant_images/5618.jpg,12,Alliaria petiolata,Yes
plant_images/7747.jpg,2,Elaeagnus umbellata,Yes
plant_images/19639.jpg,0,Ailanthus altissima,Yes
plant_images/4566.jpg,0,Ailanthus altissima,Yes
plant_images/17970.jpg,14,Ficaria verna,Yes
plant_images/14947.jpg,2,Elaeagnus umbellata,Yes
plant_images/28248.jpg,12,Alliaria petiolata,Yes
plant_images/11446.jpg,8,Hedera helix,Yes
plant_images/17283.jpg,13,Geum canadense,No
plant_images/8289.jpg,3,Asimina triloba,No
plant_images/5402.jpg,9,Parthenocissus quinquefolia,No
plant_images/12579.jpg,14,Ficaria verna,Yes
plant_images/18598.jpg,6,Lonicera japonica,Yes
plant_images/15876.jpg,7,Campsis radicans,No
plant_images/5122.jpg,9,Parthenocissus quinquefolia,No
plant_images/11415.jpg,9,Parthenocissus quinquefolia,No
plant_images/24699.jpg,12,Alliaria petiolata,Yes
plant_images/17133.jpg,3,Asimina triloba,No
plant_images/22315.jpg,4,Rubus phoenicolasius,Yes
plant_images/20831.jpg,1,Rhus copallinum,No
plant_images/4908.jpg,6,Lonicera japonica,Yes
plant_images/6728.jpg,12,Alliaria petiolata,Yes
plant_images/25012.jpg,9,Parthenocissus quinquefolia,No
plant_images/27660.jpg,2,Elaeagnus umbellata,Yes
plant_images/5742.jpg,9,Parthenocissus quinquefolia,No
plant_images/15852.jpg,6,Lonicera japonica,Yes
plant_images/10999.jpg,14,Ficaria verna,Yes
plant_images/23715.jpg,9,Parthenocissus quinquefolia,No
plant_images/76.jpg,14,Ficaria verna,Yes
plant_images/26376.jpg,2,Elaeagnus umbellata,Yes
plant_images/25411.jpg,1,Rhus copallinum,No
plant_images/25721.jpg,4,Rubus phoenicolasius,Yes
plant_images/11536.jpg,4,Rubus phoenicolasius,Yes
plant_images/10572.jpg,2,Elaeagnus umbellata,Yes
plant_images/21908.jpg,3,Asimina triloba,No
plant_images/8242.jpg,8,Hedera helix,Yes
plant_images/18773.jpg,15,Packera aurea,No
plant_images/6439.jpg,10,Persicaria perfoliata,Yes
plant_images/24131.jpg,3,Asimina triloba,No
plant_images/19399.jpg,0,Ailanthus altissima,Yes
plant_images/9336.jpg,15,Packera aurea,No
plant_images/15221.jpg,3,Asimina triloba,No
plant_images/13509.jpg,14,Ficaria verna,Yes
plant_images/19401.jpg,3,Asimina triloba,No
plant_images/21254.jpg,2,Elaeagnus umbellata,Yes
plant_images/15292.jpg,3,Asimina triloba,No
plant_images/11781.jpg,9,Parthenocissus quinquefolia,No
plant_images/22122.jpg,3,Asimina triloba,No
plant_images/11201.jpg,8,Hedera helix,Yes
plant_images/11862.jpg,2,Elaeagnus umbellata,Yes
plant_images/4516.jpg,8,Hedera helix,Yes
plant_images/5931.jpg,4,Rubus phoenicolasius,Yes
plant_images/20708.jpg,6,Lonicera japonica,Yes
plant_images/13673.jpg,1,Rhus copallinum,No
plant_images/9150.jpg,14,Ficaria verna,Yes
plant_images/8827.jpg,2,Elaeagnus umbellata,Yes
plant_images/3756.jpg,3,Asimina triloba,No
plant_images/6867.jpg,14,Ficaria verna,Yes
plant_images/18224.jpg,14,Ficaria verna,Yes
plant_images/16218.jpg,2,Elaeagnus umbellata,Yes
plant_images/5874.jpg,13,Geum canadense,No
plant_images/6568.jpg,9,Parthenocissus quinquefolia,No
plant_images/2818.jpg,10,Persicaria perfoliata,Yes
plant_images/19275.jpg,4,Rubus phoenicolasius,Yes
plant_images/9201.jpg,14,Ficaria verna,Yes
plant_images/21855.jpg,4,Rubus phoenicolasius,Yes
plant_images/15668.jpg,4,Rubus phoenicolasius,Yes
plant_images/25712.jpg,7,Campsis radicans,No
plant_images/17012.jpg,6,Lonicera japonica,Yes
plant_images/20.jpg,12,Alliaria petiolata,Yes
plant_images/15371.jpg,8,Hedera helix,Yes
plant_images/18507.jpg,6,Lonicera japonica,Yes
plant_images/18616.jpg,12,Alliaria petiolata,Yes
plant_images/4383.jpg,8,Hedera helix,Yes
plant_images/5123.jpg,9,Parthenocissus quinquefolia,No
plant_images/15325.jpg,5,Rubus occidentalis,No
plant_images/9185.jpg,14,Ficaria verna,Yes
plant_images/22247.jpg,6,Lonicera japonica,Yes
plant_images/18217.jpg,12,Alliaria petiolata,Yes
plant_images/11657.jpg,7,Campsis radicans,No
plant_images/6339.jpg,3,Asimina triloba,No
plant_images/6287.jpg,10,Persicaria perfoliata,Yes
plant_images/27141.jpg,1,Rhus copallinum,No
plant_images/18718.jpg,6,Lonicera japonica,Yes
plant_images/12920.jpg,8,Hedera helix,Yes
plant_images/19930.jpg,9,Parthenocissus quinquefolia,No
plant_images/16032.jpg,14,Ficaria verna,Yes
plant_images/8008.jpg,0,Ailanthus altissima,Yes
plant_images/22386.jpg,8,Hedera helix,Yes
plant_images/24594.jpg,6,Lonicera japonica,Yes
plant_images/7513.jpg,10,Persicaria perfoliata,Yes
plant_images/17065.jpg,9,Parthenocissus quinquefolia,No
plant_images/27270.jpg,0,Ailanthus altissima,Yes
plant_images/16920.jpg,1,Rhus copallinum,No
plant_images/26148.jpg,3,Asimina triloba,No
plant_images/12518.jpg,12,Alliaria petiolata,Yes
plant_images/20168.jpg,12,Alliaria petiolata,Yes
plant_images/6478.jpg,8,Hedera helix,Yes
plant_images/22714.jpg,2,Elaeagnus umbellata,Yes
plant_images/125.jpg,4,Rubus phoenicolasius,Yes
plant_images/8792.jpg,12,Alliaria petiolata,Yes
plant_images/25769.jpg,9,Parthenocissus quinquefolia,No
plant_images/6882.jpg,6,Lonicera japonica,Yes
plant_images/6551.jpg,4,Rubus phoenicolasius,Yes
plant_images/23332.jpg,4,Rubus phoenicolasius,Yes
plant_images/24406.jpg,9,Parthenocissus quinquefolia,No
plant_images/3236.jpg,7,Campsis radicans,No
plant_images/14765.jpg,14,Ficaria verna,Yes
plant_images/749.jpg,10,Persicaria perfoliata,Yes
plant_images/22215.jpg,3,Asimina triloba,No
plant_images/7838.jpg,9,Parthenocissus quinquefolia,No
plant_images/28106.jpg,12,Alliaria petiolata,Yes
plant_images/1713.jpg,4,Rubus phoenicolasius,Yes
plant_images/15694.jpg,11,Persicaria sagittata,No
plant_images/6842.jpg,14,Ficaria verna,Yes
plant_images/1000.jpg,8,Hedera helix,Yes
plant_images/8851.jpg,8,Hedera helix,Yes
plant_images/12433.jpg,3,Asimina triloba,No
plant_images/15487.jpg,7,Campsis radicans,No
plant_images/12676.jpg,12,Alliaria petiolata,Yes
plant_images/703.jpg,12,Alliaria petiolata,Yes
plant_images/20735.jpg,4,Rubus phoenicolasius,Yes
plant_images/10395.jpg,10,Persicaria perfoliata,Yes
plant_images/18952.jpg,3,Asimina triloba,No
plant_images/644.jpg,3,Asimina triloba,No
plant_images/10801.jpg,4,Rubus phoenicolasius,Yes
plant_images/6131.jpg,9,Parthenocissus quinquefolia,No
plant_images/11025.jpg,3,Asimina triloba,No
plant_images/17683.jpg,10,Persicaria perfoliata,Yes
plant_images/13607.jpg,0,Ailanthus altissima,Yes
plant_images/19772.jpg,14,Ficaria verna,Yes
plant_images/19668.jpg,12,Alliaria petiolata,Yes
plant_images/11606.jpg,12,Alliaria petiolata,Yes
plant_images/17279.jpg,13,Geum canadense,No
plant_images/12449.jpg,8,Hedera helix,Yes
plant_images/13068.jpg,2,Elaeagnus umbellata,Yes
plant_images/11411.jpg,12,Alliaria petiolata,Yes
plant_images/2953.jpg,14,Ficaria verna,Yes
plant_images/14135.jpg,2,Elaeagnus umbellata,Yes
plant_images/23537.jpg,2,Elaeagnus umbellata,Yes
plant_images/23688.jpg,12,Alliaria petiolata,Yes
plant_images/4834.jpg,6,Lonicera japonica,Yes
plant_images/12468.jpg,3,Asimina triloba,No
plant_images/3994.jpg,12,Alliaria petiolata,Yes
plant_images/23491.jpg,2,Elaeagnus umbellata,Yes
plant_images/14303.jpg,6,Lonicera japonica,Yes
plant_images/3084.jpg,9,Parthenocissus quinquefolia,No
plant_images/2194.jpg,8,Hedera helix,Yes
plant_images/8980.jpg,12,Alliaria petiolata,Yes
plant_images/23264.jpg,10,Persicaria perfoliata,Yes
plant_images/19814.jpg,6,Lonicera japonica,Yes
plant_images/18487.jpg,7,Campsis radicans,No
plant_images/12020.jpg,0,Ailanthus altissima,Yes
plant_images/12178.jpg,10,Persicaria perfoliata,Yes
plant_images/6630.jpg,12,Alliaria petiolata,Yes
plant_images/27205.jpg,12,Alliaria petiolata,Yes
plant_images/2856.jpg,8,Hedera helix,Yes
plant_images/2958.jpg,2,Elaeagnus umbellata,Yes
plant_images/971.jpg,14,Ficaria verna,Yes
plant_images/24343.jpg,12,Alliaria petiolata,Yes
plant_images/8063.jpg,8,Hedera helix,Yes
plant_images/28157.jpg,8,Hedera helix,Yes
plant_images/8480.jpg,1,Rhus copallinum,No
plant_images/27343.jpg,0,Ailanthus altissima,Yes
plant_images/18670.jpg,6,Lonicera japonica,Yes
plant_images/21696.jpg,9,Parthenocissus quinquefolia,No
plant_images/23784.jpg,12,Alliaria petiolata,Yes
plant_images/2734.jpg,4,Rubus phoenicolasius,Yes
plant_images/17784.jpg,2,Elaeagnus umbellata,Yes
plant_images/3513.jpg,8,Hedera helix,Yes
plant_images/22864.jpg,12,Alliaria petiolata,Yes
plant_images/13404.jpg,6,Lonicera japonica,Yes
plant_images/15769.jpg,7,Campsis radicans,No
plant_images/960.jpg,4,Rubus phoenicolasius,Yes
plant_images/22927.jpg,12,Alliaria petiolata,Yes
plant_images/1135.jpg,9,Parthenocissus quinquefolia,No
plant_images/25115.jpg,12,Alliaria petiolata,Yes
plant_images/24747.jpg,12,Alliaria petiolata,Yes
plant_images/3988.jpg,6,Lonicera japonica,Yes
plant_images/2570.jpg,7,Campsis radicans,No
plant_images/16759.jpg,9,Parthenocissus quinquefolia,No
plant_images/13925.jpg,12,Alliaria petiolata,Yes
plant_images/15286.jpg,6,Lonicera japonica,Yes
plant_images/11245.jpg,9,Parthenocissus quinquefolia,No
plant_images/16974.jpg,12,Alliaria petiolata,Yes
plant_images/13181.jpg,6,Lonicera japonica,Yes
plant_images/23069.jpg,2,Elaeagnus umbellata,Yes
plant_images/23706.jpg,3,Asimina triloba,No
plant_images/12497.jpg,3,Asimina triloba,No
plant_images/17417.jpg,3,Asimina triloba,No
plant_images/23931.jpg,1,Rhus copallinum,No
plant_images/11506.jpg,3,Asimina triloba,No
plant_images/24799.jpg,2,Elaeagnus umbellata,Yes
plant_images/370.jpg,6,Lonicera japonica,Yes
plant_images/8691.jpg,9,Parthenocissus quinquefolia,No
plant_images/21360.jpg,7,Campsis radicans,No
plant_images/17137.jpg,4,Rubus phoenicolasius,Yes
plant_images/17208.jpg,7,Campsis radicans,No
plant_images/21362.jpg,9,Parthenocissus quinquefolia,No
plant_images/19517.jpg,4,Rubus phoenicolasius,Yes
plant_images/6515.jpg,9,Parthenocissus quinquefolia,No
plant_images/18798.jpg,6,Lonicera japonica,Yes
plant_images/12797.jpg,12,Alliaria petiolata,Yes
plant_images/8121.jpg,4,Rubus phoenicolasius,Yes
plant_images/26218.jpg,8,Hedera helix,Yes
plant_images/8297.jpg,3,Asimina triloba,No
plant_images/27614.jpg,7,Campsis radicans,No
plant_images/18300.jpg,12,Alliaria petiolata,Yes
plant_images/9639.jpg,9,Parthenocissus quinquefolia,No
plant_images/27882.jpg,3,Asimina triloba,No
plant_images/18605.jpg,9,Parthenocissus quinquefolia,No
plant_images/12255.jpg,9,Parthenocissus quinquefolia,No
plant_images/4222.jpg,12,Alliaria petiolata,Yes
plant_images/16914.jpg,8,Hedera helix,Yes
plant_images/5334.jpg,4,Rubus phoenicolasius,Yes
plant_images/2347.jpg,8,Hedera helix,Yes
plant_images/10730.jpg,6,Lonicera japonica,Yes
plant_images/20254.jpg,12,Alliaria petiolata,Yes
plant_images/11641.jpg,12,Alliaria petiolata,Yes
plant_images/8864.jpg,8,Hedera helix,Yes
plant_images/13164.jpg,12,Alliaria petiolata,Yes
plant_images/25289.jpg,7,Campsis radicans,No
plant_images/21574.jpg,8,Hedera helix,Yes
plant_images/10789.jpg,6,Lonicera japonica,Yes
plant_images/143.jpg,12,Alliaria petiolata,Yes
plant_images/848.jpg,14,Ficaria verna,Yes
plant_images/16564.jpg,3,Asimina triloba,No
plant_images/13916.jpg,3,Asimina triloba,No
plant_images/27335.jpg,1,Rhus copallinum,No
plant_images/9712.jpg,3,Asimina triloba,No
plant_images/19159.jpg,4,Rubus phoenicolasius,Yes
plant_images/22228.jpg,0,Ailanthus altissima,Yes
plant_images/14213.jpg,11,Persicaria sagittata,No
plant_images/16479.jpg,2,Elaeagnus umbellata,Yes
plant_images/25097.jpg,12,Alliaria petiolata,Yes
plant_images/15388.jpg,7,Campsis radicans,No
plant_images/716.jpg,4,Rubus phoenicolasius,Yes
plant_images/19706.jpg,3,Asimina triloba,No
plant_images/13741.jpg,3,Asimina triloba,No
plant_images/2360.jpg,4,Rubus phoenicolasius,Yes
plant_images/25967.jpg,11,Persicaria sagittata,No
plant_images/11003.jpg,4,Rubus phoenicolasius,Yes
plant_images/22514.jpg,6,Lonicera japonica,Yes
plant_images/1098.jpg,3,Asimina triloba,No
plant_images/6843.jpg,14,Ficaria verna,Yes
plant_images/21736.jpg,5,Rubus occidentalis,No
plant_images/11847.jpg,13,Geum canadense,No
plant_images/17270.jpg,5,Rubus occidentalis,No
plant_images/17393.jpg,0,Ailanthus altissima,Yes
plant_images/13814.jpg,10,Persicaria perfoliata,Yes
plant_images/15683.jpg,1,Rhus copallinum,No
plant_images/14249.jpg,5,Rubus occidentalis,No
plant_images/12283.jpg,9,Parthenocissus quinquefolia,No
plant_images/3537.jpg,14,Ficaria verna,Yes
plant_images/18899.jpg,6,Lonicera japonica,Yes
plant_images/27364.jpg,11,Persicaria sagittata,No
plant_images/2846.jpg,3,Asimina triloba,No
plant_images/20596.jpg,3,Asimina triloba,No
plant_images/759.jpg,7,Campsis radicans,No
plant_images/8006.jpg,0,Ailanthus altissima,Yes
plant_images/1153.jpg,9,Parthenocissus quinquefolia,No
plant_images/17624.jpg,10,Persicaria perfoliata,Yes
plant_images/11654.jpg,4,Rubus phoenicolasius,Yes
plant_images/26740.jpg,0,Ailanthus altissima,Yes
plant_images/18105.jpg,12,Alliaria petiolata,Yes
plant_images/27494.jpg,2,Elaeagnus umbellata,Yes
plant_images/7876.jpg,12,Alliaria petiolata,Yes
plant_images/7377.jpg,2,Elaeagnus umbellata,Yes
plant_images/16710.jpg,12,Alliaria petiolata,Yes
plant_images/13939.jpg,4,Rubus phoenicolasius,Yes
plant_images/7626.jpg,0,Ailanthus altissima,Yes
plant_images/7890.jpg,9,Parthenocissus quinquefolia,No
plant_images/10798.jpg,0,Ailanthus altissima,Yes
plant_images/15239.jpg,3,Asimina triloba,No
plant_images/6623.jpg,8,Hedera helix,Yes
plant_images/1641.jpg,14,Ficaria verna,Yes
plant_images/22931.jpg,6,Lonicera japonica,Yes
plant_images/9426.jpg,15,Packera aurea,No
plant_images/6512.jpg,9,Parthenocissus quinquefolia,No
plant_images/24684.jpg,12,Alliaria petiolata,Yes
plant_images/2966.jpg,12,Alliaria petiolata,Yes
plant_images/23036.jpg,10,Persicaria perfoliata,Yes
plant_images/2275.jpg,4,Rubus phoenicolasius,Yes
plant_images/20414.jpg,3,Asimina triloba,No
plant_images/23055.jpg,3,Asimina triloba,No
plant_images/9377.jpg,6,Lonicera japonica,Yes
plant_images/16842.jpg,7,Campsis radicans,No
plant_images/4683.jpg,0,Ailanthus altissima,Yes
plant_images/16869.jpg,12,Alliaria petiolata,Yes
plant_images/6269.jpg,13,Geum canadense,No
plant_images/9365.jpg,12,Alliaria petiolata,Yes
plant_images/11809.jpg,7,Campsis radicans,No
plant_images/16346.jpg,7,Campsis radicans,No
plant_images/4289.jpg,8,Hedera helix,Yes
plant_images/19646.jpg,3,Asimina triloba,No
plant_images/14334.jpg,2,Elaeagnus umbellata,Yes
plant_images/10317.jpg,10,Persicaria perfoliata,Yes
plant_images/16153.jpg,14,Ficaria verna,Yes
plant_images/13610.jpg,2,Elaeagnus umbellata,Yes
plant_images/20013.jpg,14,Ficaria verna,Yes
plant_images/20435.jpg,10,Persicaria perfoliata,Yes
plant_images/10624.jpg,9,Parthenocissus quinquefolia,No
plant_images/7172.jpg,14,Ficaria verna,Yes
plant_images/532.jpg,12,Alliaria petiolata,Yes
plant_images/18913.jpg,9,Parthenocissus quinquefolia,No
plant_images/26760.jpg,6,Lonicera japonica,Yes
plant_images/10135.jpg,2,Elaeagnus umbellata,Yes
plant_images/26581.jpg,3,Asimina triloba,No
plant_images/17170.jpg,7,Campsis radicans,No
plant_images/5597.jpg,14,Ficaria verna,Yes
plant_images/3082.jpg,4,Rubus phoenicolasius,Yes
plant_images/7313.jpg,14,Ficaria verna,Yes
plant_images/3508.jpg,14,Ficaria verna,Yes
plant_images/24877.jpg,12,Alliaria petiolata,Yes
plant_images/23837.jpg,10,Persicaria perfoliata,Yes
plant_images/26617.jpg,12,Alliaria petiolata,Yes
plant_images/17839.jpg,6,Lonicera japonica,Yes
plant_images/24404.jpg,2,Elaeagnus umbellata,Yes
plant_images/25981.jpg,6,Lonicera japonica,Yes
plant_images/17597.jpg,9,Parthenocissus quinquefolia,No
plant_images/18706.jpg,2,Elaeagnus umbellata,Yes
plant_images/28227.jpg,7,Campsis radicans,No
plant_images/27392.jpg,2,Elaeagnus umbellata,Yes
plant_images/5389.jpg,2,Elaeagnus umbellata,Yes
plant_images/27913.jpg,4,Rubus phoenicolasius,Yes
plant_images/26809.jpg,3,Asimina triloba,No
plant_images/2591.jpg,0,Ailanthus altissima,Yes
plant_images/12223.jpg,10,Persicaria perfoliata,Yes
plant_images/2895.jpg,14,Ficaria verna,Yes
plant_images/18719.jpg,7,Campsis radicans,No
plant_images/26823.jpg,12,Alliaria petiolata,Yes
plant_images/23496.jpg,2,Elaeagnus umbellata,Yes
plant_images/25118.jpg,15,Packera aurea,No
plant_images/24239.jpg,12,Alliaria petiolata,Yes
plant_images/23401.jpg,4,Rubus phoenicolasius,Yes
plant_images/2037.jpg,4,Rubus phoenicolasius,Yes
plant_images/8146.jpg,9,Parthenocissus quinquefolia,No
plant_images/10519.jpg,11,Persicaria sagittata,No
plant_images/4888.jpg,4,Rubus phoenicolasius,Yes
plant_images/23393.jpg,4,Rubus phoenicolasius,Yes
plant_images/15583.jpg,14,Ficaria verna,Yes
plant_images/26622.jpg,12,Alliaria petiolata,Yes
plant_images/6217.jpg,13,Geum canadense,No
plant_images/17816.jpg,12,Alliaria petiolata,Yes
plant_images/16542.jpg,9,Parthenocissus quinquefolia,No
plant_images/1751.jpg,10,Persicaria perfoliata,Yes
plant_images/21017.jpg,12,Alliaria petiolata,Yes
plant_images/21777.jpg,9,Parthenocissus quinquefolia,No
plant_images/25672.jpg,2,Elaeagnus umbellata,Yes
plant_images/11941.jpg,4,Rubus phoenicolasius,Yes
plant_images/3158.jpg,9,Parthenocissus quinquefolia,No
plant_images/9596.jpg,12,Alliaria petiolata,Yes
plant_images/24176.jpg,12,Alliaria petiolata,Yes
plant_images/15935.jpg,14,Ficaria verna,Yes
plant_images/17513.jpg,2,Elaeagnus umbellata,Yes
plant_images/27241.jpg,9,Parthenocissus quinquefolia,No
plant_images/11989.jpg,3,Asimina triloba,No
plant_images/12067.jpg,3,Asimina triloba,No
plant_images/2684.jpg,12,Alliaria petiolata,Yes
plant_images/13300.jpg,12,Alliaria petiolata,Yes
plant_images/3746.jpg,14,Ficaria verna,Yes
plant_images/18567.jpg,8,Hedera helix,Yes
plant_images/21115.jpg,3,Asimina triloba,No
plant_images/969.jpg,6,Lonicera japonica,Yes
plant_images/13380.jpg,6,Lonicera japonica,Yes
plant_images/12248.jpg,10,Persicaria perfoliata,Yes
plant_images/2022.jpg,12,Alliaria petiolata,Yes
plant_images/14259.jpg,4,Rubus phoenicolasius,Yes
plant_images/7791.jpg,4,Rubus phoenicolasius,Yes
plant_images/7723.jpg,4,Rubus phoenicolasius,Yes
plant_images/17288.jpg,1,Rhus copallinum,No
plant_images/24110.jpg,3,Asimina triloba,No
plant_images/7566.jpg,12,Alliaria petiolata,Yes
plant_images/15518.jpg,6,Lonicera japonica,Yes
plant_images/18057.jpg,14,Ficaria verna,Yes
plant_images/15129.jpg,14,Ficaria verna,Yes
plant_images/1566.jpg,14,Ficaria verna,Yes
plant_images/2119.jpg,12,Alliaria petiolata,Yes
plant_images/26688.jpg,6,Lonicera japonica,Yes
plant_images/5678.jpg,13,Geum canadense,No
plant_images/23578.jpg,4,Rubus phoenicolasius,Yes
plant_images/16882.jpg,9,Parthenocissus quinquefolia,No
plant_images/16952.jpg,7,Campsis radicans,No
plant_images/18807.jpg,15,Packera aurea,No
plant_images/23994.jpg,4,Rubus phoenicolasius,Yes
plant_images/17494.jpg,4,Rubus phoenicolasius,Yes
plant_images/17178.jpg,7,Campsis radicans,No
plant_images/25857.jpg,1,Rhus copallinum,No
plant_images/1431.jpg,10,Persicaria perfoliata,Yes
plant_images/11395.jpg,8,Hedera helix,Yes
plant_images/5588.jpg,12,Alliaria petiolata,Yes
plant_images/10778.jpg,13,Geum canadense,No
plant_images/4356.jpg,0,Ailanthus altissima,Yes
plant_images/3035.jpg,9,Parthenocissus quinquefolia,No
plant_images/24849.jpg,9,Parthenocissus quinquefolia,No
plant_images/26347.jpg,1,Rhus copallinum,No
plant_images/1610.jpg,14,Ficaria verna,Yes
plant_images/16174.jpg,9,Parthenocissus quinquefolia,No
plant_images/10296.jpg,1,Rhus copallinum,No
plant_images/12610.jpg,14,Ficaria verna,Yes
plant_images/16532.jpg,14,Ficaria verna,Yes
plant_images/12121.jpg,0,Ailanthus altissima,Yes
plant_images/27530.jpg,6,Lonicera japonica,Yes
plant_images/4602.jpg,0,Ailanthus altissima,Yes
plant_images/27008.jpg,8,Hedera helix,Yes
plant_images/23894.jpg,14,Ficaria verna,Yes
plant_images/27334.jpg,0,Ailanthus altissima,Yes
plant_images/27994.jpg,2,Elaeagnus umbellata,Yes
plant_images/7622.jpg,9,Parthenocissus quinquefolia,No
plant_images/648.jpg,8,Hedera helix,Yes
plant_images/10757.jpg,1,Rhus copallinum,No
plant_images/27114.jpg,9,Parthenocissus quinquefolia,No
plant_images/7047.jpg,2,Elaeagnus umbellata,Yes
plant_images/2352.jpg,0,Ailanthus altissima,Yes
plant_images/28326.jpg,4,Rubus phoenicolasius,Yes
plant_images/7039.jpg,12,Alliaria petiolata,Yes
plant_images/15344.jpg,4,Rubus phoenicolasius,Yes
plant_images/7193.jpg,12,Alliaria petiolata,Yes
plant_images/27223.jpg,7,Campsis radicans,No
plant_images/22034.jpg,2,Elaeagnus umbellata,Yes
plant_images/1569.jpg,14,Ficaria verna,Yes
plant_images/8889.jpg,6,Lonicera japonica,Yes
plant_images/7298.jpg,12,Alliaria petiolata,Yes
plant_images/12284.jpg,0,Ailanthus altissima,Yes
plant_images/16750.jpg,6,Lonicera japonica,Yes
plant_images/19780.jpg,3,Asimina triloba,No
plant_images/11741.jpg,6,Lonicera japonica,Yes
plant_images/13965.jpg,0,Ailanthus altissima,Yes
plant_images/8355.jpg,10,Persicaria perfoliata,Yes
plant_images/15653.jpg,8,Hedera helix,Yes
plant_images/5715.jpg,6,Lonicera japonica,Yes
plant_images/28113.jpg,9,Parthenocissus quinquefolia,No
plant_images/16694.jpg,14,Ficaria verna,Yes
plant_images/13806.jpg,9,Parthenocissus quinquefolia,No
plant_images/23703.jpg,12,Alliaria petiolata,Yes
plant_images/5814.jpg,12,Alliaria petiolata,Yes
plant_images/27893.jpg,7,Campsis radicans,No
plant_images/20096.jpg,12,Alliaria petiolata,Yes
plant_images/20080.jpg,12,Alliaria petiolata,Yes
plant_images/3025.jpg,9,Parthenocissus quinquefolia,No
plant_images/23330.jpg,4,Rubus phoenicolasius,Yes
plant_images/23362.jpg,4,Rubus phoenicolasius,Yes
plant_images/11124.jpg,14,Ficaria verna,Yes
plant_images/2822.jpg,10,Persicaria perfoliata,Yes
plant_images/18122.jpg,4,Rubus phoenicolasius,Yes
plant_images/490.jpg,15,Packera aurea,No
plant_images/4060.jpg,14,Ficaria verna,Yes
plant_images/15312.jpg,9,Parthenocissus quinquefolia,No
plant_images/11649.jpg,6,Lonicera japonica,Yes
plant_images/2447.jpg,15,Packera aurea,No
plant_images/2353.jpg,6,Lonicera japonica,Yes
plant_images/9276.jpg,6,Lonicera japonica,Yes
plant_images/9666.jpg,6,Lonicera japonica,Yes
plant_images/18690.jpg,4,Rubus phoenicolasius,Yes
plant_images/24817.jpg,12,Alliaria petiolata,Yes
plant_images/15360.jpg,9,Parthenocissus quinquefolia,No
plant_images/16581.jpg,8,Hedera helix,Yes
plant_images/7607.jpg,2,Elaeagnus umbellata,Yes
plant_images/22609.jpg,14,Ficaria verna,Yes
plant_images/27048.jpg,6,Lonicera japonica,Yes
plant_images/17715.jpg,0,Ailanthus altissima,Yes
plant_images/21964.jpg,8,Hedera helix,Yes
plant_images/2302.jpg,7,Campsis radicans,No
plant_images/11300.jpg,9,Parthenocissus quinquefolia,No
plant_images/22314.jpg,4,Rubus phoenicolasius,Yes
plant_images/885.jpg,8,Hedera helix,Yes
plant_images/23358.jpg,0,Ailanthus altissima,Yes
plant_images/3736.jpg,12,Alliaria petiolata,Yes
plant_images/18927.jpg,6,Lonicera japonica,Yes
plant_images/5519.jpg,14,Ficaria verna,Yes
plant_images/18364.jpg,6,Lonicera japonica,Yes
plant_images/14367.jpg,12,Alliaria petiolata,Yes
plant_images/6074.jpg,9,Parthenocissus quinquefolia,No
plant_images/10560.jpg,8,Hedera helix,Yes
plant_images/5982.jpg,1,Rhus copallinum,No
plant_images/21548.jpg,14,Ficaria verna,Yes
plant_images/11325.jpg,6,Lonicera japonica,Yes
plant_images/10816.jpg,8,Hedera helix,Yes
plant_images/2290.jpg,0,Ailanthus altissima,Yes
plant_images/21783.jpg,0,Ailanthus altissima,Yes
plant_images/7959.jpg,8,Hedera helix,Yes
plant_images/1035.jpg,9,Parthenocissus quinquefolia,No
plant_images/6927.jpg,2,Elaeagnus umbellata,Yes
plant_images/5599.jpg,14,Ficaria verna,Yes
plant_images/24713.jpg,3,Asimina triloba,No
plant_images/12866.jpg,12,Alliaria petiolata,Yes
plant_images/20790.jpg,4,Rubus phoenicolasius,Yes
plant_images/20083.jpg,12,Alliaria petiolata,Yes
plant_images/17707.jpg,1,Rhus copallinum,No
plant_images/21655.jpg,10,Persicaria perfoliata,Yes
plant_images/19787.jpg,9,Parthenocissus quinquefolia,No
plant_images/27170.jpg,6,Lonicera japonica,Yes
plant_images/19388.jpg,4,Rubus phoenicolasius,Yes
plant_images/25269.jpg,0,Ailanthus altissima,Yes
plant_images/21955.jpg,9,Parthenocissus quinquefolia,No
plant_images/17659.jpg,0,Ailanthus altissima,Yes
plant_images/18205.jpg,6,Lonicera japonica,Yes
plant_images/9802.jpg,9,Parthenocissus quinquefolia,No
plant_images/12407.jpg,2,Elaeagnus umbellata,Yes
plant_images/24547.jpg,1,Rhus copallinum,No
plant_images/27601.jpg,9,Parthenocissus quinquefolia,No
plant_images/13946.jpg,0,Ailanthus altissima,Yes
plant_images/27560.jpg,9,Parthenocissus quinquefolia,No
plant_images/26105.jpg,15,Packera aurea,No
plant_images/7553.jpg,10,Persicaria perfoliata,Yes
plant_images/13308.jpg,3,Asimina triloba,No
plant_images/17265.jpg,10,Persicaria perfoliata,Yes
plant_images/14773.jpg,14,Ficaria verna,Yes
plant_images/20757.jpg,3,Asimina triloba,No
plant_images/16632.jpg,3,Asimina triloba,No
plant_images/16964.jpg,6,Lonicera japonica,Yes
plant_images/6383.jpg,3,Asimina triloba,No
plant_images/21928.jpg,2,Elaeagnus umbellata,Yes
plant_images/22959.jpg,4,Rubus phoenicolasius,Yes
plant_images/20575.jpg,12,Alliaria petiolata,Yes
plant_images/10660.jpg,3,Asimina triloba,No
plant_images/11453.jpg,3,Asimina triloba,No
plant_images/20587.jpg,12,Alliaria petiolata,Yes
plant_images/2190.jpg,9,Parthenocissus quinquefolia,No
plant_images/3354.jpg,0,Ailanthus altissima,Yes
plant_images/24074.jpg,12,Alliaria petiolata,Yes
plant_images/12130.jpg,0,Ailanthus altissima,Yes
plant_images/4130.jpg,15,Packera aurea,No
plant_images/16523.jpg,8,Hedera helix,Yes
plant_images/7713.jpg,9,Parthenocissus quinquefolia,No
plant_images/4855.jpg,1,Rhus copallinum,No
plant_images/5320.jpg,0,Ailanthus altissima,Yes
plant_images/12855.jpg,4,Rubus phoenicolasius,Yes
plant_images/7223.jpg,8,Hedera helix,Yes
plant_images/13062.jpg,2,Elaeagnus umbellata,Yes
plant_images/14446.jpg,14,Ficaria verna,Yes
plant_images/16962.jpg,4,Rubus phoenicolasius,Yes
plant_images/13473.jpg,12,Alliaria petiolata,Yes
plant_images/28220.jpg,1,Rhus copallinum,No
plant_images/21593.jpg,3,Asimina triloba,No
plant_images/6855.jpg,12,Alliaria petiolata,Yes
plant_images/8428.jpg,11,Persicaria sagittata,No
plant_images/16741.jpg,3,Asimina triloba,No
plant_images/4343.jpg,9,Parthenocissus quinquefolia,No
plant_images/24462.jpg,9,Parthenocissus quinquefolia,No
plant_images/22224.jpg,0,Ailanthus altissima,Yes
plant_images/24483.jpg,12,Alliaria petiolata,Yes
plant_images/5077.jpg,2,Elaeagnus umbellata,Yes
plant_images/4839.jpg,8,Hedera helix,Yes
plant_images/10919.jpg,14,Ficaria verna,Yes
plant_images/23745.jpg,10,Persicaria perfoliata,Yes
plant_images/16753.jpg,12,Alliaria petiolata,Yes
plant_images/20995.jpg,14,Ficaria verna,Yes
plant_images/564.jpg,9,Parthenocissus quinquefolia,No
plant_images/10021.jpg,7,Campsis radicans,No
plant_images/15785.jpg,4,Rubus phoenicolasius,Yes
plant_images/26259.jpg,6,Lonicera japonica,Yes
plant_images/4452.jpg,6,Lonicera japonica,Yes
plant_images/2905.jpg,14,Ficaria verna,Yes
plant_images/21151.jpg,12,Alliaria petiolata,Yes
plant_images/4507.jpg,4,Rubus phoenicolasius,Yes
plant_images/25361.jpg,2,Elaeagnus umbellata,Yes
plant_images/22831.jpg,6,Lonicera japonica,Yes
plant_images/15601.jpg,11,Persicaria sagittata,No
plant_images/7537.jpg,6,Lonicera japonica,Yes
plant_images/14649.jpg,2,Elaeagnus umbellata,Yes
plant_images/17501.jpg,11,Persicaria sagittata,No
plant_images/12390.jpg,12,Alliaria petiolata,Yes
plant_images/26634.jpg,9,Parthenocissus quinquefolia,No
plant_images/3366.jpg,9,Parthenocissus quinquefolia,No
plant_images/939.jpg,9,Parthenocissus quinquefolia,No
plant_images/5698.jpg,4,Rubus phoenicolasius,Yes
plant_images/8784.jpg,12,Alliaria petiolata,Yes
plant_images/25850.jpg,7,Campsis radicans,No
plant_images/19507.jpg,3,Asimina triloba,No
plant_images/24207.jpg,12,Alliaria petiolata,Yes
plant_images/17099.jpg,4,Rubus phoenicolasius,Yes
plant_images/18747.jpg,15,Packera aurea,No
plant_images/8452.jpg,2,Elaeagnus umbellata,Yes
plant_images/22296.jpg,9,Parthenocissus quinquefolia,No
plant_images/16205.jpg,12,Alliaria petiolata,Yes
plant_images/17179.jpg,1,Rhus copallinum,No
plant_images/19011.jpg,9,Parthenocissus quinquefolia,No
plant_images/14058.jpg,3,Asimina triloba,No
plant_images/24297.jpg,3,Asimina triloba,No
plant_images/4462.jpg,10,Persicaria perfoliata,Yes
plant_images/18357.jpg,12,Alliaria petiolata,Yes
plant_images/3490.jpg,14,Ficaria verna,Yes
plant_images/2008.jpg,15,Packera aurea,No
plant_images/2559.jpg,4,Rubus phoenicolasius,Yes
plant_images/4972.jpg,4,Rubus phoenicolasius,Yes
plant_images/25572.jpg,6,Lonicera japonica,Yes
plant_images/5984.jpg,8,Hedera helix,Yes
plant_images/18167.jpg,3,Asimina triloba,No
plant_images/1522.jpg,14,Ficaria verna,Yes
plant_images/11611.jpg,2,Elaeagnus umbellata,Yes
plant_images/5739.jpg,12,Alliaria petiolata,Yes
plant_images/5014.jpg,6,Lonicera japonica,Yes
plant_images/9045.jpg,6,Lonicera japonica,Yes
plant_images/593.jpg,4,Rubus phoenicolasius,Yes
plant_images/17074.jpg,9,Parthenocissus quinquefolia,No
plant_images/1511.jpg,14,Ficaria verna,Yes
plant_images/11734.jpg,6,Lonicera japonica,Yes
plant_images/27147.jpg,12,Alliaria petiolata,Yes
plant_images/7243.jpg,6,Lonicera japonica,Yes
plant_images/23103.jpg,4,Rubus phoenicolasius,Yes
plant_images/12695.jpg,6,Lonicera japonica,Yes
plant_images/7067.jpg,14,Ficaria verna,Yes
plant_images/7603.jpg,4,Rubus phoenicolasius,Yes
plant_images/10838.jpg,14,Ficaria verna,Yes
plant_images/21441.jpg,4,Rubus phoenicolasius,Yes
plant_images/20737.jpg,2,Elaeagnus umbellata,Yes
plant_images/7351.jpg,6,Lonicera japonica,Yes
plant_images/14833.jpg,2,Elaeagnus umbellata,Yes
plant_images/22747.jpg,2,Elaeagnus umbellata,Yes
plant_images/52.jpg,14,Ficaria verna,Yes
plant_images/17534.jpg,9,Parthenocissus quinquefolia,No
plant_images/25560.jpg,9,Parthenocissus quinquefolia,No
plant_images/19316.jpg,4,Rubus phoenicolasius,Yes
plant_images/13623.jpg,4,Rubus phoenicolasius,Yes
plant_images/2434.jpg,14,Ficaria verna,Yes
plant_images/24356.jpg,7,Campsis radicans,No
plant_images/1997.jpg,14,Ficaria verna,Yes
plant_images/170.jpg,14,Ficaria verna,Yes
plant_images/23735.jpg,3,Asimina triloba,No
plant_images/8325.jpg,0,Ailanthus altissima,Yes
plant_images/6273.jpg,4,Rubus phoenicolasius,Yes
plant_images/11457.jpg,15,Packera aurea,No
plant_images/18518.jpg,4,Rubus phoenicolasius,Yes
plant_images/2126.jpg,12,Alliaria petiolata,Yes
plant_images/9819.jpg,9,Parthenocissus quinquefolia,No
plant_images/11609.jpg,9,Parthenocissus quinquefolia,No
plant_images/10556.jpg,2,Elaeagnus umbellata,Yes
plant_images/16773.jpg,6,Lonicera japonica,Yes
plant_images/1797.jpg,4,Rubus phoenicolasius,Yes
plant_images/6570.jpg,9,Parthenocissus quinquefolia,No
plant_images/12723.jpg,14,Ficaria verna,Yes
plant_images/12337.jpg,3,Asimina triloba,No
plant_images/729.jpg,10,Persicaria perfoliata,Yes
plant_images/2197.jpg,3,Asimina triloba,No
plant_images/27009.jpg,8,Hedera helix,Yes
plant_images/21583.jpg,2,Elaeagnus umbellata,Yes
plant_images/22309.jpg,3,Asimina triloba,No
plant_images/507.jpg,14,Ficaria verna,Yes
plant_images/27765.jpg,3,Asimina triloba,No
plant_images/13693.jpg,7,Campsis radicans,No
plant_images/19027.jpg,0,Ailanthus altissima,Yes
plant_images/24238.jpg,7,Campsis radicans,No
plant_images/137.jpg,8,Hedera helix,Yes
plant_images/11958.jpg,0,Ailanthus altissima,Yes
plant_images/14038.jpg,8,Hedera helix,Yes
plant_images/15343.jpg,7,Campsis radicans,No
plant_images/13631.jpg,9,Parthenocissus quinquefolia,No
plant_images/22701.jpg,2,Elaeagnus umbellata,Yes
plant_images/7994.jpg,0,Ailanthus altissima,Yes
plant_images/16748.jpg,9,Parthenocissus quinquefolia,No
plant_images/4696.jpg,15,Packera aurea,No
plant_images/9209.jpg,15,Packera aurea,No
plant_images/3916.jpg,9,Parthenocissus quinquefolia,No
plant_images/7158.jpg,12,Alliaria petiolata,Yes
plant_images/10543.jpg,11,Persicaria sagittata,No
plant_images/15457.jpg,6,Lonicera japonica,Yes
plant_images/23442.jpg,5,Rubus occidentalis,No
plant_images/22151.jpg,4,Rubus phoenicolasius,Yes
plant_images/4973.jpg,2,Elaeagnus umbellata,Yes
plant_images/705.jpg,14,Ficaria verna,Yes
plant_images/1419.jpg,12,Alliaria petiolata,Yes
plant_images/17821.jpg,6,Lonicera japonica,Yes
plant_images/4697.jpg,3,Asimina triloba,No
plant_images/15657.jpg,0,Ailanthus altissima,Yes
plant_images/13217.jpg,14,Ficaria verna,Yes
plant_images/11448.jpg,2,Elaeagnus umbellata,Yes
plant_images/26015.jpg,6,Lonicera japonica,Yes
plant_images/5582.jpg,12,Alliaria petiolata,Yes
plant_images/13854.jpg,0,Ailanthus altissima,Yes
plant_images/13609.jpg,9,Parthenocissus quinquefolia,No
plant_images/27297.jpg,4,Rubus phoenicolasius,Yes
plant_images/26685.jpg,6,Lonicera japonica,Yes
plant_images/10549.jpg,8,Hedera helix,Yes
plant_images/5492.jpg,6,Lonicera japonica,Yes
plant_images/756.jpg,4,Rubus phoenicolasius,Yes
plant_images/5637.jpg,14,Ficaria verna,Yes
plant_images/21580.jpg,2,Elaeagnus umbellata,Yes
plant_images/27999.jpg,12,Alliaria petiolata,Yes
plant_images/25863.jpg,7,Campsis radicans,No
plant_images/20420.jpg,2,Elaeagnus umbellata,Yes
plant_images/25450.jpg,8,Hedera helix,Yes
plant_images/14743.jpg,12,Alliaria petiolata,Yes
plant_images/26154.jpg,12,Alliaria petiolata,Yes
plant_images/15427.jpg,4,Rubus phoenicolasius,Yes
plant_images/20403.jpg,7,Campsis radicans,No
plant_images/28193.jpg,6,Lonicera japonica,Yes
plant_images/14159.jpg,9,Parthenocissus quinquefolia,No
plant_images/2972.jpg,9,Parthenocissus quinquefolia,No
plant_images/25315.jpg,4,Rubus phoenicolasius,Yes
plant_images/17485.jpg,9,Parthenocissus quinquefolia,No
plant_images/11970.jpg,10,Persicaria perfoliata,Yes
plant_images/7232.jpg,12,Alliaria petiolata,Yes
plant_images/3793.jpg,0,Ailanthus altissima,Yes
plant_images/3923.jpg,8,Hedera helix,Yes
plant_images/19417.jpg,7,Campsis radicans,No
plant_images/11977.jpg,10,Persicaria perfoliata,Yes
plant_images/23998.jpg,4,Rubus phoenicolasius,Yes
plant_images/17266.jpg,1,Rhus copallinum,No
plant_images/5749.jpg,15,Packera aurea,No
plant_images/5238.jpg,9,Parthenocissus quinquefolia,No
plant_images/27907.jpg,11,Persicaria sagittata,No
plant_images/26079.jpg,12,Alliaria petiolata,Yes
plant_images/15997.jpg,14,Ficaria verna,Yes
plant_images/17811.jpg,14,Ficaria verna,Yes
plant_images/28214.jpg,3,Asimina triloba,No
plant_images/1221.jpg,7,Campsis radicans,No
plant_images/19634.jpg,3,Asimina triloba,No
plant_images/21875.jpg,12,Alliaria petiolata,Yes
plant_images/1191.jpg,4,Rubus phoenicolasius,Yes
plant_images/26916.jpg,3,Asimina triloba,No
plant_images/12615.jpg,14,Ficaria verna,Yes
plant_images/24094.jpg,14,Ficaria verna,Yes
plant_images/18925.jpg,10,Persicaria perfoliata,Yes
plant_images/14946.jpg,12,Alliaria petiolata,Yes
plant_images/4618.jpg,3,Asimina triloba,No
plant_images/23643.jpg,4,Rubus phoenicolasius,Yes
plant_images/6226.jpg,0,Ailanthus altissima,Yes
plant_images/5989.jpg,6,Lonicera japonica,Yes
plant_images/7551.jpg,3,Asimina triloba,No
plant_images/18148.jpg,2,Elaeagnus umbellata,Yes
plant_images/8413.jpg,10,Persicaria perfoliata,Yes
plant_images/20948.jpg,3,Asimina triloba,No
plant_images/19266.jpg,1,Rhus copallinum,No
plant_images/8534.jpg,4,Rubus phoenicolasius,Yes
plant_images/20971.jpg,14,Ficaria verna,Yes
plant_images/4838.jpg,9,Parthenocissus quinquefolia,No
plant_images/107.jpg,9,Parthenocissus quinquefolia,No
plant_images/16755.jpg,0,Ailanthus altissima,Yes
plant_images/22547.jpg,3,Asimina triloba,No
plant_images/6286.jpg,8,Hedera helix,Yes
plant_images/20818.jpg,2,Elaeagnus umbellata,Yes
plant_images/5255.jpg,5,Rubus occidentalis,No
plant_images/9476.jpg,4,Rubus phoenicolasius,Yes
plant_images/8048.jpg,10,Persicaria perfoliata,Yes
plant_images/8877.jpg,2,Elaeagnus umbellata,Yes
plant_images/1526.jpg,6,Lonicera japonica,Yes
plant_images/13186.jpg,0,Ailanthus altissima,Yes
plant_images/6674.jpg,6,Lonicera japonica,Yes
plant_images/2528.jpg,9,Parthenocissus quinquefolia,No
plant_images/25002.jpg,2,Elaeagnus umbellata,Yes
plant_images/22171.jpg,0,Ailanthus altissima,Yes
plant_images/7920.jpg,4,Rubus phoenicolasius,Yes
plant_images/22251.jpg,9,Parthenocissus quinquefolia,No
plant_images/1696.jpg,9,Parthenocissus quinquefolia,No
plant_images/15884.jpg,9,Parthenocissus quinquefolia,No
plant_images/7574.jpg,2,Elaeagnus umbellata,Yes
plant_images/23601.jpg,14,Ficaria verna,Yes
plant_images/14662.jpg,12,Alliaria petiolata,Yes
plant_images/22288.jpg,4,Rubus phoenicolasius,Yes
plant_images/18992.jpg,9,Parthenocissus quinquefolia,No
plant_images/13853.jpg,4,Rubus phoenicolasius,Yes
plant_images/8814.jpg,12,Alliaria petiolata,Yes
plant_images/3003.jpg,0,Ailanthus altissima,Yes
plant_images/14317.jpg,9,Parthenocissus quinquefolia,No
plant_images/15071.jpg,12,Alliaria petiolata,Yes
plant_images/17731.jpg,4,Rubus phoenicolasius,Yes
plant_images/2709.jpg,4,Rubus phoenicolasius,Yes
plant_images/23467.jpg,4,Rubus phoenicolasius,Yes
plant_images/9572.jpg,6,Lonicera japonica,Yes
plant_images/23493.jpg,2,Elaeagnus umbellata,Yes
plant_images/17531.jpg,4,Rubus phoenicolasius,Yes
plant_images/2070.jpg,4,Rubus phoenicolasius,Yes
plant_images/11412.jpg,12,Alliaria petiolata,Yes
plant_images/24592.jpg,6,Lonicera japonica,Yes
plant_images/22348.jpg,2,Elaeagnus umbellata,Yes
plant_images/17255.jpg,2,Elaeagnus umbellata,Yes
plant_images/4694.jpg,10,Persicaria perfoliata,Yes
plant_images/2319.jpg,4,Rubus phoenicolasius,Yes
plant_images/15999.jpg,14,Ficaria verna,Yes
plant_images/15522.jpg,9,Parthenocissus quinquefolia,No
plant_images/7240.jpg,9,Parthenocissus quinquefolia,No
plant_images/23038.jpg,6,Lonicera japonica,Yes
plant_images/13578.jpg,3,Asimina triloba,No
plant_images/22734.jpg,6,Lonicera japonica,Yes
plant_images/13289.jpg,6,Lonicera japonica,Yes
plant_images/22711.jpg,6,Lonicera japonica,Yes
plant_images/12428.jpg,7,Campsis radicans,No
plant_images/7168.jpg,12,Alliaria petiolata,Yes
plant_images/2872.jpg,13,Geum canadense,No
plant_images/27347.jpg,10,Persicaria perfoliata,Yes
plant_images/18164.jpg,3,Asimina triloba,No
plant_images/26919.jpg,1,Rhus copallinum,No
plant_images/7494.jpg,9,Parthenocissus quinquefolia,No
plant_images/3840.jpg,9,Parthenocissus quinquefolia,No
plant_images/7180.jpg,14,Ficaria verna,Yes
plant_images/14323.jpg,8,Hedera helix,Yes
plant_images/4687.jpg,3,Asimina triloba,No
plant_images/6936.jpg,6,Lonicera japonica,Yes
plant_images/24389.jpg,9,Parthenocissus quinquefolia,No
plant_images/9361.jpg,12,Alliaria petiolata,Yes
plant_images/23463.jpg,4,Rubus phoenicolasius,Yes
plant_images/11229.jpg,3,Asimina triloba,No
plant_images/4854.jpg,3,Asimina triloba,No
plant_images/26953.jpg,4,Rubus phoenicolasius,Yes
plant_images/2973.jpg,5,Rubus occidentalis,No
plant_images/23360.jpg,7,Campsis radicans,No
plant_images/2485.jpg,3,Asimina triloba,No
plant_images/19223.jpg,10,Persicaria perfoliata,Yes
plant_images/21615.jpg,4,Rubus phoenicolasius,Yes
plant_images/14680.jpg,12,Alliaria petiolata,Yes
plant_images/7708.jpg,8,Hedera helix,Yes
plant_images/6412.jpg,1,Rhus copallinum,No
plant_images/15398.jpg,3,Asimina triloba,No
plant_images/9142.jpg,14,Ficaria verna,Yes
plant_images/6692.jpg,14,Ficaria verna,Yes
plant_images/24123.jpg,11,Persicaria sagittata,No
plant_images/19703.jpg,12,Alliaria petiolata,Yes
plant_images/1005.jpg,9,Parthenocissus quinquefolia,No
plant_images/20288.jpg,5,Rubus occidentalis,No
plant_images/16672.jpg,9,Parthenocissus quinquefolia,No
plant_images/16381.jpg,3,Asimina triloba,No
plant_images/1949.jpg,9,Parthenocissus quinquefolia,No
plant_images/14353.jpg,10,Persicaria perfoliata,Yes
plant_images/15323.jpg,7,Campsis radicans,No
plant_images/21056.jpg,2,Elaeagnus umbellata,Yes
plant_images/16656.jpg,15,Packera aurea,No
plant_images/2858.jpg,0,Ailanthus altissima,Yes
plant_images/13318.jpg,9,Parthenocissus quinquefolia,No
plant_images/27180.jpg,3,Asimina triloba,No
plant_images/9380.jpg,12,Alliaria petiolata,Yes
plant_images/15460.jpg,6,Lonicera japonica,Yes
plant_images/13432.jpg,4,Rubus phoenicolasius,Yes
plant_images/21108.jpg,9,Parthenocissus quinquefolia,No
plant_images/7001.jpg,14,Ficaria verna,Yes
plant_images/6877.jpg,12,Alliaria petiolata,Yes
plant_images/23110.jpg,1,Rhus copallinum,No
plant_images/11876.jpg,4,Rubus phoenicolasius,Yes
plant_images/26903.jpg,7,Campsis radicans,No
plant_images/26924.jpg,8,Hedera helix,Yes
plant_images/10474.jpg,2,Elaeagnus umbellata,Yes
plant_images/7628.jpg,6,Lonicera japonica,Yes
plant_images/7263.jpg,9,Parthenocissus quinquefolia,No
plant_images/2551.jpg,4,Rubus phoenicolasius,Yes
plant_images/28247.jpg,7,Campsis radicans,No
plant_images/17641.jpg,7,Campsis radicans,No
plant_images/23189.jpg,3,Asimina triloba,No
plant_images/22949.jpg,3,Asimina triloba,No
plant_images/12075.jpg,0,Ailanthus altissima,Yes
plant_images/23754.jpg,4,Rubus phoenicolasius,Yes
plant_images/20972.jpg,14,Ficaria verna,Yes
plant_images/26304.jpg,4,Rubus phoenicolasius,Yes
plant_images/9587.jpg,4,Rubus phoenicolasius,Yes
plant_images/28139.jpg,6,Lonicera japonica,Yes
plant_images/20440.jpg,2,Elaeagnus umbellata,Yes
plant_images/814.jpg,14,Ficaria verna,Yes
plant_images/2219.jpg,12,Alliaria petiolata,Yes
plant_images/17320.jpg,3,Asimina triloba,No
plant_images/19063.jpg,6,Lonicera japonica,Yes
plant_images/9457.jpg,12,Alliaria petiolata,Yes
plant_images/17430.jpg,10,Persicaria perfoliata,Yes
plant_images/19222.jpg,12,Alliaria petiolata,Yes
plant_images/2327.jpg,6,Lonicera japonica,Yes
plant_images/17907.jpg,14,Ficaria verna,Yes
plant_images/2284.jpg,0,Ailanthus altissima,Yes
plant_images/18033.jpg,14,Ficaria verna,Yes
plant_images/16390.jpg,4,Rubus phoenicolasius,Yes
plant_images/21280.jpg,0,Ailanthus altissima,Yes
plant_images/20040.jpg,12,Alliaria petiolata,Yes
plant_images/14679.jpg,12,Alliaria petiolata,Yes
plant_images/12081.jpg,0,Ailanthus altissima,Yes
plant_images/9052.jpg,14,Ficaria verna,Yes
plant_images/15853.jpg,0,Ailanthus altissima,Yes
plant_images/10094.jpg,2,Elaeagnus umbellata,Yes
plant_images/24951.jpg,2,Elaeagnus umbellata,Yes
plant_images/21394.jpg,3,Asimina triloba,No
plant_images/6504.jpg,2,Elaeagnus umbellata,Yes
plant_images/20548.jpg,14,Ficaria verna,Yes
plant_images/18382.jpg,12,Alliaria petiolata,Yes
plant_images/19336.jpg,10,Persicaria perfoliata,Yes
plant_images/15290.jpg,6,Lonicera japonica,Yes
plant_images/10594.jpg,10,Persicaria perfoliata,Yes
plant_images/9371.jpg,12,Alliaria petiolata,Yes
plant_images/21229.jpg,3,Asimina triloba,No
plant_images/10157.jpg,0,Ailanthus altissima,Yes
plant_images/12116.jpg,0,Ailanthus altissima,Yes
plant_images/8387.jpg,0,Ailanthus altissima,Yes
plant_images/25072.jpg,9,Parthenocissus quinquefolia,No
plant_images/976.jpg,10,Persicaria perfoliata,Yes
plant_images/27987.jpg,9,Parthenocissus quinquefolia,No
plant_images/16988.jpg,3,Asimina triloba,No
plant_images/9130.jpg,14,Ficaria verna,Yes
plant_images/15163.jpg,2,Elaeagnus umbellata,Yes
plant_images/446.jpg,8,Hedera helix,Yes
plant_images/14878.jpg,9,Parthenocissus quinquefolia,No
plant_images/22454.jpg,4,Rubus phoenicolasius,Yes
plant_images/667.jpg,14,Ficaria verna,Yes
plant_images/6827.jpg,4,Rubus phoenicolasius,Yes
plant_images/7328.jpg,12,Alliaria petiolata,Yes
plant_images/8939.jpg,12,Alliaria petiolata,Yes
plant_images/11987.jpg,9,Parthenocissus quinquefolia,No
plant_images/6847.jpg,14,Ficaria verna,Yes
plant_images/7079.jpg,12,Alliaria petiolata,Yes
plant_images/25062.jpg,12,Alliaria petiolata,Yes
plant_images/9340.jpg,15,Packera aurea,No
plant_images/2413.jpg,14,Ficaria verna,Yes
plant_images/16830.jpg,7,Campsis radicans,No
plant_images/21116.jpg,8,Hedera helix,Yes
plant_images/27595.jpg,3,Asimina triloba,No
plant_images/2331.jpg,0,Ailanthus altissima,Yes
plant_images/19700.jpg,9,Parthenocissus quinquefolia,No
plant_images/15887.jpg,14,Ficaria verna,Yes
plant_images/28164.jpg,9,Parthenocissus quinquefolia,No
plant_images/5265.jpg,3,Asimina triloba,No
plant_images/602.jpg,12,Alliaria petiolata,Yes
plant_images/3375.jpg,12,Alliaria petiolata,Yes
plant_images/3178.jpg,12,Alliaria petiolata,Yes
plant_images/23028.jpg,0,Ailanthus altissima,Yes
plant_images/16832.jpg,6,Lonicera japonica,Yes
plant_images/28063.jpg,12,Alliaria petiolata,Yes
plant_images/24217.jpg,12,Alliaria petiolata,Yes
plant_images/20367.jpg,4,Rubus phoenicolasius,Yes
plant_images/17201.jpg,9,Parthenocissus quinquefolia,No
plant_images/2400.jpg,14,Ficaria verna,Yes
plant_images/9532.jpg,12,Alliaria petiolata,Yes
plant_images/24900.jpg,2,Elaeagnus umbellata,Yes
plant_images/17163.jpg,9,Parthenocissus quinquefolia,No
plant_images/14927.jpg,1,Rhus copallinum,No
plant_images/3235.jpg,9,Parthenocissus quinquefolia,No
plant_images/14071.jpg,9,Parthenocissus quinquefolia,No
plant_images/20337.jpg,4,Rubus phoenicolasius,Yes
plant_images/7050.jpg,15,Packera aurea,No
plant_images/929.jpg,9,Parthenocissus quinquefolia,No
plant_images/26644.jpg,4,Rubus phoenicolasius,Yes
plant_images/9352.jpg,14,Ficaria verna,Yes
plant_images/10703.jpg,9,Parthenocissus quinquefolia,No
plant_images/5671.jpg,9,Parthenocissus quinquefolia,No
plant_images/8108.jpg,9,Parthenocissus quinquefolia,No
plant_images/2412.jpg,12,Alliaria petiolata,Yes
plant_images/8505.jpg,3,Asimina triloba,No
plant_images/10605.jpg,13,Geum canadense,No
plant_images/19781.jpg,6,Lonicera japonica,Yes
plant_images/6811.jpg,14,Ficaria verna,Yes
plant_images/10954.jpg,8,Hedera helix,Yes
plant_images/7198.jpg,6,Lonicera japonica,Yes
plant_images/7074.jpg,12,Alliaria petiolata,Yes
plant_images/18849.jpg,0,Ailanthus altissima,Yes
plant_images/23365.jpg,7,Campsis radicans,No
plant_images/8578.jpg,7,Campsis radicans,No
plant_images/22107.jpg,4,Rubus phoenicolasius,Yes
plant_images/19606.jpg,6,Lonicera japonica,Yes
plant_images/9443.jpg,15,Packera aurea,No
plant_images/7400.jpg,6,Lonicera japonica,Yes
plant_images/1006.jpg,9,Parthenocissus quinquefolia,No
plant_images/21236.jpg,7,Campsis radicans,No
plant_images/26666.jpg,9,Parthenocissus quinquefolia,No
plant_images/20571.jpg,6,Lonicera japonica,Yes
plant_images/28155.jpg,1,Rhus copallinum,No
plant_images/8096.jpg,13,Geum canadense,No
plant_images/5940.jpg,9,Parthenocissus quinquefolia,No
plant_images/5903.jpg,12,Alliaria petiolata,Yes
plant_images/14825.jpg,3,Asimina triloba,No
plant_images/19174.jpg,3,Asimina triloba,No
plant_images/21205.jpg,0,Ailanthus altissima,Yes
plant_images/25152.jpg,7,Campsis radicans,No
plant_images/14935.jpg,9,Parthenocissus quinquefolia,No
plant_images/10270.jpg,9,Parthenocissus quinquefolia,No
plant_images/1502.jpg,6,Lonicera japonica,Yes
plant_images/24536.jpg,8,Hedera helix,Yes
plant_images/26905.jpg,1,Rhus copallinum,No
plant_images/19140.jpg,9,Parthenocissus quinquefolia,No
plant_images/18495.jpg,12,Alliaria petiolata,Yes
plant_images/10340.jpg,9,Parthenocissus quinquefolia,No
plant_images/4109.jpg,0,Ailanthus altissima,Yes
plant_images/16780.jpg,4,Rubus phoenicolasius,Yes
plant_images/22292.jpg,0,Ailanthus altissima,Yes
plant_images/4467.jpg,4,Rubus phoenicolasius,Yes
plant_images/4991.jpg,4,Rubus phoenicolasius,Yes
plant_images/23222.jpg,2,Elaeagnus umbellata,Yes
plant_images/1970.jpg,4,Rubus phoenicolasius,Yes
plant_images/14908.jpg,8,Hedera helix,Yes
plant_images/14465.jpg,15,Packera aurea,No
plant_images/3448.jpg,14,Ficaria verna,Yes
plant_images/23006.jpg,7,Campsis radicans,No
plant_images/16680.jpg,9,Parthenocissus quinquefolia,No
plant_images/18012.jpg,14,Ficaria verna,Yes
plant_images/10885.jpg,14,Ficaria verna,Yes
plant_images/24751.jpg,3,Asimina triloba,No
plant_images/13194.jpg,9,Parthenocissus quinquefolia,No
plant_images/5692.jpg,12,Alliaria petiolata,Yes
plant_images/12945.jpg,15,Packera aurea,No
plant_images/22855.jpg,0,Ailanthus altissima,Yes
plant_images/3043.jpg,12,Alliaria petiolata,Yes
plant_images/21167.jpg,6,Lonicera japonica,Yes
plant_images/27053.jpg,15,Packera aurea,No
plant_images/8730.jpg,12,Alliaria petiolata,Yes
plant_images/14934.jpg,6,Lonicera japonica,Yes
plant_images/15926.jpg,8,Hedera helix,Yes
plant_images/12952.jpg,12,Alliaria petiolata,Yes
plant_images/43.jpg,8,Hedera helix,Yes
plant_images/12363.jpg,9,Parthenocissus quinquefolia,No
plant_images/7660.jpg,12,Alliaria petiolata,Yes
plant_images/22690.jpg,9,Parthenocissus quinquefolia,No
plant_images/24026.jpg,7,Campsis radicans,No
plant_images/795.jpg,8,Hedera helix,Yes
plant_images/8163.jpg,4,Rubus phoenicolasius,Yes
plant_images/18754.jpg,15,Packera aurea,No
plant_images/19283.jpg,9,Parthenocissus quinquefolia,No
plant_images/9029.jpg,14,Ficaria verna,Yes
plant_images/8773.jpg,4,Rubus phoenicolasius,Yes
plant_images/4135.jpg,3,Asimina triloba,No
plant_images/3742.jpg,14,Ficaria verna,Yes
plant_images/3265.jpg,9,Parthenocissus quinquefolia,No
plant_images/21588.jpg,9,Parthenocissus quinquefolia,No
plant_images/326.jpg,8,Hedera helix,Yes
plant_images/8360.jpg,1,Rhus copallinum,No
plant_images/19312.jpg,7,Campsis radicans,No
plant_images/14558.jpg,3,Asimina triloba,No
plant_images/11490.jpg,6,Lonicera japonica,Yes
plant_images/20005.jpg,14,Ficaria verna,Yes
plant_images/5730.jpg,2,Elaeagnus umbellata,Yes
plant_images/13751.jpg,3,Asimina triloba,No
plant_images/22848.jpg,2,Elaeagnus umbellata,Yes
plant_images/22396.jpg,9,Parthenocissus quinquefolia,No
plant_images/14431.jpg,3,Asimina triloba,No
plant_images/17442.jpg,9,Parthenocissus quinquefolia,No
plant_images/4720.jpg,3,Asimina triloba,No
plant_images/14062.jpg,8,Hedera helix,Yes
plant_images/9974.jpg,15,Packera aurea,No
plant_images/20237.jpg,3,Asimina triloba,No
plant_images/12003.jpg,4,Rubus phoenicolasius,Yes
plant_images/23764.jpg,2,Elaeagnus umbellata,Yes
plant_images/17579.jpg,8,Hedera helix,Yes
plant_images/16475.jpg,8,Hedera helix,Yes
plant_images/22796.jpg,6,Lonicera japonica,Yes
plant_images/22787.jpg,15,Packera aurea,No
plant_images/26296.jpg,13,Geum canadense,No
plant_images/19745.jpg,3,Asimina triloba,No
plant_images/2733.jpg,10,Persicaria perfoliata,Yes
plant_images/21584.jpg,12,Alliaria petiolata,Yes
plant_images/135.jpg,10,Persicaria perfoliata,Yes
plant_images/13016.jpg,12,Alliaria petiolata,Yes
plant_images/20167.jpg,9,Parthenocissus quinquefolia,No
plant_images/1944.jpg,14,Ficaria verna,Yes
plant_images/15558.jpg,2,Elaeagnus umbellata,Yes
plant_images/28102.jpg,6,Lonicera japonica,Yes
plant_images/24647.jpg,2,Elaeagnus umbellata,Yes
plant_images/4878.jpg,11,Persicaria sagittata,No
plant_images/20726.jpg,12,Alliaria petiolata,Yes
plant_images/3818.jpg,9,Parthenocissus quinquefolia,No
plant_images/72.jpg,12,Alliaria petiolata,Yes
plant_images/20352.jpg,6,Lonicera japonica,Yes
plant_images/22623.jpg,2,Elaeagnus umbellata,Yes
plant_images/7289.jpg,1,Rhus copallinum,No
plant_images/14161.jpg,10,Persicaria perfoliata,Yes
plant_images/26336.jpg,1,Rhus copallinum,No
plant_images/23975.jpg,0,Ailanthus altissima,Yes
plant_images/12108.jpg,7,Campsis radicans,No
plant_images/22745.jpg,9,Parthenocissus quinquefolia,No
plant_images/21733.jpg,5,Rubus occidentalis,No
plant_images/10650.jpg,0,Ailanthus altissima,Yes
plant_images/12014.jpg,9,Parthenocissus quinquefolia,No
plant_images/1952.jpg,3,Asimina triloba,No
plant_images/3554.jpg,15,Packera aurea,No
plant_images/13.jpg,14,Ficaria verna,Yes
plant_images/3628.jpg,4,Rubus phoenicolasius,Yes
plant_images/4072.jpg,12,Alliaria petiolata,Yes
plant_images/9914.jpg,13,Geum canadense,No
plant_images/23558.jpg,3,Asimina triloba,No
plant_images/19212.jpg,6,Lonicera japonica,Yes
plant_images/25076.jpg,9,Parthenocissus quinquefolia,No
plant_images/2060.jpg,14,Ficaria verna,Yes
plant_images/18065.jpg,14,Ficaria verna,Yes
plant_images/22953.jpg,7,Campsis radicans,No
plant_images/19279.jpg,3,Asimina triloba,No
plant_images/7280.jpg,9,Parthenocissus quinquefolia,No
plant_images/18608.jpg,9,Parthenocissus quinquefolia,No
plant_images/24857.jpg,3,Asimina triloba,No
plant_images/3540.jpg,14,Ficaria verna,Yes
plant_images/4385.jpg,0,Ailanthus altissima,Yes
plant_images/7510.jpg,4,Rubus phoenicolasius,Yes
plant_images/1459.jpg,4,Rubus phoenicolasius,Yes
plant_images/3142.jpg,14,Ficaria verna,Yes
plant_images/15735.jpg,10,Persicaria perfoliata,Yes
plant_images/5769.jpg,4,Rubus phoenicolasius,Yes
plant_images/11591.jpg,12,Alliaria petiolata,Yes
plant_images/24045.jpg,9,Parthenocissus quinquefolia,No
plant_images/18136.jpg,14,Ficaria verna,Yes
plant_images/13416.jpg,4,Rubus phoenicolasius,Yes
plant_images/10688.jpg,0,Ailanthus altissima,Yes
plant_images/19362.jpg,4,Rubus phoenicolasius,Yes
plant_images/25699.jpg,0,Ailanthus altissima,Yes
plant_images/2992.jpg,9,Parthenocissus quinquefolia,No
plant_images/2655.jpg,4,Rubus phoenicolasius,Yes
plant_images/8412.jpg,4,Rubus phoenicolasius,Yes
plant_images/2006.jpg,14,Ficaria verna,Yes
plant_images/23828.jpg,7,Campsis radicans,No
plant_images/13483.jpg,1,Rhus copallinum,No
plant_images/17474.jpg,8,Hedera helix,Yes
plant_images/27559.jpg,2,Elaeagnus umbellata,Yes
plant_images/7963.jpg,3,Asimina triloba,No
plant_images/8459.jpg,6,Lonicera japonica,Yes
plant_images/18800.jpg,9,Parthenocissus quinquefolia,No
plant_images/24564.jpg,1,Rhus copallinum,No
plant_images/17424.jpg,0,Ailanthus altissima,Yes
plant_images/26394.jpg,6,Lonicera japonica,Yes
plant_images/3615.jpg,14,Ficaria verna,Yes
plant_images/21363.jpg,0,Ailanthus altissima,Yes
plant_images/12848.jpg,14,Ficaria verna,Yes
plant_images/27386.jpg,11,Persicaria sagittata,No
plant_images/14370.jpg,1,Rhus copallinum,No
plant_images/13114.jpg,12,Alliaria petiolata,Yes
plant_images/12298.jpg,7,Campsis radicans,No
plant_images/5826.jpg,6,Lonicera japonica,Yes
plant_images/7257.jpg,9,Parthenocissus quinquefolia,No
plant_images/18959.jpg,13,Geum canadense,No
plant_images/14627.jpg,14,Ficaria verna,Yes
plant_images/443.jpg,10,Persicaria perfoliata,Yes
plant_images/24168.jpg,15,Packera aurea,No
plant_images/24171.jpg,3,Asimina triloba,No
plant_images/3362.jpg,11,Persicaria sagittata,No
plant_images/10977.jpg,14,Ficaria verna,Yes
plant_images/13401.jpg,4,Rubus phoenicolasius,Yes
plant_images/4173.jpg,4,Rubus phoenicolasius,Yes
plant_images/13926.jpg,2,Elaeagnus umbellata,Yes
plant_images/22743.jpg,9,Parthenocissus quinquefolia,No
plant_images/17678.jpg,1,Rhus copallinum,No
plant_images/28019.jpg,9,Parthenocissus quinquefolia,No
plant_images/15050.jpg,11,Persicaria sagittata,No
plant_images/201.jpg,9,Parthenocissus quinquefolia,No
plant_images/16190.jpg,12,Alliaria petiolata,Yes
plant_images/23973.jpg,0,Ailanthus altissima,Yes
plant_images/20360.jpg,3,Asimina triloba,No
plant_images/27540.jpg,2,Elaeagnus umbellata,Yes
plant_images/20070.jpg,3,Asimina triloba,No
plant_images/522.jpg,12,Alliaria petiolata,Yes
plant_images/16654.jpg,6,Lonicera japonica,Yes
plant_images/14223.jpg,9,Parthenocissus quinquefolia,No
plant_images/17210.jpg,0,Ailanthus altissima,Yes
plant_images/19859.jpg,4,Rubus phoenicolasius,Yes
plant_images/26137.jpg,0,Ailanthus altissima,Yes
plant_images/7987.jpg,4,Rubus phoenicolasius,Yes
plant_images/21640.jpg,15,Packera aurea,No
plant_images/21036.jpg,12,Alliaria petiolata,Yes
plant_images/5908.jpg,8,Hedera helix,Yes
plant_images/947.jpg,14,Ficaria verna,Yes
plant_images/16530.jpg,12,Alliaria petiolata,Yes
plant_images/12936.jpg,2,Elaeagnus umbellata,Yes
plant_images/19874.jpg,9,Parthenocissus quinquefolia,No
plant_images/4797.jpg,9,Parthenocissus quinquefolia,No
plant_images/19556.jpg,10,Persicaria perfoliata,Yes
plant_images/25151.jpg,4,Rubus phoenicolasius,Yes
plant_images/18858.jpg,3,Asimina triloba,No
plant_images/17603.jpg,10,Persicaria perfoliata,Yes
plant_images/11140.jpg,15,Packera aurea,No
plant_images/6178.jpg,6,Lonicera japonica,Yes
plant_images/5145.jpg,14,Ficaria verna,Yes
plant_images/4292.jpg,3,Asimina triloba,No
plant_images/2042.jpg,12,Alliaria petiolata,Yes
plant_images/11020.jpg,14,Ficaria verna,Yes
plant_images/13113.jpg,12,Alliaria petiolata,Yes
plant_images/21461.jpg,7,Campsis radicans,No
plant_images/10127.jpg,2,Elaeagnus umbellata,Yes
plant_images/22717.jpg,4,Rubus phoenicolasius,Yes
plant_images/8861.jpg,2,Elaeagnus umbellata,Yes
plant_images/1064.jpg,14,Ficaria verna,Yes
plant_images/14169.jpg,3,Asimina triloba,No
plant_images/22640.jpg,12,Alliaria petiolata,Yes
plant_images/20318.jpg,9,Parthenocissus quinquefolia,No
plant_images/15153.jpg,8,Hedera helix,Yes
plant_images/1556.jpg,12,Alliaria petiolata,Yes
plant_images/22097.jpg,10,Persicaria perfoliata,Yes
plant_images/23726.jpg,3,Asimina triloba,No
plant_images/13915.jpg,1,Rhus copallinum,No
plant_images/20358.jpg,3,Asimina triloba,No
plant_images/14255.jpg,4,Rubus phoenicolasius,Yes
plant_images/15197.jpg,9,Parthenocissus quinquefolia,No
plant_images/2708.jpg,7,Campsis radicans,No
plant_images/19968.jpg,6,Lonicera japonica,Yes
plant_images/13632.jpg,9,Parthenocissus quinquefolia,No
plant_images/367.jpg,6,Lonicera japonica,Yes
plant_images/12913.jpg,15,Packera aurea,No
plant_images/17748.jpg,8,Hedera helix,Yes
plant_images/2604.jpg,6,Lonicera japonica,Yes
plant_images/4576.jpg,0,Ailanthus altissima,Yes
plant_images/6253.jpg,7,Campsis radicans,No
plant_images/21882.jpg,6,Lonicera japonica,Yes
plant_images/19726.jpg,2,Elaeagnus umbellata,Yes
plant_images/27702.jpg,0,Ailanthus altissima,Yes
plant_images/11583.jpg,5,Rubus occidentalis,No
plant_images/19353.jpg,9,Parthenocissus quinquefolia,No
plant_images/22335.jpg,10,Persicaria perfoliata,Yes
plant_images/19920.jpg,3,Asimina triloba,No
plant_images/21689.jpg,4,Rubus phoenicolasius,Yes
plant_images/10227.jpg,7,Campsis radicans,No
plant_images/11602.jpg,9,Parthenocissus quinquefolia,No
plant_images/7062.jpg,14,Ficaria verna,Yes
plant_images/26118.jpg,9,Parthenocissus quinquefolia,No
plant_images/18261.jpg,3,Asimina triloba,No
plant_images/26959.jpg,13,Geum canadense,No
plant_images/16251.jpg,14,Ficaria verna,Yes
plant_images/20453.jpg,3,Asimina triloba,No
plant_images/8377.jpg,2,Elaeagnus umbellata,Yes
plant_images/7693.jpg,6,Lonicera japonica,Yes
plant_images/17592.jpg,2,Elaeagnus umbellata,Yes
plant_images/16650.jpg,10,Persicaria perfoliata,Yes
plant_images/16714.jpg,14,Ficaria verna,Yes
plant_images/5711.jpg,15,Packera aurea,No
plant_images/9274.jpg,6,Lonicera japonica,Yes
plant_images/1824.jpg,7,Campsis radicans,No
plant_images/3392.jpg,0,Ailanthus altissima,Yes
plant_images/21135.jpg,8,Hedera helix,Yes
plant_images/5541.jpg,12,Alliaria petiolata,Yes
plant_images/22724.jpg,12,Alliaria petiolata,Yes
plant_images/77.jpg,3,Asimina triloba,No
plant_images/25589.jpg,0,Ailanthus altissima,Yes
plant_images/2975.jpg,15,Packera aurea,No
plant_images/17733.jpg,2,Elaeagnus umbellata,Yes
plant_images/16081.jpg,4,Rubus phoenicolasius,Yes
plant_images/27935.jpg,2,Elaeagnus umbellata,Yes
plant_images/13184.jpg,9,Parthenocissus quinquefolia,No
plant_images/949.jpg,4,Rubus phoenicolasius,Yes
plant_images/875.jpg,9,Parthenocissus quinquefolia,No
plant_images/22718.jpg,6,Lonicera japonica,Yes
plant_images/11856.jpg,4,Rubus phoenicolasius,Yes
plant_images/10364.jpg,4,Rubus phoenicolasius,Yes
plant_images/21956.jpg,1,Rhus copallinum,No
plant_images/6643.jpg,4,Rubus phoenicolasius,Yes
plant_images/16546.jpg,9,Parthenocissus quinquefolia,No
plant_images/21747.jpg,2,Elaeagnus umbellata,Yes
plant_images/24999.jpg,2,Elaeagnus umbellata,Yes
plant_images/20342.jpg,13,Geum canadense,No
plant_images/4654.jpg,0,Ailanthus altissima,Yes
plant_images/15746.jpg,1,Rhus copallinum,No
plant_images/26392.jpg,2,Elaeagnus umbellata,Yes
plant_images/8625.jpg,1,Rhus copallinum,No
plant_images/7224.jpg,14,Ficaria verna,Yes
plant_images/25600.jpg,9,Parthenocissus quinquefolia,No
plant_images/665.jpg,10,Persicaria perfoliata,Yes
plant_images/17953.jpg,14,Ficaria verna,Yes
plant_images/9859.jpg,3,Asimina triloba,No
plant_images/1547.jpg,14,Ficaria verna,Yes
plant_images/6313.jpg,3,Asimina triloba,No
plant_images/3296.jpg,4,Rubus phoenicolasius,Yes
plant_images/3119.jpg,9,Parthenocissus quinquefolia,No
plant_images/25711.jpg,4,Rubus phoenicolasius,Yes
plant_images/19910.jpg,3,Asimina triloba,No
plant_images/9322.jpg,14,Ficaria verna,Yes
plant_images/18441.jpg,14,Ficaria verna,Yes
plant_images/21969.jpg,4,Rubus phoenicolasius,Yes
plant_images/2560.jpg,8,Hedera helix,Yes
plant_images/4979.jpg,3,Asimina triloba,No
plant_images/1992.jpg,14,Ficaria verna,Yes
plant_images/11883.jpg,8,Hedera helix,Yes
plant_images/9249.jpg,14,Ficaria verna,Yes
plant_images/17069.jpg,1,Rhus copallinum,No
plant_images/177.jpg,14,Ficaria verna,Yes
plant_images/23799.jpg,12,Alliaria petiolata,Yes
plant_images/14290.jpg,0,Ailanthus altissima,Yes
plant_images/25719.jpg,7,Campsis radicans,No
plant_images/6868.jpg,14,Ficaria verna,Yes
plant_images/23678.jpg,12,Alliaria petiolata,Yes
plant_images/16670.jpg,4,Rubus phoenicolasius,Yes
plant_images/8582.jpg,11,Persicaria sagittata,No
plant_images/6225.jpg,5,Rubus occidentalis,No
plant_images/17570.jpg,10,Persicaria perfoliata,Yes
plant_images/2548.jpg,12,Alliaria petiolata,Yes
plant_images/7921.jpg,5,Rubus occidentalis,No
plant_images/787.jpg,4,Rubus phoenicolasius,Yes
plant_images/18509.jpg,8,Hedera helix,Yes
plant_images/4349.jpg,9,Parthenocissus quinquefolia,No
plant_images/27130.jpg,12,Alliaria petiolata,Yes
plant_images/7239.jpg,12,Alliaria petiolata,Yes
plant_images/23387.jpg,4,Rubus phoenicolasius,Yes
plant_images/24681.jpg,6,Lonicera japonica,Yes
plant_images/18054.jpg,3,Asimina triloba,No
plant_images/16301.jpg,3,Asimina triloba,No
plant_images/5215.jpg,8,Hedera helix,Yes
plant_images/27079.jpg,9,Parthenocissus quinquefolia,No
plant_images/19111.jpg,4,Rubus phoenicolasius,Yes
plant_images/9196.jpg,14,Ficaria verna,Yes
plant_images/585.jpg,9,Parthenocissus quinquefolia,No
plant_images/19349.jpg,8,Hedera helix,Yes
plant_images/25415.jpg,3,Asimina triloba,No
plant_images/26472.jpg,0,Ailanthus altissima,Yes
plant_images/748.jpg,8,Hedera helix,Yes
plant_images/3909.jpg,4,Rubus phoenicolasius,Yes
plant_images/5075.jpg,15,Packera aurea,No
plant_images/23277.jpg,10,Persicaria perfoliata,Yes
plant_images/17564.jpg,10,Persicaria perfoliata,Yes
plant_images/8213.jpg,10,Persicaria perfoliata,Yes
plant_images/24021.jpg,3,Asimina triloba,No
plant_images/27255.jpg,0,Ailanthus altissima,Yes
plant_images/18309.jpg,15,Packera aurea,No
plant_images/1258.jpg,7,Campsis radicans,No
plant_images/28190.jpg,4,Rubus phoenicolasius,Yes
plant_images/19873.jpg,10,Persicaria perfoliata,Yes
plant_images/4154.jpg,9,Parthenocissus quinquefolia,No
plant_images/12382.jpg,3,Asimina triloba,No
plant_images/21171.jpg,4,Rubus phoenicolasius,Yes
plant_images/27198.jpg,12,Alliaria petiolata,Yes
plant_images/17368.jpg,10,Persicaria perfoliata,Yes
plant_images/27513.jpg,12,Alliaria petiolata,Yes
plant_images/1729.jpg,9,Parthenocissus quinquefolia,No
plant_images/17817.jpg,8,Hedera helix,Yes
plant_images/14102.jpg,9,Parthenocissus quinquefolia,No
plant_images/19632.jpg,4,Rubus phoenicolasius,Yes
plant_images/1601.jpg,14,Ficaria verna,Yes
plant_images/2407.jpg,14,Ficaria verna,Yes
plant_images/23400.jpg,10,Persicaria perfoliata,Yes
plant_images/20325.jpg,4,Rubus phoenicolasius,Yes
plant_images/6266.jpg,0,Ailanthus altissima,Yes
plant_images/15592.jpg,9,Parthenocissus quinquefolia,No
plant_images/17859.jpg,8,Hedera helix,Yes
plant_images/1857.jpg,0,Ailanthus altissima,Yes
plant_images/25018.jpg,6,Lonicera japonica,Yes
plant_images/3769.jpg,0,Ailanthus altissima,Yes
plant_images/22844.jpg,9,Parthenocissus quinquefolia,No
plant_images/3525.jpg,14,Ficaria verna,Yes
plant_images/16610.jpg,8,Hedera helix,Yes
plant_images/1086.jpg,15,Packera aurea,No
plant_images/11704.jpg,6,Lonicera japonica,Yes
plant_images/26639.jpg,12,Alliaria petiolata,Yes
plant_images/4276.jpg,4,Rubus phoenicolasius,Yes
plant_images/26053.jpg,15,Packera aurea,No
plant_images/12226.jpg,10,Persicaria perfoliata,Yes
plant_images/24067.jpg,7,Campsis radicans,No
plant_images/8659.jpg,9,Parthenocissus quinquefolia,No
plant_images/26691.jpg,3,Asimina triloba,No
plant_images/18378.jpg,4,Rubus phoenicolasius,Yes
plant_images/21067.jpg,9,Parthenocissus quinquefolia,No
plant_images/17273.jpg,7,Campsis radicans,No
plant_images/11601.jpg,7,Campsis radicans,No
plant_images/21806.jpg,12,Alliaria petiolata,Yes
plant_images/27975.jpg,6,Lonicera japonica,Yes
plant_images/21179.jpg,4,Rubus phoenicolasius,Yes
plant_images/3825.jpg,7,Campsis radicans,No
plant_images/15.jpg,12,Alliaria petiolata,Yes
plant_images/23179.jpg,3,Asimina triloba,No
plant_images/25297.jpg,6,Lonicera japonica,Yes
plant_images/13091.jpg,9,Parthenocissus quinquefolia,No
plant_images/3292.jpg,0,Ailanthus altissima,Yes
plant_images/20780.jpg,9,Parthenocissus quinquefolia,No
plant_images/12688.jpg,14,Ficaria verna,Yes
plant_images/11295.jpg,15,Packera aurea,No
plant_images/24926.jpg,4,Rubus phoenicolasius,Yes
plant_images/20397.jpg,10,Persicaria perfoliata,Yes
plant_images/23697.jpg,14,Ficaria verna,Yes
plant_images/26136.jpg,6,Lonicera japonica,Yes
plant_images/7873.jpg,12,Alliaria petiolata,Yes
plant_images/21510.jpg,6,Lonicera japonica,Yes
plant_images/26597.jpg,6,Lonicera japonica,Yes
plant_images/17248.jpg,0,Ailanthus altissima,Yes
plant_images/10872.jpg,14,Ficaria verna,Yes
plant_images/16357.jpg,2,Elaeagnus umbellata,Yes
plant_images/4805.jpg,12,Alliaria petiolata,Yes
plant_images/17291.jpg,6,Lonicera japonica,Yes
plant_images/19295.jpg,10,Persicaria perfoliata,Yes
plant_images/8599.jpg,4,Rubus phoenicolasius,Yes
plant_images/18433.jpg,9,Parthenocissus quinquefolia,No
plant_images/19717.jpg,3,Asimina triloba,No
plant_images/18250.jpg,14,Ficaria verna,Yes
plant_images/2614.jpg,3,Asimina triloba,No
plant_images/24251.jpg,4,Rubus phoenicolasius,Yes
plant_images/4131.jpg,14,Ficaria verna,Yes
plant_images/8917.jpg,6,Lonicera japonica,Yes
plant_images/10732.jpg,6,Lonicera japonica,Yes
plant_images/3277.jpg,0,Ailanthus altissima,Yes
plant_images/21952.jpg,4,Rubus phoenicolasius,Yes
plant_images/14571.jpg,8,Hedera helix,Yes
plant_images/18108.jpg,12,Alliaria petiolata,Yes
plant_images/6057.jpg,12,Alliaria petiolata,Yes
plant_images/905.jpg,13,Geum canadense,No
plant_images/8672.jpg,4,Rubus phoenicolasius,Yes
plant_images/14199.jpg,3,Asimina triloba,No
plant_images/12369.jpg,7,Campsis radicans,No
plant_images/13049.jpg,3,Asimina triloba,No
plant_images/14293.jpg,8,Hedera helix,Yes
plant_images/15254.jpg,6,Lonicera japonica,Yes
plant_images/15389.jpg,8,Hedera helix,Yes
plant_images/16511.jpg,3,Asimina triloba,No
plant_images/17489.jpg,8,Hedera helix,Yes
plant_images/15516.jpg,8,Hedera helix,Yes
plant_images/27036.jpg,3,Asimina triloba,No
plant_images/23572.jpg,8,Hedera helix,Yes
plant_images/9011.jpg,14,Ficaria verna,Yes
plant_images/4237.jpg,9,Parthenocissus quinquefolia,No
plant_images/3275.jpg,14,Ficaria verna,Yes
plant_images/5.jpg,8,Hedera helix,Yes
plant_images/14272.jpg,10,Persicaria perfoliata,Yes
plant_images/27434.jpg,12,Alliaria petiolata,Yes
plant_images/10846.jpg,14,Ficaria verna,Yes
plant_images/18934.jpg,7,Campsis radicans,No
plant_images/14192.jpg,0,Ailanthus altissima,Yes
plant_images/21378.jpg,6,Lonicera japonica,Yes
plant_images/1920.jpg,9,Parthenocissus quinquefolia,No
plant_images/24071.jpg,3,Asimina triloba,No
plant_images/8138.jpg,12,Alliaria petiolata,Yes
plant_images/4338.jpg,9,Parthenocissus quinquefolia,No
plant_images/15438.jpg,3,Asimina triloba,No
plant_images/22194.jpg,9,Parthenocissus quinquefolia,No
plant_images/638.jpg,9,Parthenocissus quinquefolia,No
plant_images/9299.jpg,6,Lonicera japonica,Yes
plant_images/6190.jpg,6,Lonicera japonica,Yes
plant_images/18316.jpg,12,Alliaria petiolata,Yes
plant_images/27070.jpg,8,Hedera helix,Yes
plant_images/27812.jpg,1,Rhus copallinum,No
plant_images/11480.jpg,9,Parthenocissus quinquefolia,No
plant_images/24091.jpg,3,Asimina triloba,No
plant_images/1018.jpg,9,Parthenocissus quinquefolia,No
plant_images/12967.jpg,3,Asimina triloba,No
plant_images/2075.jpg,12,Alliaria petiolata,Yes
plant_images/1223.jpg,1,Rhus copallinum,No
plant_images/7960.jpg,3,Asimina triloba,No
plant_images/245.jpg,4,Rubus phoenicolasius,Yes
plant_images/1462.jpg,0,Ailanthus altissima,Yes
plant_images/6895.jpg,4,Rubus phoenicolasius,Yes
plant_images/22331.jpg,9,Parthenocissus quinquefolia,No
plant_images/3338.jpg,9,Parthenocissus quinquefolia,No
plant_images/2844.jpg,6,Lonicera japonica,Yes
plant_images/23126.jpg,6,Lonicera japonica,Yes
plant_images/4568.jpg,0,Ailanthus altissima,Yes
plant_images/26251.jpg,9,Parthenocissus quinquefolia,No
plant_images/12665.jpg,14,Ficaria verna,Yes
plant_images/217.jpg,15,Packera aurea,No
plant_images/26262.jpg,13,Geum canadense,No
plant_images/21325.jpg,2,Elaeagnus umbellata,Yes
plant_images/22599.jpg,14,Ficaria verna,Yes
plant_images/12569.jpg,14,Ficaria verna,Yes
plant_images/4458.jpg,0,Ailanthus altissima,Yes
plant_images/12546.jpg,4,Rubus phoenicolasius,Yes
plant_images/16040.jpg,14,Ficaria verna,Yes
plant_images/9255.jpg,12,Alliaria petiolata,Yes
plant_images/27368.jpg,3,Asimina triloba,No
plant_images/15027.jpg,12,Alliaria petiolata,Yes
plant_images/21545.jpg,14,Ficaria verna,Yes
plant_images/15331.jpg,4,Rubus phoenicolasius,Yes
plant_images/26328.jpg,0,Ailanthus altissima,Yes
plant_images/548.jpg,4,Rubus phoenicolasius,Yes
plant_images/3572.jpg,7,Campsis radicans,No
plant_images/16309.jpg,4,Rubus phoenicolasius,Yes
plant_images/11240.jpg,14,Ficaria verna,Yes
plant_images/25539.jpg,3,Asimina triloba,No
plant_images/14100.jpg,2,Elaeagnus umbellata,Yes
plant_images/9776.jpg,9,Parthenocissus quinquefolia,No
plant_images/18119.jpg,14,Ficaria verna,Yes
plant_images/1568.jpg,14,Ficaria verna,Yes
plant_images/13949.jpg,13,Geum canadense,No
plant_images/21992.jpg,4,Rubus phoenicolasius,Yes
plant_images/27496.jpg,14,Ficaria verna,Yes
plant_images/4589.jpg,0,Ailanthus altissima,Yes
plant_images/19794.jpg,5,Rubus occidentalis,No
plant_images/1616.jpg,15,Packera aurea,No
plant_images/14077.jpg,9,Parthenocissus quinquefolia,No
plant_images/13674.jpg,9,Parthenocissus quinquefolia,No
plant_images/26926.jpg,8,Hedera helix,Yes
plant_images/11175.jpg,14,Ficaria verna,Yes
plant_images/21216.jpg,4,Rubus phoenicolasius,Yes
plant_images/5738.jpg,3,Asimina triloba,No
plant_images/11213.jpg,14,Ficaria verna,Yes
plant_images/8471.jpg,3,Asimina triloba,No
plant_images/23604.jpg,14,Ficaria verna,Yes
plant_images/22894.jpg,12,Alliaria petiolata,Yes
plant_images/12360.jpg,9,Parthenocissus quinquefolia,No
plant_images/16629.jpg,8,Hedera helix,Yes
plant_images/16230.jpg,14,Ficaria verna,Yes
plant_images/11991.jpg,7,Campsis radicans,No
plant_images/17766.jpg,4,Rubus phoenicolasius,Yes
plant_images/3917.jpg,0,Ailanthus altissima,Yes
plant_images/25384.jpg,8,Hedera helix,Yes
plant_images/10998.jpg,14,Ficaria verna,Yes
plant_images/21749.jpg,4,Rubus phoenicolasius,Yes
plant_images/1209.jpg,0,Ailanthus altissima,Yes
plant_images/11587.jpg,3,Asimina triloba,No
plant_images/5859.jpg,15,Packera aurea,No
plant_images/32.jpg,3,Asimina triloba,No
plant_images/23746.jpg,12,Alliaria petiolata,Yes
plant_images/12199.jpg,1,Rhus copallinum,No
plant_images/11867.jpg,6,Lonicera japonica,Yes
plant_images/18289.jpg,12,Alliaria petiolata,Yes
plant_images/18984.jpg,10,Persicaria perfoliata,Yes
plant_images/19081.jpg,12,Alliaria petiolata,Yes
plant_images/8082.jpg,4,Rubus phoenicolasius,Yes
plant_images/20672.jpg,12,Alliaria petiolata,Yes
plant_images/11639.jpg,4,Rubus phoenicolasius,Yes
plant_images/9470.jpg,3,Asimina triloba,No
plant_images/22664.jpg,14,Ficaria verna,Yes
plant_images/18307.jpg,12,Alliaria petiolata,Yes
plant_images/7440.jpg,9,Parthenocissus quinquefolia,No
plant_images/13246.jpg,9,Parthenocissus quinquefolia,No
plant_images/16810.jpg,8,Hedera helix,Yes
plant_images/16148.jpg,4,Rubus phoenicolasius,Yes
plant_images/10277.jpg,7,Campsis radicans,No
plant_images/21694.jpg,6,Lonicera japonica,Yes
plant_images/9161.jpg,14,Ficaria verna,Yes
plant_images/23953.jpg,3,Asimina triloba,No
plant_images/9880.jpg,10,Persicaria perfoliata,Yes
plant_images/23211.jpg,10,Persicaria perfoliata,Yes
plant_images/20120.jpg,6,Lonicera japonica,Yes
plant_images/5512.jpg,14,Ficaria verna,Yes
plant_images/9147.jpg,15,Packera aurea,No
plant_images/16506.jpg,12,Alliaria petiolata,Yes
plant_images/18871.jpg,3,Asimina triloba,No
plant_images/2181.jpg,9,Parthenocissus quinquefolia,No
plant_images/7458.jpg,12,Alliaria petiolata,Yes
plant_images/23268.jpg,10,Persicaria perfoliata,Yes
plant_images/5239.jpg,7,Campsis radicans,No
plant_images/7937.jpg,7,Campsis radicans,No
plant_images/10512.jpg,11,Persicaria sagittata,No
plant_images/11167.jpg,3,Asimina triloba,No
plant_images/21598.jpg,3,Asimina triloba,No
plant_images/23317.jpg,0,Ailanthus altissima,Yes
plant_images/9580.jpg,12,Alliaria petiolata,Yes
plant_images/6112.jpg,2,Elaeagnus umbellata,Yes
plant_images/11102.jpg,15,Packera aurea,No
plant_images/8372.jpg,9,Parthenocissus quinquefolia,No
plant_images/19286.jpg,9,Parthenocissus quinquefolia,No
plant_images/14316.jpg,6,Lonicera japonica,Yes
plant_images/12516.jpg,8,Hedera helix,Yes
plant_images/5248.jpg,7,Campsis radicans,No
plant_images/18527.jpg,7,Campsis radicans,No
plant_images/8057.jpg,9,Parthenocissus quinquefolia,No
plant_images/8003.jpg,10,Persicaria perfoliata,Yes
plant_images/18683.jpg,7,Campsis radicans,No
plant_images/23557.jpg,10,Persicaria perfoliata,Yes
plant_images/9157.jpg,15,Packera aurea,No
plant_images/14957.jpg,9,Parthenocissus quinquefolia,No
plant_images/1513.jpg,4,Rubus phoenicolasius,Yes
plant_images/18680.jpg,15,Packera aurea,No
plant_images/17609.jpg,6,Lonicera japonica,Yes
plant_images/11592.jpg,15,Packera aurea,No
plant_images/16095.jpg,4,Rubus phoenicolasius,Yes
plant_images/23794.jpg,3,Asimina triloba,No
plant_images/9773.jpg,9,Parthenocissus quinquefolia,No
plant_images/10776.jpg,12,Alliaria petiolata,Yes
plant_images/2671.jpg,12,Alliaria petiolata,Yes
plant_images/24793.jpg,8,Hedera helix,Yes
plant_images/14262.jpg,4,Rubus phoenicolasius,Yes
plant_images/26171.jpg,6,Lonicera japonica,Yes
plant_images/7795.jpg,9,Parthenocissus quinquefolia,No
plant_images/14068.jpg,1,Rhus copallinum,No
plant_images/23882.jpg,3,Asimina triloba,No
plant_images/10057.jpg,0,Ailanthus altissima,Yes
plant_images/11282.jpg,0,Ailanthus altissima,Yes
plant_images/19791.jpg,12,Alliaria petiolata,Yes
plant_images/5135.jpg,3,Asimina triloba,No
plant_images/20065.jpg,3,Asimina triloba,No
plant_images/25235.jpg,11,Persicaria sagittata,No
plant_images/215.jpg,15,Packera aurea,No
plant_images/16859.jpg,3,Asimina triloba,No
plant_images/13234.jpg,9,Parthenocissus quinquefolia,No
plant_images/7575.jpg,9,Parthenocissus quinquefolia,No
plant_images/9884.jpg,9,Parthenocissus quinquefolia,No
plant_images/4600.jpg,0,Ailanthus altissima,Yes
plant_images/24680.jpg,14,Ficaria verna,Yes
plant_images/7900.jpg,7,Campsis radicans,No
plant_images/25714.jpg,9,Parthenocissus quinquefolia,No
plant_images/6849.jpg,14,Ficaria verna,Yes
plant_images/16254.jpg,9,Parthenocissus quinquefolia,No
plant_images/20633.jpg,4,Rubus phoenicolasius,Yes
plant_images/3469.jpg,14,Ficaria verna,Yes
plant_images/16994.jpg,7,Campsis radicans,No
plant_images/3900.jpg,3,Asimina triloba,No
plant_images/3379.jpg,1,Rhus copallinum,No
plant_images/14342.jpg,10,Persicaria perfoliata,Yes
plant_images/8125.jpg,9,Parthenocissus quinquefolia,No
plant_images/1156.jpg,0,Ailanthus altissima,Yes
plant_images/29.jpg,14,Ficaria verna,Yes
plant_images/1327.jpg,4,Rubus phoenicolasius,Yes
plant_images/4591.jpg,0,Ailanthus altissima,Yes
plant_images/9291.jpg,14,Ficaria verna,Yes
plant_images/9279.jpg,10,Persicaria perfoliata,Yes
plant_images/2505.jpg,8,Hedera helix,Yes
plant_images/23286.jpg,3,Asimina triloba,No
plant_images/6709.jpg,14,Ficaria verna,Yes
plant_images/264.jpg,12,Alliaria petiolata,Yes
plant_images/9844.jpg,11,Persicaria sagittata,No
plant_images/27925.jpg,3,Asimina triloba,No
plant_images/2045.jpg,12,Alliaria petiolata,Yes
plant_images/23727.jpg,12,Alliaria petiolata,Yes
plant_images/13583.jpg,7,Campsis radicans,No
plant_images/19192.jpg,7,Campsis radicans,No
plant_images/3595.jpg,14,Ficaria verna,Yes
plant_images/5409.jpg,3,Asimina triloba,No
plant_images/8879.jpg,7,Campsis radicans,No
plant_images/12445.jpg,2,Elaeagnus umbellata,Yes
plant_images/8603.jpg,7,Campsis radicans,No
plant_images/19001.jpg,2,Elaeagnus umbellata,Yes
plant_images/22249.jpg,4,Rubus phoenicolasius,Yes
plant_images/1757.jpg,15,Packera aurea,No
plant_images/17422.jpg,3,Asimina triloba,No
plant_images/9144.jpg,6,Lonicera japonica,Yes
plant_images/3368.jpg,6,Lonicera japonica,Yes
plant_images/14914.jpg,8,Hedera helix,Yes
plant_images/15611.jpg,4,Rubus phoenicolasius,Yes
plant_images/26266.jpg,3,Asimina triloba,No
plant_images/10088.jpg,9,Parthenocissus quinquefolia,No
plant_images/1765.jpg,14,Ficaria verna,Yes
plant_images/17411.jpg,6,Lonicera japonica,Yes
plant_images/13861.jpg,9,Parthenocissus quinquefolia,No
plant_images/22705.jpg,12,Alliaria petiolata,Yes
plant_images/12954.jpg,14,Ficaria verna,Yes
plant_images/13253.jpg,15,Packera aurea,No
plant_images/21897.jpg,5,Rubus occidentalis,No
plant_images/23816.jpg,3,Asimina triloba,No
plant_images/8583.jpg,11,Persicaria sagittata,No
plant_images/26864.jpg,1,Rhus copallinum,No
plant_images/11888.jpg,7,Campsis radicans,No
plant_images/6015.jpg,12,Alliaria petiolata,Yes
plant_images/17867.jpg,8,Hedera helix,Yes
plant_images/808.jpg,6,Lonicera japonica,Yes
plant_images/26044.jpg,12,Alliaria petiolata,Yes
plant_images/18944.jpg,9,Parthenocissus quinquefolia,No
plant_images/19130.jpg,12,Alliaria petiolata,Yes
plant_images/5276.jpg,7,Campsis radicans,No
plant_images/6892.jpg,8,Hedera helix,Yes
plant_images/19594.jpg,7,Campsis radicans,No
plant_images/20863.jpg,3,Asimina triloba,No
plant_images/244.jpg,9,Parthenocissus quinquefolia,No
plant_images/12829.jpg,14,Ficaria verna,Yes
plant_images/12523.jpg,8,Hedera helix,Yes
plant_images/15174.jpg,6,Lonicera japonica,Yes
plant_images/4780.jpg,15,Packera aurea,No
plant_images/2035.jpg,12,Alliaria petiolata,Yes
plant_images/5976.jpg,14,Ficaria verna,Yes
plant_images/3857.jpg,11,Persicaria sagittata,No
plant_images/4621.jpg,10,Persicaria perfoliata,Yes
plant_images/2839.jpg,8,Hedera helix,Yes
plant_images/10908.jpg,14,Ficaria verna,Yes
plant_images/18676.jpg,12,Alliaria petiolata,Yes
plant_images/3365.jpg,9,Parthenocissus quinquefolia,No
plant_images/15282.jpg,14,Ficaria verna,Yes
plant_images/9820.jpg,9,Parthenocissus quinquefolia,No
plant_images/11931.jpg,4,Rubus phoenicolasius,Yes
plant_images/7891.jpg,9,Parthenocissus quinquefolia,No
plant_images/11804.jpg,2,Elaeagnus umbellata,Yes
plant_images/25676.jpg,12,Alliaria petiolata,Yes
plant_images/23877.jpg,3,Asimina triloba,No
plant_images/1482.jpg,6,Lonicera japonica,Yes
plant_images/13523.jpg,9,Parthenocissus quinquefolia,No
plant_images/2058.jpg,12,Alliaria petiolata,Yes
plant_images/17988.jpg,14,Ficaria verna,Yes
plant_images/22197.jpg,4,Rubus phoenicolasius,Yes
plant_images/8923.jpg,8,Hedera helix,Yes
plant_images/15101.jpg,9,Parthenocissus quinquefolia,No
plant_images/23862.jpg,3,Asimina triloba,No
plant_images/19496.jpg,3,Asimina triloba,No
plant_images/6890.jpg,14,Ficaria verna,Yes
plant_images/20736.jpg,6,Lonicera japonica,Yes
plant_images/15917.jpg,14,Ficaria verna,Yes
plant_images/862.jpg,12,Alliaria petiolata,Yes
plant_images/10246.jpg,13,Geum canadense,No
plant_images/14857.jpg,8,Hedera helix,Yes
plant_images/23944.jpg,3,Asimina triloba,No
plant_images/2929.jpg,12,Alliaria petiolata,Yes
plant_images/7301.jpg,12,Alliaria petiolata,Yes
plant_images/12257.jpg,6,Lonicera japonica,Yes
plant_images/1880.jpg,4,Rubus phoenicolasius,Yes
plant_images/25101.jpg,2,Elaeagnus umbellata,Yes
plant_images/17506.jpg,8,Hedera helix,Yes
plant_images/12399.jpg,2,Elaeagnus umbellata,Yes
plant_images/20465.jpg,3,Asimina triloba,No
plant_images/5724.jpg,3,Asimina triloba,No
plant_images/6280.jpg,9,Parthenocissus quinquefolia,No
plant_images/16996.jpg,7,Campsis radicans,No
plant_images/7616.jpg,6,Lonicera japonica,Yes
plant_images/3159.jpg,13,Geum canadense,No
plant_images/24340.jpg,12,Alliaria petiolata,Yes
plant_images/10300.jpg,3,Asimina triloba,No
plant_images/6397.jpg,2,Elaeagnus umbellata,Yes
plant_images/8633.jpg,10,Persicaria perfoliata,Yes
plant_images/24418.jpg,9,Parthenocissus quinquefolia,No
plant_images/18103.jpg,14,Ficaria verna,Yes
plant_images/526.jpg,12,Alliaria petiolata,Yes
plant_images/2084.jpg,9,Parthenocissus quinquefolia,No
plant_images/2461.jpg,15,Packera aurea,No
plant_images/6242.jpg,13,Geum canadense,No
plant_images/1063.jpg,8,Hedera helix,Yes
plant_images/21255.jpg,9,Parthenocissus quinquefolia,No
plant_images/14588.jpg,4,Rubus phoenicolasius,Yes
plant_images/5947.jpg,14,Ficaria verna,Yes
plant_images/26198.jpg,12,Alliaria petiolata,Yes
plant_images/22565.jpg,1,Rhus copallinum,No
plant_images/11251.jpg,12,Alliaria petiolata,Yes
plant_images/25511.jpg,4,Rubus phoenicolasius,Yes
plant_images/14110.jpg,2,Elaeagnus umbellata,Yes
plant_images/26398.jpg,2,Elaeagnus umbellata,Yes
plant_images/20866.jpg,10,Persicaria perfoliata,Yes
plant_images/15100.jpg,6,Lonicera japonica,Yes
plant_images/6426.jpg,10,Persicaria perfoliata,Yes
plant_images/14339.jpg,3,Asimina triloba,No
plant_images/6818.jpg,14,Ficaria verna,Yes
plant_images/20278.jpg,12,Alliaria petiolata,Yes
plant_images/14203.jpg,3,Asimina triloba,No
plant_images/8393.jpg,9,Parthenocissus quinquefolia,No
plant_images/11343.jpg,14,Ficaria verna,Yes
plant_images/8530.jpg,0,Ailanthus altissima,Yes
plant_images/13943.jpg,9,Parthenocissus quinquefolia,No
plant_images/12730.jpg,14,Ficaria verna,Yes
plant_images/23935.jpg,12,Alliaria petiolata,Yes
plant_images/5228.jpg,6,Lonicera japonica,Yes
plant_images/24993.jpg,6,Lonicera japonica,Yes
plant_images/22175.jpg,6,Lonicera japonica,Yes
plant_images/11690.jpg,7,Campsis radicans,No
plant_images/15715.jpg,1,Rhus copallinum,No
plant_images/17517.jpg,3,Asimina triloba,No
plant_images/23388.jpg,4,Rubus phoenicolasius,Yes
plant_images/6351.jpg,4,Rubus phoenicolasius,Yes
plant_images/20186.jpg,6,Lonicera japonica,Yes
plant_images/4400.jpg,9,Parthenocissus quinquefolia,No
plant_images/2150.jpg,0,Ailanthus altissima,Yes
plant_images/17575.jpg,1,Rhus copallinum,No
plant_images/12229.jpg,9,Parthenocissus quinquefolia,No
plant_images/19160.jpg,6,Lonicera japonica,Yes
plant_images/27290.jpg,2,Elaeagnus umbellata,Yes
plant_images/8381.jpg,6,Lonicera japonica,Yes
plant_images/23137.jpg,2,Elaeagnus umbellata,Yes
plant_images/8510.jpg,1,Rhus copallinum,No
plant_images/16432.jpg,14,Ficaria verna,Yes
plant_images/23186.jpg,4,Rubus phoenicolasius,Yes
plant_images/12165.jpg,3,Asimina triloba,No
plant_images/22856.jpg,6,Lonicera japonica,Yes
plant_images/12640.jpg,14,Ficaria verna,Yes
plant_images/20266.jpg,12,Alliaria petiolata,Yes
plant_images/27493.jpg,3,Asimina triloba,No
plant_images/83.jpg,9,Parthenocissus quinquefolia,No
plant_images/6045.jpg,9,Parthenocissus quinquefolia,No
plant_images/1645.jpg,14,Ficaria verna,Yes
plant_images/3642.jpg,12,Alliaria petiolata,Yes
plant_images/24746.jpg,12,Alliaria petiolata,Yes
plant_images/15752.jpg,3,Asimina triloba,No
plant_images/23699.jpg,9,Parthenocissus quinquefolia,No
plant_images/23073.jpg,5,Rubus occidentalis,No
plant_images/8532.jpg,2,Elaeagnus umbellata,Yes
plant_images/1891.jpg,7,Campsis radicans,No
plant_images/9769.jpg,6,Lonicera japonica,Yes
plant_images/2010.jpg,8,Hedera helix,Yes
plant_images/26772.jpg,2,Elaeagnus umbellata,Yes
plant_images/5752.jpg,9,Parthenocissus quinquefolia,No
plant_images/11066.jpg,14,Ficaria verna,Yes
plant_images/17272.jpg,6,Lonicera japonica,Yes
plant_images/13638.jpg,0,Ailanthus altissima,Yes
plant_images/15150.jpg,8,Hedera helix,Yes
plant_images/11230.jpg,14,Ficaria verna,Yes
plant_images/3987.jpg,6,Lonicera japonica,Yes
plant_images/12607.jpg,14,Ficaria verna,Yes
plant_images/2420.jpg,8,Hedera helix,Yes
plant_images/8049.jpg,4,Rubus phoenicolasius,Yes
plant_images/25827.jpg,7,Campsis radicans,No
plant_images/22529.jpg,4,Rubus phoenicolasius,Yes
plant_images/19809.jpg,2,Elaeagnus umbellata,Yes
plant_images/2040.jpg,12,Alliaria petiolata,Yes
plant_images/12955.jpg,14,Ficaria verna,Yes
plant_images/23488.jpg,2,Elaeagnus umbellata,Yes
plant_images/6006.jpg,12,Alliaria petiolata,Yes
plant_images/24811.jpg,2,Elaeagnus umbellata,Yes
plant_images/5427.jpg,8,Hedera helix,Yes
plant_images/7736.jpg,0,Ailanthus altissima,Yes
plant_images/16132.jpg,6,Lonicera japonica,Yes
plant_images/16640.jpg,3,Asimina triloba,No
plant_images/13081.jpg,3,Asimina triloba,No
plant_images/3586.jpg,9,Parthenocissus quinquefolia,No
plant_images/25636.jpg,3,Asimina triloba,No
plant_images/3194.jpg,10,Persicaria perfoliata,Yes
plant_images/22728.jpg,15,Packera aurea,No
plant_images/25890.jpg,1,Rhus copallinum,No
plant_images/28169.jpg,9,Parthenocissus quinquefolia,No
plant_images/3501.jpg,14,Ficaria verna,Yes
plant_images/1210.jpg,7,Campsis radicans,No
plant_images/27932.jpg,10,Persicaria perfoliata,Yes
plant_images/2868.jpg,8,Hedera helix,Yes
plant_images/23074.jpg,2,Elaeagnus umbellata,Yes
plant_images/26425.jpg,0,Ailanthus altissima,Yes
plant_images/5312.jpg,7,Campsis radicans,No
plant_images/21096.jpg,2,Elaeagnus umbellata,Yes
plant_images/2557.jpg,6,Lonicera japonica,Yes
plant_images/67.jpg,9,Parthenocissus quinquefolia,No
plant_images/22879.jpg,3,Asimina triloba,No
plant_images/25132.jpg,3,Asimina triloba,No
plant_images/21972.jpg,12,Alliaria petiolata,Yes
plant_images/8914.jpg,6,Lonicera japonica,Yes
plant_images/16295.jpg,9,Parthenocissus quinquefolia,No
plant_images/4617.jpg,1,Rhus copallinum,No
plant_images/18666.jpg,9,Parthenocissus quinquefolia,No
plant_images/17195.jpg,10,Persicaria perfoliata,Yes
plant_images/6617.jpg,4,Rubus phoenicolasius,Yes
plant_images/14376.jpg,5,Rubus occidentalis,No
plant_images/16327.jpg,3,Asimina triloba,No
plant_images/11618.jpg,13,Geum canadense,No
plant_images/22686.jpg,2,Elaeagnus umbellata,Yes
plant_images/13942.jpg,1,Rhus copallinum,No
plant_images/3114.jpg,2,Elaeagnus umbellata,Yes
plant_images/12308.jpg,11,Persicaria sagittata,No
plant_images/18593.jpg,14,Ficaria verna,Yes
plant_images/12511.jpg,4,Rubus phoenicolasius,Yes
plant_images/12636.jpg,14,Ficaria verna,Yes
plant_images/18620.jpg,9,Parthenocissus quinquefolia,No
plant_images/9945.jpg,9,Parthenocissus quinquefolia,No
plant_images/1212.jpg,8,Hedera helix,Yes
plant_images/2130.jpg,12,Alliaria petiolata,Yes
plant_images/17591.jpg,10,Persicaria perfoliata,Yes
plant_images/8396.jpg,7,Campsis radicans,No
plant_images/25521.jpg,2,Elaeagnus umbellata,Yes
plant_images/16306.jpg,4,Rubus phoenicolasius,Yes
plant_images/11040.jpg,4,Rubus phoenicolasius,Yes
plant_images/25271.jpg,7,Campsis radicans,No
plant_images/4205.jpg,8,Hedera helix,Yes
plant_images/19382.jpg,2,Elaeagnus umbellata,Yes
plant_images/4998.jpg,6,Lonicera japonica,Yes
plant_images/5041.jpg,7,Campsis radicans,No
plant_images/6427.jpg,3,Asimina triloba,No
plant_images/20714.jpg,3,Asimina triloba,No
plant_images/17539.jpg,3,Asimina triloba,No
plant_images/20870.jpg,3,Asimina triloba,No
plant_images/921.jpg,6,Lonicera japonica,Yes
plant_images/13071.jpg,2,Elaeagnus umbellata,Yes
plant_images/6466.jpg,11,Persicaria sagittata,No
plant_images/19473.jpg,2,Elaeagnus umbellata,Yes
plant_images/11354.jpg,12,Alliaria petiolata,Yes
plant_images/28231.jpg,3,Asimina triloba,No
plant_images/27580.jpg,2,Elaeagnus umbellata,Yes
plant_images/17519.jpg,3,Asimina triloba,No
plant_images/15058.jpg,12,Alliaria petiolata,Yes
plant_images/23970.jpg,0,Ailanthus altissima,Yes
plant_images/11682.jpg,10,Persicaria perfoliata,Yes
plant_images/23331.jpg,4,Rubus phoenicolasius,Yes
plant_images/11552.jpg,12,Alliaria petiolata,Yes
plant_images/16824.jpg,9,Parthenocissus quinquefolia,No
plant_images/17054.jpg,4,Rubus phoenicolasius,Yes
plant_images/6076.jpg,2,Elaeagnus umbellata,Yes
plant_images/13841.jpg,1,Rhus copallinum,No
plant_images/19509.jpg,1,Rhus copallinum,No
plant_images/7520.jpg,9,Parthenocissus quinquefolia,No
plant_images/16533.jpg,4,Rubus phoenicolasius,Yes
plant_images/10275.jpg,7,Campsis radicans,No
plant_images/4218.jpg,9,Parthenocissus quinquefolia,No
plant_images/18951.jpg,3,Asimina triloba,No
plant_images/7265.jpg,13,Geum canadense,No
plant_images/25074.jpg,4,Rubus phoenicolasius,Yes
plant_images/23968.jpg,0,Ailanthus altissima,Yes
plant_images/15515.jpg,2,Elaeagnus umbellata,Yes
plant_images/20942.jpg,6,Lonicera japonica,Yes
plant_images/23732.jpg,4,Rubus phoenicolasius,Yes
plant_images/23111.jpg,11,Persicaria sagittata,No
plant_images/24415.jpg,15,Packera aurea,No
plant_images/23014.jpg,4,Rubus phoenicolasius,Yes
plant_images/369.jpg,0,Ailanthus altissima,Yes
plant_images/13193.jpg,12,Alliaria petiolata,Yes
plant_images/24755.jpg,2,Elaeagnus umbellata,Yes
plant_images/2907.jpg,15,Packera aurea,No
plant_images/17480.jpg,2,Elaeagnus umbellata,Yes
plant_images/26227.jpg,9,Parthenocissus quinquefolia,No
plant_images/13353.jpg,2,Elaeagnus umbellata,Yes
plant_images/9946.jpg,15,Packera aurea,No
plant_images/7853.jpg,9,Parthenocissus quinquefolia,No
plant_images/9173.jpg,12,Alliaria petiolata,Yes
plant_images/16352.jpg,15,Packera aurea,No
plant_images/11121.jpg,14,Ficaria verna,Yes
plant_images/19277.jpg,9,Parthenocissus quinquefolia,No
plant_images/3547.jpg,14,Ficaria verna,Yes
plant_images/11688.jpg,3,Asimina triloba,No
plant_images/24043.jpg,3,Asimina triloba,No
plant_images/6469.jpg,7,Campsis radicans,No
plant_images/9294.jpg,13,Geum canadense,No
plant_images/8895.jpg,12,Alliaria petiolata,Yes
plant_images/584.jpg,3,Asimina triloba,No
plant_images/7201.jpg,15,Packera aurea,No
plant_images/9794.jpg,12,Alliaria petiolata,Yes
plant_images/15784.jpg,2,Elaeagnus umbellata,Yes
plant_images/4177.jpg,9,Parthenocissus quinquefolia,No
plant_images/15790.jpg,8,Hedera helix,Yes
plant_images/7885.jpg,6,Lonicera japonica,Yes
plant_images/18545.jpg,15,Packera aurea,No
plant_images/25703.jpg,12,Alliaria petiolata,Yes
plant_images/2503.jpg,12,Alliaria petiolata,Yes
plant_images/21507.jpg,0,Ailanthus altissima,Yes
plant_images/12658.jpg,14,Ficaria verna,Yes
plant_images/20495.jpg,12,Alliaria petiolata,Yes
plant_images/18816.jpg,15,Packera aurea,No
plant_images/8613.jpg,0,Ailanthus altissima,Yes
plant_images/14278.jpg,0,Ailanthus altissima,Yes
plant_images/15095.jpg,12,Alliaria petiolata,Yes
plant_images/8778.jpg,13,Geum canadense,No
plant_images/23180.jpg,0,Ailanthus altissima,Yes
plant_images/19719.jpg,13,Geum canadense,No
plant_images/15738.jpg,3,Asimina triloba,No
plant_images/18034.jpg,14,Ficaria verna,Yes
plant_images/10903.jpg,14,Ficaria verna,Yes
plant_images/12045.jpg,0,Ailanthus altissima,Yes
plant_images/14405.jpg,6,Lonicera japonica,Yes
plant_images/7763.jpg,0,Ailanthus altissima,Yes
plant_images/14827.jpg,5,Rubus occidentalis,No
plant_images/28073.jpg,12,Alliaria petiolata,Yes
plant_images/3072.jpg,9,Parthenocissus quinquefolia,No
plant_images/3073.jpg,9,Parthenocissus quinquefolia,No
plant_images/2902.jpg,14,Ficaria verna,Yes
plant_images/8164.jpg,4,Rubus phoenicolasius,Yes
plant_images/1731.jpg,3,Asimina triloba,No
plant_images/2873.jpg,14,Ficaria verna,Yes
plant_images/15235.jpg,8,Hedera helix,Yes
plant_images/9963.jpg,6,Lonicera japonica,Yes
plant_images/2594.jpg,3,Asimina triloba,No
plant_images/15172.jpg,13,Geum canadense,No
plant_images/1469.jpg,3,Asimina triloba,No
plant_images/7997.jpg,2,Elaeagnus umbellata,Yes
plant_images/7329.jpg,8,Hedera helix,Yes
plant_images/24714.jpg,3,Asimina triloba,No
plant_images/4667.jpg,0,Ailanthus altissima,Yes
plant_images/27821.jpg,11,Persicaria sagittata,No
plant_images/19640.jpg,3,Asimina triloba,No
plant_images/26985.jpg,4,Rubus phoenicolasius,Yes
plant_images/22265.jpg,4,Rubus phoenicolasius,Yes
plant_images/4123.jpg,9,Parthenocissus quinquefolia,No
plant_images/22799.jpg,9,Parthenocissus quinquefolia,No
plant_images/27690.jpg,3,Asimina triloba,No
plant_images/5304.jpg,0,Ailanthus altissima,Yes
plant_images/6587.jpg,6,Lonicera japonica,Yes
plant_images/5754.jpg,12,Alliaria petiolata,Yes
plant_images/24660.jpg,14,Ficaria verna,Yes
plant_images/9555.jpg,15,Packera aurea,No
plant_images/14276.jpg,4,Rubus phoenicolasius,Yes
plant_images/27356.jpg,11,Persicaria sagittata,No
plant_images/13447.jpg,3,Asimina triloba,No
plant_images/25773.jpg,9,Parthenocissus quinquefolia,No
plant_images/6900.jpg,14,Ficaria verna,Yes
plant_images/18470.jpg,11,Persicaria sagittata,No
plant_images/23631.jpg,12,Alliaria petiolata,Yes
plant_images/3234.jpg,4,Rubus phoenicolasius,Yes
plant_images/3085.jpg,9,Parthenocissus quinquefolia,No
plant_images/17458.jpg,8,Hedera helix,Yes
plant_images/20906.jpg,6,Lonicera japonica,Yes
plant_images/14427.jpg,14,Ficaria verna,Yes
plant_images/4407.jpg,0,Ailanthus altissima,Yes
plant_images/16398.jpg,7,Campsis radicans,No
plant_images/17079.jpg,4,Rubus phoenicolasius,Yes
plant_images/19424.jpg,10,Persicaria perfoliata,Yes
plant_images/4101.jpg,15,Packera aurea,No
plant_images/13771.jpg,4,Rubus phoenicolasius,Yes
plant_images/6367.jpg,7,Campsis radicans,No
plant_images/8820.jpg,6,Lonicera japonica,Yes
plant_images/20046.jpg,12,Alliaria petiolata,Yes
plant_images/9414.jpg,2,Elaeagnus umbellata,Yes
plant_images/23663.jpg,14,Ficaria verna,Yes
plant_images/591.jpg,9,Parthenocissus quinquefolia,No
plant_images/20110.jpg,2,Elaeagnus umbellata,Yes
plant_images/26284.jpg,4,Rubus phoenicolasius,Yes
plant_images/4875.jpg,10,Persicaria perfoliata,Yes
plant_images/21517.jpg,6,Lonicera japonica,Yes
plant_images/5968.jpg,9,Parthenocissus quinquefolia,No
plant_images/6164.jpg,0,Ailanthus altissima,Yes
plant_images/12589.jpg,14,Ficaria verna,Yes
plant_images/26232.jpg,3,Asimina triloba,No
plant_images/2268.jpg,7,Campsis radicans,No
plant_images/21466.jpg,4,Rubus phoenicolasius,Yes
plant_images/22736.jpg,12,Alliaria petiolata,Yes
plant_images/19091.jpg,14,Ficaria verna,Yes
plant_images/3387.jpg,4,Rubus phoenicolasius,Yes
plant_images/15091.jpg,3,Asimina triloba,No
plant_images/7093.jpg,7,Campsis radicans,No
plant_images/19992.jpg,12,Alliaria petiolata,Yes
plant_images/21319.jpg,2,Elaeagnus umbellata,Yes
plant_images/11026.jpg,12,Alliaria petiolata,Yes
plant_images/28205.jpg,13,Geum canadense,No
plant_images/15452.jpg,9,Parthenocissus quinquefolia,No
plant_images/17653.jpg,3,Asimina triloba,No
plant_images/8371.jpg,7,Campsis radicans,No
plant_images/26664.jpg,9,Parthenocissus quinquefolia,No
plant_images/4430.jpg,0,Ailanthus altissima,Yes
plant_images/1003.jpg,8,Hedera helix,Yes
plant_images/11715.jpg,4,Rubus phoenicolasius,Yes
plant_images/9948.jpg,8,Hedera helix,Yes
plant_images/18774.jpg,9,Parthenocissus quinquefolia,No
plant_images/20845.jpg,7,Campsis radicans,No
plant_images/27445.jpg,0,Ailanthus altissima,Yes
plant_images/16762.jpg,6,Lonicera japonica,Yes
plant_images/4224.jpg,9,Parthenocissus quinquefolia,No
plant_images/2705.jpg,7,Campsis radicans,No
plant_images/26715.jpg,2,Elaeagnus umbellata,Yes
plant_images/164.jpg,12,Alliaria petiolata,Yes
plant_images/1750.jpg,4,Rubus phoenicolasius,Yes
plant_images/27256.jpg,6,Lonicera japonica,Yes
plant_images/10467.jpg,3,Asimina triloba,No
plant_images/11105.jpg,14,Ficaria verna,Yes
plant_images/6425.jpg,4,Rubus phoenicolasius,Yes
plant_images/17573.jpg,1,Rhus copallinum,No
plant_images/18865.jpg,3,Asimina triloba,No
plant_images/21628.jpg,14,Ficaria verna,Yes
plant_images/4183.jpg,8,Hedera helix,Yes
plant_images/2989.jpg,12,Alliaria petiolata,Yes
plant_images/14496.jpg,14,Ficaria verna,Yes
plant_images/27806.jpg,1,Rhus copallinum,No
plant_images/18092.jpg,14,Ficaria verna,Yes
plant_images/28150.jpg,0,Ailanthus altissima,Yes
plant_images/6054.jpg,4,Rubus phoenicolasius,Yes
plant_images/12137.jpg,7,Campsis radicans,No
plant_images/18114.jpg,3,Asimina triloba,No
plant_images/26648.jpg,9,Parthenocissus quinquefolia,No
plant_images/28244.jpg,2,Elaeagnus umbellata,Yes
plant_images/7889.jpg,6,Lonicera japonica,Yes
plant_images/12976.jpg,14,Ficaria verna,Yes
plant_images/23196.jpg,0,Ailanthus altissima,Yes
plant_images/21409.jpg,6,Lonicera japonica,Yes
plant_images/15029.jpg,9,Parthenocissus quinquefolia,No
plant_images/24442.jpg,12,Alliaria petiolata,Yes
plant_images/26188.jpg,9,Parthenocissus quinquefolia,No
plant_images/25597.jpg,0,Ailanthus altissima,Yes
plant_images/12172.jpg,0,Ailanthus altissima,Yes
plant_images/7923.jpg,6,Lonicera japonica,Yes
plant_images/9995.jpg,9,Parthenocissus quinquefolia,No
plant_images/3095.jpg,9,Parthenocissus quinquefolia,No
plant_images/954.jpg,15,Packera aurea,No
plant_images/23434.jpg,7,Campsis radicans,No
plant_images/15356.jpg,7,Campsis radicans,No
plant_images/12457.jpg,6,Lonicera japonica,Yes
plant_images/3232.jpg,10,Persicaria perfoliata,Yes
plant_images/16438.jpg,4,Rubus phoenicolasius,Yes
plant_images/7109.jpg,2,Elaeagnus umbellata,Yes
plant_images/25748.jpg,6,Lonicera japonica,Yes
plant_images/7213.jpg,2,Elaeagnus umbellata,Yes
plant_images/9118.jpg,14,Ficaria verna,Yes
plant_images/25126.jpg,1,Rhus copallinum,No
plant_images/6881.jpg,8,Hedera helix,Yes
plant_images/9066.jpg,14,Ficaria verna,Yes
plant_images/14775.jpg,12,Alliaria petiolata,Yes
plant_images/20936.jpg,4,Rubus phoenicolasius,Yes
plant_images/4698.jpg,3,Asimina triloba,No
plant_images/16884.jpg,3,Asimina triloba,No
plant_images/18002.jpg,14,Ficaria verna,Yes
plant_images/25442.jpg,7,Campsis radicans,No
plant_images/750.jpg,4,Rubus phoenicolasius,Yes
plant_images/17620.jpg,2,Elaeagnus umbellata,Yes
plant_images/10480.jpg,8,Hedera helix,Yes
plant_images/22904.jpg,3,Asimina triloba,No
plant_images/6365.jpg,6,Lonicera japonica,Yes
plant_images/7349.jpg,12,Alliaria petiolata,Yes
plant_images/2414.jpg,0,Ailanthus altissima,Yes
plant_images/6840.jpg,8,Hedera helix,Yes
plant_images/10847.jpg,3,Asimina triloba,No
plant_images/24821.jpg,12,Alliaria petiolata,Yes
plant_images/22842.jpg,6,Lonicera japonica,Yes
plant_images/2810.jpg,3,Asimina triloba,No
plant_images/11580.jpg,14,Ficaria verna,Yes
plant_images/23229.jpg,11,Persicaria sagittata,No
plant_images/27743.jpg,9,Parthenocissus quinquefolia,No
plant_images/13495.jpg,2,Elaeagnus umbellata,Yes
plant_images/14975.jpg,8,Hedera helix,Yes
plant_images/15921.jpg,14,Ficaria verna,Yes
plant_images/16963.jpg,4,Rubus phoenicolasius,Yes
plant_images/17990.jpg,14,Ficaria verna,Yes
plant_images/25129.jpg,15,Packera aurea,No
plant_images/18540.jpg,12,Alliaria petiolata,Yes
plant_images/17014.jpg,11,Persicaria sagittata,No
plant_images/6909.jpg,12,Alliaria petiolata,Yes
plant_images/21854.jpg,6,Lonicera japonica,Yes
plant_images/19906.jpg,4,Rubus phoenicolasius,Yes
plant_images/21918.jpg,8,Hedera helix,Yes
plant_images/15160.jpg,7,Campsis radicans,No
plant_images/6696.jpg,2,Elaeagnus umbellata,Yes
plant_images/14302.jpg,8,Hedera helix,Yes
plant_images/5802.jpg,12,Alliaria petiolata,Yes
plant_images/7363.jpg,9,Parthenocissus quinquefolia,No
plant_images/28266.jpg,6,Lonicera japonica,Yes
plant_images/15646.jpg,7,Campsis radicans,No
plant_images/22526.jpg,3,Asimina triloba,No
plant_images/22376.jpg,11,Persicaria sagittata,No
plant_images/11573.jpg,0,Ailanthus altissima,Yes
plant_images/7591.jpg,14,Ficaria verna,Yes
plant_images/8219.jpg,9,Parthenocissus quinquefolia,No
plant_images/314.jpg,12,Alliaria petiolata,Yes
plant_images/9081.jpg,14,Ficaria verna,Yes
plant_images/11195.jpg,12,Alliaria petiolata,Yes
plant_images/22127.jpg,9,Parthenocissus quinquefolia,No
plant_images/19980.jpg,6,Lonicera japonica,Yes
plant_images/15529.jpg,2,Elaeagnus umbellata,Yes
plant_images/21963.jpg,3,Asimina triloba,No
plant_images/6239.jpg,0,Ailanthus altissima,Yes
plant_images/11589.jpg,9,Parthenocissus quinquefolia,No
plant_images/6171.jpg,6,Lonicera japonica,Yes
plant_images/9452.jpg,2,Elaeagnus umbellata,Yes
plant_images/10934.jpg,14,Ficaria verna,Yes
plant_images/24881.jpg,2,Elaeagnus umbellata,Yes
plant_images/4277.jpg,9,Parthenocissus quinquefolia,No
plant_images/27387.jpg,0,Ailanthus altissima,Yes
plant_images/7940.jpg,3,Asimina triloba,No
plant_images/23377.jpg,4,Rubus phoenicolasius,Yes
plant_images/22593.jpg,5,Rubus occidentalis,No
plant_images/23628.jpg,12,Alliaria petiolata,Yes
plant_images/3487.jpg,14,Ficaria verna,Yes
plant_images/27677.jpg,3,Asimina triloba,No
plant_images/22837.jpg,6,Lonicera japonica,Yes
plant_images/17500.jpg,11,Persicaria sagittata,No
plant_images/24893.jpg,6,Lonicera japonica,Yes
plant_images/27011.jpg,3,Asimina triloba,No
plant_images/24782.jpg,12,Alliaria petiolata,Yes
plant_images/13093.jpg,3,Asimina triloba,No
plant_images/25073.jpg,2,Elaeagnus umbellata,Yes
plant_images/19759.jpg,2,Elaeagnus umbellata,Yes
plant_images/24373.jpg,3,Asimina triloba,No
plant_images/19301.jpg,1,Rhus copallinum,No
plant_images/12397.jpg,3,Asimina triloba,No
plant_images/27439.jpg,6,Lonicera japonica,Yes
plant_images/13800.jpg,3,Asimina triloba,No
plant_images/9062.jpg,14,Ficaria verna,Yes
plant_images/5941.jpg,12,Alliaria petiolata,Yes
plant_images/3256.jpg,9,Parthenocissus quinquefolia,No
plant_images/8520.jpg,0,Ailanthus altissima,Yes
plant_images/27350.jpg,1,Rhus copallinum,No
plant_images/18230.jpg,14,Ficaria verna,Yes
plant_images/14099.jpg,0,Ailanthus altissima,Yes
plant_images/16039.jpg,6,Lonicera japonica,Yes
plant_images/24732.jpg,4,Rubus phoenicolasius,Yes
plant_images/1712.jpg,4,Rubus phoenicolasius,Yes
plant_images/18279.jpg,3,Asimina triloba,No
plant_images/11209.jpg,12,Alliaria petiolata,Yes
plant_images/8849.jpg,14,Ficaria verna,Yes
plant_images/11975.jpg,4,Rubus phoenicolasius,Yes
plant_images/6585.jpg,2,Elaeagnus umbellata,Yes
plant_images/14429.jpg,15,Packera aurea,No
plant_images/6370.jpg,1,Rhus copallinum,No
plant_images/23394.jpg,6,Lonicera japonica,Yes
plant_images/26948.jpg,14,Ficaria verna,Yes
plant_images/19343.jpg,7,Campsis radicans,No
plant_images/23134.jpg,4,Rubus phoenicolasius,Yes
plant_images/4480.jpg,3,Asimina triloba,No
plant_images/6658.jpg,13,Geum canadense,No
plant_images/18332.jpg,2,Elaeagnus umbellata,Yes
plant_images/26641.jpg,9,Parthenocissus quinquefolia,No
plant_images/8277.jpg,8,Hedera helix,Yes
plant_images/26051.jpg,3,Asimina triloba,No
plant_images/14643.jpg,14,Ficaria verna,Yes
plant_images/5308.jpg,9,Parthenocissus quinquefolia,No
plant_images/25050.jpg,6,Lonicera japonica,Yes
plant_images/9446.jpg,4,Rubus phoenicolasius,Yes
plant_images/14607.jpg,14,Ficaria verna,Yes
plant_images/7915.jpg,3,Asimina triloba,No
plant_images/12580.jpg,14,Ficaria verna,Yes
plant_images/13073.jpg,12,Alliaria petiolata,Yes
plant_images/21422.jpg,0,Ailanthus altissima,Yes
plant_images/12740.jpg,14,Ficaria verna,Yes
plant_images/8768.jpg,12,Alliaria petiolata,Yes
plant_images/10396.jpg,3,Asimina triloba,No
plant_images/22209.jpg,6,Lonicera japonica,Yes
plant_images/4871.jpg,9,Parthenocissus quinquefolia,No
plant_images/41.jpg,8,Hedera helix,Yes
plant_images/9490.jpg,3,Asimina triloba,No
plant_images/7531.jpg,12,Alliaria petiolata,Yes
plant_images/14585.jpg,12,Alliaria petiolata,Yes
plant_images/17646.jpg,10,Persicaria perfoliata,Yes
plant_images/12471.jpg,6,Lonicera japonica,Yes
plant_images/20144.jpg,3,Asimina triloba,No
plant_images/19344.jpg,3,Asimina triloba,No
plant_images/11485.jpg,14,Ficaria verna,Yes
plant_images/22372.jpg,1,Rhus copallinum,No
plant_images/5027.jpg,12,Alliaria petiolata,Yes
plant_images/14070.jpg,0,Ailanthus altissima,Yes
plant_images/6235.jpg,4,Rubus phoenicolasius,Yes
plant_images/9727.jpg,4,Rubus phoenicolasius,Yes
plant_images/23276.jpg,4,Rubus phoenicolasius,Yes
plant_images/26364.jpg,1,Rhus copallinum,No
plant_images/17070.jpg,7,Campsis radicans,No
plant_images/7459.jpg,15,Packera aurea,No
plant_images/21199.jpg,7,Campsis radicans,No
plant_images/141.jpg,8,Hedera helix,Yes
plant_images/24937.jpg,2,Elaeagnus umbellata,Yes
plant_images/28253.jpg,3,Asimina triloba,No
plant_images/23169.jpg,3,Asimina triloba,No
plant_images/17423.jpg,11,Persicaria sagittata,No
plant_images/23809.jpg,9,Parthenocissus quinquefolia,No
plant_images/21433.jpg,3,Asimina triloba,No
plant_images/3207.jpg,6,Lonicera japonica,Yes
plant_images/19230.jpg,8,Hedera helix,Yes
plant_images/24543.jpg,7,Campsis radicans,No
plant_images/9687.jpg,4,Rubus phoenicolasius,Yes
plant_images/5428.jpg,10,Persicaria perfoliata,Yes
plant_images/6483.jpg,2,Elaeagnus umbellata,Yes
plant_images/2780.jpg,0,Ailanthus altissima,Yes
plant_images/14103.jpg,8,Hedera helix,Yes
plant_images/6931.jpg,12,Alliaria petiolata,Yes
plant_images/21916.jpg,3,Asimina triloba,No
plant_images/13266.jpg,2,Elaeagnus umbellata,Yes
plant_images/8154.jpg,13,Geum canadense,No
plant_images/9517.jpg,2,Elaeagnus umbellata,Yes
plant_images/21300.jpg,2,Elaeagnus umbellata,Yes
plant_images/2455.jpg,14,Ficaria verna,Yes
plant_images/26313.jpg,7,Campsis radicans,No
plant_images/18339.jpg,14,Ficaria verna,Yes
plant_images/3065.jpg,0,Ailanthus altissima,Yes
plant_images/21684.jpg,4,Rubus phoenicolasius,Yes
plant_images/8201.jpg,7,Campsis radicans,No
plant_images/9575.jpg,6,Lonicera japonica,Yes
plant_images/4799.jpg,14,Ficaria verna,Yes
plant_images/18445.jpg,8,Hedera helix,Yes
plant_images/10046.jpg,12,Alliaria petiolata,Yes
plant_images/27026.jpg,12,Alliaria petiolata,Yes
plant_images/23022.jpg,9,Parthenocissus quinquefolia,No
plant_images/13856.jpg,0,Ailanthus altissima,Yes
plant_images/8416.jpg,4,Rubus phoenicolasius,Yes
plant_images/27390.jpg,11,Persicaria sagittata,No
plant_images/19175.jpg,3,Asimina triloba,No
plant_images/16923.jpg,5,Rubus occidentalis,No
plant_images/10505.jpg,1,Rhus copallinum,No
plant_images/17734.jpg,8,Hedera helix,Yes
plant_images/14531.jpg,14,Ficaria verna,Yes
plant_images/19652.jpg,3,Asimina triloba,No
plant_images/355.jpg,4,Rubus phoenicolasius,Yes
plant_images/26041.jpg,14,Ficaria verna,Yes
plant_images/11608.jpg,12,Alliaria petiolata,Yes
plant_images/16698.jpg,9,Parthenocissus quinquefolia,No
plant_images/21943.jpg,10,Persicaria perfoliata,Yes
plant_images/1170.jpg,9,Parthenocissus quinquefolia,No
plant_images/27331.jpg,3,Asimina triloba,No
plant_images/10179.jpg,4,Rubus phoenicolasius,Yes
plant_images/27316.jpg,7,Campsis radicans,No
plant_images/26626.jpg,15,Packera aurea,No
plant_images/14933.jpg,8,Hedera helix,Yes
plant_images/23986.jpg,3,Asimina triloba,No
plant_images/24299.jpg,2,Elaeagnus umbellata,Yes
plant_images/16618.jpg,9,Parthenocissus quinquefolia,No
plant_images/23999.jpg,10,Persicaria perfoliata,Yes
plant_images/21811.jpg,7,Campsis radicans,No
plant_images/4367.jpg,8,Hedera helix,Yes
plant_images/8310.jpg,9,Parthenocissus quinquefolia,No
plant_images/21717.jpg,3,Asimina triloba,No
plant_images/14115.jpg,10,Persicaria perfoliata,Yes
plant_images/13315.jpg,12,Alliaria petiolata,Yes
plant_images/20878.jpg,10,Persicaria perfoliata,Yes
plant_images/9554.jpg,12,Alliaria petiolata,Yes
plant_images/27990.jpg,13,Geum canadense,No
plant_images/5049.jpg,14,Ficaria verna,Yes
plant_images/4329.jpg,9,Parthenocissus quinquefolia,No
plant_images/16998.jpg,4,Rubus phoenicolasius,Yes
plant_images/24740.jpg,2,Elaeagnus umbellata,Yes
plant_images/14175.jpg,11,Persicaria sagittata,No
plant_images/21308.jpg,2,Elaeagnus umbellata,Yes
plant_images/23932.jpg,0,Ailanthus altissima,Yes
plant_images/22141.jpg,2,Elaeagnus umbellata,Yes
plant_images/28295.jpg,4,Rubus phoenicolasius,Yes
plant_images/1823.jpg,15,Packera aurea,No
plant_images/15570.jpg,7,Campsis radicans,No
plant_images/18968.jpg,14,Ficaria verna,Yes
plant_images/3217.jpg,9,Parthenocissus quinquefolia,No
plant_images/8643.jpg,4,Rubus phoenicolasius,Yes
plant_images/6219.jpg,14,Ficaria verna,Yes
plant_images/13596.jpg,4,Rubus phoenicolasius,Yes
plant_images/16857.jpg,3,Asimina triloba,No
plant_images/4450.jpg,0,Ailanthus altissima,Yes
plant_images/2794.jpg,7,Campsis radicans,No
plant_images/21072.jpg,3,Asimina triloba,No
plant_images/12420.jpg,2,Elaeagnus umbellata,Yes
plant_images/23843.jpg,3,Asimina triloba,No
plant_images/393.jpg,13,Geum canadense,No
plant_images/2761.jpg,9,Parthenocissus quinquefolia,No
plant_images/14869.jpg,9,Parthenocissus quinquefolia,No
plant_images/19010.jpg,12,Alliaria petiolata,Yes
plant_images/10658.jpg,9,Parthenocissus quinquefolia,No
plant_images/20099.jpg,2,Elaeagnus umbellata,Yes
plant_images/5801.jpg,9,Parthenocissus quinquefolia,No
plant_images/12370.jpg,4,Rubus phoenicolasius,Yes
plant_images/16326.jpg,3,Asimina triloba,No
plant_images/24809.jpg,2,Elaeagnus umbellata,Yes
plant_images/9905.jpg,15,Packera aurea,No
plant_images/1587.jpg,14,Ficaria verna,Yes
plant_images/642.jpg,12,Alliaria petiolata,Yes
plant_images/27379.jpg,9,Parthenocissus quinquefolia,No
plant_images/1366.jpg,8,Hedera helix,Yes
plant_images/18817.jpg,15,Packera aurea,No
plant_images/16627.jpg,10,Persicaria perfoliata,Yes
plant_images/7718.jpg,9,Parthenocissus quinquefolia,No
plant_images/496.jpg,12,Alliaria petiolata,Yes
plant_images/13690.jpg,4,Rubus phoenicolasius,Yes
plant_images/3679.jpg,14,Ficaria verna,Yes
plant_images/2172.jpg,13,Geum canadense,No
plant_images/12230.jpg,11,Persicaria sagittata,No
plant_images/14422.jpg,0,Ailanthus altissima,Yes
plant_images/22161.jpg,3,Asimina triloba,No
plant_images/11684.jpg,4,Rubus phoenicolasius,Yes
plant_images/20911.jpg,2,Elaeagnus umbellata,Yes
plant_images/8214.jpg,9,Parthenocissus quinquefolia,No
plant_images/6687.jpg,12,Alliaria petiolata,Yes
plant_images/13010.jpg,12,Alliaria petiolata,Yes
plant_images/470.jpg,14,Ficaria verna,Yes
plant_images/22671.jpg,4,Rubus phoenicolasius,Yes
plant_images/27534.jpg,3,Asimina triloba,No
plant_images/903.jpg,12,Alliaria petiolata,Yes
plant_images/18355.jpg,2,Elaeagnus umbellata,Yes
plant_images/8165.jpg,0,Ailanthus altissima,Yes
plant_images/9524.jpg,2,Elaeagnus umbellata,Yes
plant_images/24188.jpg,12,Alliaria petiolata,Yes
plant_images/514.jpg,12,Alliaria petiolata,Yes
plant_images/13398.jpg,12,Alliaria petiolata,Yes
plant_images/1895.jpg,3,Asimina triloba,No
plant_images/4994.jpg,2,Elaeagnus umbellata,Yes
plant_images/10775.jpg,4,Rubus phoenicolasius,Yes
plant_images/24961.jpg,12,Alliaria petiolata,Yes
plant_images/9576.jpg,6,Lonicera japonica,Yes
plant_images/10226.jpg,4,Rubus phoenicolasius,Yes
plant_images/5216.jpg,6,Lonicera japonica,Yes
plant_images/16233.jpg,3,Asimina triloba,No
plant_images/11526.jpg,15,Packera aurea,No
plant_images/3293.jpg,10,Persicaria perfoliata,Yes
plant_images/22815.jpg,4,Rubus phoenicolasius,Yes
plant_images/11268.jpg,7,Campsis radicans,No
plant_images/8203.jpg,6,Lonicera japonica,Yes
plant_images/7608.jpg,9,Parthenocissus quinquefolia,No
plant_images/4954.jpg,9,Parthenocissus quinquefolia,No
plant_images/17251.jpg,9,Parthenocissus quinquefolia,No
plant_images/21778.jpg,12,Alliaria petiolata,Yes
plant_images/18052.jpg,12,Alliaria petiolata,Yes
plant_images/5365.jpg,4,Rubus phoenicolasius,Yes
plant_images/11540.jpg,2,Elaeagnus umbellata,Yes
plant_images/20607.jpg,2,Elaeagnus umbellata,Yes
plant_images/8012.jpg,7,Campsis radicans,No
plant_images/23771.jpg,6,Lonicera japonica,Yes
plant_images/27518.jpg,3,Asimina triloba,No
plant_images/2346.jpg,4,Rubus phoenicolasius,Yes
plant_images/8748.jpg,6,Lonicera japonica,Yes
plant_images/26449.jpg,7,Campsis radicans,No
plant_images/23721.jpg,4,Rubus phoenicolasius,Yes
plant_images/10419.jpg,1,Rhus copallinum,No
plant_images/5622.jpg,14,Ficaria verna,Yes
plant_images/24762.jpg,14,Ficaria verna,Yes
plant_images/120.jpg,7,Campsis radicans,No
plant_images/2142.jpg,15,Packera aurea,No
plant_images/8382.jpg,13,Geum canadense,No
plant_images/21408.jpg,3,Asimina triloba,No
plant_images/15968.jpg,14,Ficaria verna,Yes
plant_images/28275.jpg,7,Campsis radicans,No
plant_images/5456.jpg,2,Elaeagnus umbellata,Yes
plant_images/22925.jpg,6,Lonicera japonica,Yes
plant_images/13356.jpg,8,Hedera helix,Yes
plant_images/6798.jpg,6,Lonicera japonica,Yes
plant_images/22539.jpg,4,Rubus phoenicolasius,Yes
plant_images/11929.jpg,8,Hedera helix,Yes
plant_images/14798.jpg,14,Ficaria verna,Yes
plant_images/17013.jpg,3,Asimina triloba,No
plant_images/23984.jpg,4,Rubus phoenicolasius,Yes
plant_images/16580.jpg,8,Hedera helix,Yes
plant_images/13222.jpg,9,Parthenocissus quinquefolia,No
plant_images/20706.jpg,12,Alliaria petiolata,Yes
plant_images/7275.jpg,15,Packera aurea,No
plant_images/311.jpg,9,Parthenocissus quinquefolia,No
plant_images/17449.jpg,9,Parthenocissus quinquefolia,No
plant_images/12150.jpg,0,Ailanthus altissima,Yes
plant_images/14304.jpg,12,Alliaria petiolata,Yes
plant_images/517.jpg,15,Packera aurea,No
plant_images/27566.jpg,2,Elaeagnus umbellata,Yes
plant_images/13767.jpg,4,Rubus phoenicolasius,Yes
plant_images/9091.jpg,14,Ficaria verna,Yes
plant_images/21062.jpg,3,Asimina triloba,No
plant_images/13133.jpg,4,Rubus phoenicolasius,Yes
plant_images/24512.jpg,1,Rhus copallinum,No
plant_images/28002.jpg,14,Ficaria verna,Yes
plant_images/13579.jpg,6,Lonicera japonica,Yes
plant_images/12633.jpg,14,Ficaria verna,Yes
plant_images/14615.jpg,12,Alliaria petiolata,Yes
plant_images/1032.jpg,13,Geum canadense,No
plant_images/16318.jpg,12,Alliaria petiolata,Yes
plant_images/15477.jpg,7,Campsis radicans,No
plant_images/13614.jpg,2,Elaeagnus umbellata,Yes
plant_images/20107.jpg,0,Ailanthus altissima,Yes
plant_images/28199.jpg,1,Rhus copallinum,No
plant_images/7002.jpg,4,Rubus phoenicolasius,Yes
plant_images/12032.jpg,1,Rhus copallinum,No
plant_images/14961.jpg,0,Ailanthus altissima,Yes
plant_images/10124.jpg,3,Asimina triloba,No
plant_images/1914.jpg,9,Parthenocissus quinquefolia,No
plant_images/26181.jpg,6,Lonicera japonica,Yes
plant_images/4883.jpg,10,Persicaria perfoliata,Yes
plant_images/18924.jpg,3,Asimina triloba,No
plant_images/14874.jpg,7,Campsis radicans,No
plant_images/55.jpg,15,Packera aurea,No
plant_images/10725.jpg,6,Lonicera japonica,Yes
plant_images/3320.jpg,4,Rubus phoenicolasius,Yes
plant_images/23675.jpg,14,Ficaria verna,Yes
plant_images/23095.jpg,2,Elaeagnus umbellata,Yes
plant_images/5974.jpg,13,Geum canadense,No
plant_images/22123.jpg,6,Lonicera japonica,Yes
plant_images/17783.jpg,1,Rhus copallinum,No
plant_images/14685.jpg,15,Packera aurea,No
plant_images/25955.jpg,10,Persicaria perfoliata,Yes
plant_images/8469.jpg,4,Rubus phoenicolasius,Yes
plant_images/19653.jpg,1,Rhus copallinum,No
plant_images/20574.jpg,2,Elaeagnus umbellata,Yes
plant_images/6925.jpg,12,Alliaria petiolata,Yes
plant_images/14519.jpg,14,Ficaria verna,Yes
plant_images/8506.jpg,7,Campsis radicans,No
plant_images/4716.jpg,3,Asimina triloba,No
plant_images/11559.jpg,7,Campsis radicans,No
plant_images/21134.jpg,4,Rubus phoenicolasius,Yes
plant_images/12850.jpg,14,Ficaria verna,Yes
plant_images/25766.jpg,9,Parthenocissus quinquefolia,No
plant_images/11541.jpg,15,Packera aurea,No
plant_images/14092.jpg,3,Asimina triloba,No
plant_images/8190.jpg,4,Rubus phoenicolasius,Yes
plant_images/8494.jpg,2,Elaeagnus umbellata,Yes
plant_images/25780.jpg,4,Rubus phoenicolasius,Yes
plant_images/1705.jpg,4,Rubus phoenicolasius,Yes
plant_images/17328.jpg,2,Elaeagnus umbellata,Yes
plant_images/20801.jpg,1,Rhus copallinum,No
plant_images/5109.jpg,6,Lonicera japonica,Yes
plant_images/9569.jpg,2,Elaeagnus umbellata,Yes
plant_images/7296.jpg,9,Parthenocissus quinquefolia,No
plant_images/28283.jpg,6,Lonicera japonica,Yes
plant_images/8157.jpg,3,Asimina triloba,No
plant_images/26900.jpg,7,Campsis radicans,No
plant_images/10056.jpg,12,Alliaria petiolata,Yes
plant_images/24331.jpg,3,Asimina triloba,No
plant_images/156.jpg,14,Ficaria verna,Yes
plant_images/23487.jpg,9,Parthenocissus quinquefolia,No
plant_images/22006.jpg,6,Lonicera japonica,Yes
plant_images/2602.jpg,9,Parthenocissus quinquefolia,No
plant_images/609.jpg,8,Hedera helix,Yes
plant_images/5259.jpg,4,Rubus phoenicolasius,Yes
plant_images/10453.jpg,10,Persicaria perfoliata,Yes
plant_images/8463.jpg,2,Elaeagnus umbellata,Yes
plant_images/22566.jpg,4,Rubus phoenicolasius,Yes
plant_images/23985.jpg,6,Lonicera japonica,Yes
plant_images/16579.jpg,12,Alliaria petiolata,Yes
plant_images/18589.jpg,14,Ficaria verna,Yes
plant_images/7452.jpg,12,Alliaria petiolata,Yes
plant_images/13897.jpg,0,Ailanthus altissima,Yes
plant_images/24876.jpg,9,Parthenocissus quinquefolia,No
plant_images/11433.jpg,12,Alliaria petiolata,Yes
plant_images/26134.jpg,12,Alliaria petiolata,Yes
plant_images/2279.jpg,9,Parthenocissus quinquefolia,No
plant_images/13507.jpg,14,Ficaria verna,Yes
plant_images/2892.jpg,5,Rubus occidentalis,No
plant_images/12883.jpg,14,Ficaria verna,Yes
plant_images/21940.jpg,0,Ailanthus altissima,Yes
plant_images/2083.jpg,15,Packera aurea,No
plant_images/22942.jpg,8,Hedera helix,Yes
plant_images/11144.jpg,12,Alliaria petiolata,Yes
plant_images/15889.jpg,14,Ficaria verna,Yes
plant_images/1634.jpg,14,Ficaria verna,Yes
plant_images/14991.jpg,3,Asimina triloba,No
plant_images/17238.jpg,13,Geum canadense,No
plant_images/19331.jpg,0,Ailanthus altissima,Yes
plant_images/24425.jpg,10,Persicaria perfoliata,Yes
plant_images/480.jpg,4,Rubus phoenicolasius,Yes
plant_images/11829.jpg,11,Persicaria sagittata,No
plant_images/15009.jpg,9,Parthenocissus quinquefolia,No
plant_images/14842.jpg,12,Alliaria petiolata,Yes
plant_images/7334.jpg,12,Alliaria petiolata,Yes
plant_images/20876.jpg,2,Elaeagnus umbellata,Yes
plant_images/25058.jpg,2,Elaeagnus umbellata,Yes
plant_images/12456.jpg,13,Geum canadense,No
plant_images/11.jpg,9,Parthenocissus quinquefolia,No
plant_images/23908.jpg,0,Ailanthus altissima,Yes
plant_images/13837.jpg,2,Elaeagnus umbellata,Yes
plant_images/8209.jpg,7,Campsis radicans,No
plant_images/2641.jpg,7,Campsis radicans,No
plant_images/26514.jpg,14,Ficaria verna,Yes
plant_images/14862.jpg,4,Rubus phoenicolasius,Yes
plant_images/25217.jpg,11,Persicaria sagittata,No
plant_images/26303.jpg,7,Campsis radicans,No
plant_images/17213.jpg,0,Ailanthus altissima,Yes
plant_images/14414.jpg,14,Ficaria verna,Yes
plant_images/28053.jpg,6,Lonicera japonica,Yes
plant_images/10902.jpg,14,Ficaria verna,Yes
plant_images/6975.jpg,6,Lonicera japonica,Yes
plant_images/22806.jpg,2,Elaeagnus umbellata,Yes
plant_images/5628.jpg,14,Ficaria verna,Yes
plant_images/3186.jpg,9,Parthenocissus quinquefolia,No
plant_images/16491.jpg,12,Alliaria petiolata,Yes
plant_images/18297.jpg,15,Packera aurea,No
plant_images/16860.jpg,3,Asimina triloba,No
plant_images/10764.jpg,8,Hedera helix,Yes
plant_images/16484.jpg,6,Lonicera japonica,Yes
plant_images/22485.jpg,6,Lonicera japonica,Yes
plant_images/25802.jpg,7,Campsis radicans,No
plant_images/20220.jpg,12,Alliaria petiolata,Yes
plant_images/17396.jpg,2,Elaeagnus umbellata,Yes
plant_images/22764.jpg,3,Asimina triloba,No
plant_images/7017.jpg,9,Parthenocissus quinquefolia,No
plant_images/22456.jpg,4,Rubus phoenicolasius,Yes
plant_images/19308.jpg,7,Campsis radicans,No
plant_images/4923.jpg,2,Elaeagnus umbellata,Yes
plant_images/19029.jpg,9,Parthenocissus quinquefolia,No
plant_images/2483.jpg,3,Asimina triloba,No
plant_images/7176.jpg,4,Rubus phoenicolasius,Yes
plant_images/17979.jpg,14,Ficaria verna,Yes
plant_images/23905.jpg,4,Rubus phoenicolasius,Yes
plant_images/23195.jpg,2,Elaeagnus umbellata,Yes
plant_images/5550.jpg,14,Ficaria verna,Yes
plant_images/27533.jpg,14,Ficaria verna,Yes
plant_images/18048.jpg,14,Ficaria verna,Yes
plant_images/14513.jpg,14,Ficaria verna,Yes
plant_images/13628.jpg,3,Asimina triloba,No
plant_images/4653.jpg,0,Ailanthus altissima,Yes
plant_images/8300.jpg,3,Asimina triloba,No
plant_images/10799.jpg,0,Ailanthus altissima,Yes
plant_images/24808.jpg,12,Alliaria petiolata,Yes
plant_images/27707.jpg,7,Campsis radicans,No
plant_images/5206.jpg,9,Parthenocissus quinquefolia,No
plant_images/8833.jpg,10,Persicaria perfoliata,Yes
plant_images/3659.jpg,3,Asimina triloba,No
plant_images/23326.jpg,0,Ailanthus altissima,Yes
plant_images/6040.jpg,3,Asimina triloba,No
plant_images/17782.jpg,0,Ailanthus altissima,Yes
plant_images/19769.jpg,9,Parthenocissus quinquefolia,No
plant_images/16662.jpg,12,Alliaria petiolata,Yes
plant_images/7258.jpg,9,Parthenocissus quinquefolia,No
plant_images/8905.jpg,4,Rubus phoenicolasius,Yes
plant_images/17017.jpg,3,Asimina triloba,No
plant_images/15463.jpg,8,Hedera helix,Yes
plant_images/14387.jpg,14,Ficaria verna,Yes
plant_images/248.jpg,9,Parthenocissus quinquefolia,No
plant_images/626.jpg,9,Parthenocissus quinquefolia,No
plant_images/5346.jpg,0,Ailanthus altissima,Yes
plant_images/21759.jpg,4,Rubus phoenicolasius,Yes
plant_images/2036.jpg,14,Ficaria verna,Yes
plant_images/2885.jpg,14,Ficaria verna,Yes
plant_images/16263.jpg,15,Packera aurea,No
plant_images/7447.jpg,8,Hedera helix,Yes
plant_images/11978.jpg,2,Elaeagnus umbellata,Yes
plant_images/24929.jpg,2,Elaeagnus umbellata,Yes
plant_images/19463.jpg,0,Ailanthus altissima,Yes
plant_images/3991.jpg,14,Ficaria verna,Yes
plant_images/6500.jpg,3,Asimina triloba,No
plant_images/23426.jpg,12,Alliaria petiolata,Yes
plant_images/7990.jpg,2,Elaeagnus umbellata,Yes
plant_images/17751.jpg,3,Asimina triloba,No
plant_images/27489.jpg,12,Alliaria petiolata,Yes
plant_images/14017.jpg,1,Rhus copallinum,No
plant_images/7515.jpg,12,Alliaria petiolata,Yes
plant_images/8777.jpg,3,Asimina triloba,No
plant_images/14264.jpg,3,Asimina triloba,No
plant_images/335.jpg,12,Alliaria petiolata,Yes
plant_images/15517.jpg,6,Lonicera japonica,Yes
plant_images/12022.jpg,7,Campsis radicans,No
plant_images/24679.jpg,2,Elaeagnus umbellata,Yes
plant_images/23933.jpg,4,Rubus phoenicolasius,Yes
plant_images/22534.jpg,12,Alliaria petiolata,Yes
plant_images/3318.jpg,0,Ailanthus altissima,Yes
plant_images/3878.jpg,7,Campsis radicans,No
plant_images/26819.jpg,4,Rubus phoenicolasius,Yes
plant_images/25732.jpg,6,Lonicera japonica,Yes
plant_images/6100.jpg,4,Rubus phoenicolasius,Yes
plant_images/6634.jpg,8,Hedera helix,Yes
plant_images/27868.jpg,1,Rhus copallinum,No
plant_images/12218.jpg,3,Asimina triloba,No
plant_images/24080.jpg,6,Lonicera japonica,Yes
plant_images/25045.jpg,6,Lonicera japonica,Yes
plant_images/23292.jpg,3,Asimina triloba,No
plant_images/18982.jpg,8,Hedera helix,Yes
plant_images/27388.jpg,3,Asimina triloba,No
plant_images/14813.jpg,12,Alliaria petiolata,Yes
plant_images/1676.jpg,9,Parthenocissus quinquefolia,No
plant_images/22548.jpg,10,Persicaria perfoliata,Yes
plant_images/1856.jpg,4,Rubus phoenicolasius,Yes
plant_images/1339.jpg,8,Hedera helix,Yes
plant_images/3294.jpg,4,Rubus phoenicolasius,Yes
plant_images/22759.jpg,12,Alliaria petiolata,Yes
plant_images/2747.jpg,8,Hedera helix,Yes
plant_images/9204.jpg,14,Ficaria verna,Yes
plant_images/16145.jpg,8,Hedera helix,Yes
plant_images/8401.jpg,3,Asimina triloba,No
plant_images/10387.jpg,0,Ailanthus altissima,Yes
plant_images/16812.jpg,9,Parthenocissus quinquefolia,No
plant_images/18781.jpg,3,Asimina triloba,No
plant_images/8754.jpg,15,Packera aurea,No
plant_images/4778.jpg,14,Ficaria verna,Yes
plant_images/10228.jpg,13,Geum canadense,No
plant_images/6019.jpg,6,Lonicera japonica,Yes
plant_images/7630.jpg,7,Campsis radicans,No
plant_images/4586.jpg,0,Ailanthus altissima,Yes
plant_images/8315.jpg,9,Parthenocissus quinquefolia,No
plant_images/3444.jpg,14,Ficaria verna,Yes
plant_images/10466.jpg,10,Persicaria perfoliata,Yes
plant_images/26838.jpg,1,Rhus copallinum,No
plant_images/2636.jpg,8,Hedera helix,Yes
plant_images/27993.jpg,1,Rhus copallinum,No
plant_images/2421.jpg,0,Ailanthus altissima,Yes
plant_images/28154.jpg,6,Lonicera japonica,Yes
plant_images/7633.jpg,12,Alliaria petiolata,Yes
plant_images/1025.jpg,15,Packera aurea,No
plant_images/7812.jpg,4,Rubus phoenicolasius,Yes
plant_images/17357.jpg,11,Persicaria sagittata,No
plant_images/12807.jpg,14,Ficaria verna,Yes
plant_images/10194.jpg,4,Rubus phoenicolasius,Yes
plant_images/5425.jpg,1,Rhus copallinum,No
plant_images/8234.jpg,3,Asimina triloba,No
plant_images/5141.jpg,9,Parthenocissus quinquefolia,No
plant_images/4599.jpg,0,Ailanthus altissima,Yes
plant_images/4192.jpg,9,Parthenocissus quinquefolia,No
plant_images/20526.jpg,6,Lonicera japonica,Yes
plant_images/18293.jpg,14,Ficaria verna,Yes
plant_images/2375.jpg,12,Alliaria petiolata,Yes
plant_images/22361.jpg,6,Lonicera japonica,Yes
plant_images/11196.jpg,12,Alliaria petiolata,Yes
plant_images/23207.jpg,10,Persicaria perfoliata,Yes
plant_images/17315.jpg,11,Persicaria sagittata,No
plant_images/16043.jpg,14,Ficaria verna,Yes
plant_images/10630.jpg,6,Lonicera japonica,Yes
plant_images/4996.jpg,15,Packera aurea,No
plant_images/15979.jpg,14,Ficaria verna,Yes
plant_images/16597.jpg,12,Alliaria petiolata,Yes
plant_images/10287.jpg,10,Persicaria perfoliata,Yes
plant_images/8056.jpg,6,Lonicera japonica,Yes
plant_images/19149.jpg,2,Elaeagnus umbellata,Yes
plant_images/12867.jpg,12,Alliaria petiolata,Yes
plant_images/20343.jpg,13,Geum canadense,No
plant_images/27795.jpg,6,Lonicera japonica,Yes
plant_images/24463.jpg,2,Elaeagnus umbellata,Yes
plant_images/8855.jpg,8,Hedera helix,Yes
plant_images/24430.jpg,9,Parthenocissus quinquefolia,No
plant_images/2545.jpg,14,Ficaria verna,Yes
plant_images/7845.jpg,6,Lonicera japonica,Yes
plant_images/17148.jpg,6,Lonicera japonica,Yes
plant_images/7624.jpg,9,Parthenocissus quinquefolia,No
plant_images/8120.jpg,9,Parthenocissus quinquefolia,No
plant_images/2067.jpg,12,Alliaria petiolata,Yes
plant_images/17176.jpg,7,Campsis radicans,No
plant_images/20382.jpg,7,Campsis radicans,No
plant_images/17448.jpg,4,Rubus phoenicolasius,Yes
plant_images/11352.jpg,12,Alliaria petiolata,Yes
plant_images/5247.jpg,0,Ailanthus altissima,Yes
plant_images/23886.jpg,3,Asimina triloba,No
plant_images/10712.jpg,10,Persicaria perfoliata,Yes
plant_images/17747.jpg,8,Hedera helix,Yes
plant_images/1995.jpg,14,Ficaria verna,Yes
plant_images/22285.jpg,4,Rubus phoenicolasius,Yes
plant_images/1761.jpg,4,Rubus phoenicolasius,Yes
plant_images/484.jpg,13,Geum canadense,No
plant_images/15328.jpg,0,Ailanthus altissima,Yes
plant_images/22114.jpg,3,Asimina triloba,No
plant_images/54.jpg,12,Alliaria petiolata,Yes
plant_images/24559.jpg,0,Ailanthus altissima,Yes
plant_images/2169.jpg,6,Lonicera japonica,Yes
plant_images/14492.jpg,14,Ficaria verna,Yes
plant_images/2592.jpg,12,Alliaria petiolata,Yes
plant_images/7.jpg,14,Ficaria verna,Yes
plant_images/8544.jpg,4,Rubus phoenicolasius,Yes
plant_images/4134.jpg,12,Alliaria petiolata,Yes
plant_images/2588.jpg,9,Parthenocissus quinquefolia,No
plant_images/16799.jpg,6,Lonicera japonica,Yes
plant_images/17870.jpg,14,Ficaria verna,Yes
plant_images/22187.jpg,3,Asimina triloba,No
plant_images/16937.jpg,7,Campsis radicans,No
plant_images/7315.jpg,8,Hedera helix,Yes
plant_images/17709.jpg,2,Elaeagnus umbellata,Yes
plant_images/22366.jpg,10,Persicaria perfoliata,Yes
plant_images/15749.jpg,6,Lonicera japonica,Yes
plant_images/23802.jpg,12,Alliaria petiolata,Yes
plant_images/3273.jpg,6,Lonicera japonica,Yes
plant_images/15744.jpg,10,Persicaria perfoliata,Yes
plant_images/1391.jpg,7,Campsis radicans,No
plant_images/26097.jpg,12,Alliaria petiolata,Yes
plant_images/23518.jpg,2,Elaeagnus umbellata,Yes
plant_images/12639.jpg,14,Ficaria verna,Yes
plant_images/6495.jpg,3,Asimina triloba,No
plant_images/21779.jpg,7,Campsis radicans,No
plant_images/6428.jpg,1,Rhus copallinum,No
plant_images/5721.jpg,2,Elaeagnus umbellata,Yes
plant_images/17169.jpg,7,Campsis radicans,No
plant_images/11375.jpg,4,Rubus phoenicolasius,Yes
plant_images/21265.jpg,3,Asimina triloba,No
plant_images/16214.jpg,12,Alliaria petiolata,Yes
plant_images/27862.jpg,1,Rhus copallinum,No
plant_images/10590.jpg,4,Rubus phoenicolasius,Yes
plant_images/11057.jpg,14,Ficaria verna,Yes
plant_images/24083.jpg,12,Alliaria petiolata,Yes
plant_images/14738.jpg,2,Elaeagnus umbellata,Yes
plant_images/13863.jpg,9,Parthenocissus quinquefolia,No
plant_images/2739.jpg,4,Rubus phoenicolasius,Yes
plant_images/7682.jpg,9,Parthenocissus quinquefolia,No
plant_images/3768.jpg,0,Ailanthus altissima,Yes
plant_images/22459.jpg,3,Asimina triloba,No
plant_images/26837.jpg,1,Rhus copallinum,No
plant_images/20054.jpg,2,Elaeagnus umbellata,Yes
plant_images/20779.jpg,2,Elaeagnus umbellata,Yes
plant_images/18302.jpg,12,Alliaria petiolata,Yes
plant_images/8527.jpg,4,Rubus phoenicolasius,Yes
plant_images/4833.jpg,13,Geum canadense,No
plant_images/7617.jpg,2,Elaeagnus umbellata,Yes
plant_images/9807.jpg,6,Lonicera japonica,Yes
plant_images/21828.jpg,11,Persicaria sagittata,No
plant_images/1947.jpg,9,Parthenocissus quinquefolia,No
plant_images/2256.jpg,4,Rubus phoenicolasius,Yes
plant_images/16946.jpg,10,Persicaria perfoliata,Yes
plant_images/20471.jpg,9,Parthenocissus quinquefolia,No
plant_images/25352.jpg,6,Lonicera japonica,Yes
plant_images/26878.jpg,1,Rhus copallinum,No
plant_images/629.jpg,15,Packera aurea,No
plant_images/15170.jpg,9,Parthenocissus quinquefolia,No
plant_images/2291.jpg,6,Lonicera japonica,Yes
plant_images/25320.jpg,1,Rhus copallinum,No
plant_images/1859.jpg,4,Rubus phoenicolasius,Yes
plant_images/17633.jpg,1,Rhus copallinum,No
plant_images/20859.jpg,0,Ailanthus altissima,Yes
plant_images/4459.jpg,12,Alliaria petiolata,Yes
plant_images/12577.jpg,14,Ficaria verna,Yes
plant_images/27886.jpg,2,Elaeagnus umbellata,Yes
plant_images/17254.jpg,10,Persicaria perfoliata,Yes
plant_images/14251.jpg,2,Elaeagnus umbellata,Yes
plant_images/23591.jpg,4,Rubus phoenicolasius,Yes
plant_images/991.jpg,12,Alliaria petiolata,Yes
plant_images/18075.jpg,4,Rubus phoenicolasius,Yes
plant_images/25609.jpg,12,Alliaria petiolata,Yes
plant_images/19611.jpg,3,Asimina triloba,No
plant_images/5004.jpg,3,Asimina triloba,No
plant_images/11860.jpg,0,Ailanthus altissima,Yes
plant_images/17805.jpg,2,Elaeagnus umbellata,Yes
plant_images/418.jpg,10,Persicaria perfoliata,Yes
plant_images/10331.jpg,13,Geum canadense,No
plant_images/12451.jpg,1,Rhus copallinum,No
plant_images/11661.jpg,4,Rubus phoenicolasius,Yes
plant_images/3977.jpg,5,Rubus occidentalis,No
plant_images/25397.jpg,9,Parthenocissus quinquefolia,No
plant_images/26068.jpg,3,Asimina triloba,No
plant_images/13032.jpg,12,Alliaria petiolata,Yes
plant_images/18867.jpg,9,Parthenocissus quinquefolia,No
plant_images/9568.jpg,10,Persicaria perfoliata,Yes
plant_images/3352.jpg,10,Persicaria perfoliata,Yes
plant_images/1383.jpg,7,Campsis radicans,No
plant_images/15385.jpg,4,Rubus phoenicolasius,Yes
plant_images/4601.jpg,0,Ailanthus altissima,Yes
plant_images/17845.jpg,8,Hedera helix,Yes
plant_images/12123.jpg,0,Ailanthus altissima,Yes
plant_images/80.jpg,13,Geum canadense,No
plant_images/14308.jpg,7,Campsis radicans,No
plant_images/12795.jpg,14,Ficaria verna,Yes
plant_images/27326.jpg,7,Campsis radicans,No
plant_images/24854.jpg,0,Ailanthus altissima,Yes
plant_images/15873.jpg,7,Campsis radicans,No
plant_images/26230.jpg,15,Packera aurea,No
plant_images/27482.jpg,14,Ficaria verna,Yes
plant_images/7305.jpg,2,Elaeagnus umbellata,Yes
plant_images/24278.jpg,2,Elaeagnus umbellata,Yes
plant_images/13635.jpg,0,Ailanthus altissima,Yes
plant_images/13149.jpg,10,Persicaria perfoliata,Yes
plant_images/15088.jpg,9,Parthenocissus quinquefolia,No
plant_images/19983.jpg,6,Lonicera japonica,Yes
plant_images/18454.jpg,7,Campsis radicans,No
plant_images/7260.jpg,12,Alliaria petiolata,Yes
plant_images/4825.jpg,9,Parthenocissus quinquefolia,No
plant_images/973.jpg,9,Parthenocissus quinquefolia,No
plant_images/5226.jpg,9,Parthenocissus quinquefolia,No
plant_images/21463.jpg,4,Rubus phoenicolasius,Yes
plant_images/26539.jpg,8,Hedera helix,Yes
plant_images/12213.jpg,8,Hedera helix,Yes
plant_images/27521.jpg,15,Packera aurea,No
plant_images/13066.jpg,2,Elaeagnus umbellata,Yes
plant_images/10873.jpg,14,Ficaria verna,Yes
plant_images/24231.jpg,9,Parthenocissus quinquefolia,No
plant_images/2630.jpg,15,Packera aurea,No
plant_images/20475.jpg,3,Asimina triloba,No
plant_images/1561.jpg,14,Ficaria verna,Yes
plant_images/11510.jpg,15,Packera aurea,No
plant_images/7780.jpg,9,Parthenocissus quinquefolia,No
plant_images/4796.jpg,4,Rubus phoenicolasius,Yes
plant_images/7391.jpg,4,Rubus phoenicolasius,Yes
plant_images/21472.jpg,3,Asimina triloba,No
plant_images/1689.jpg,12,Alliaria petiolata,Yes
plant_images/27587.jpg,12,Alliaria petiolata,Yes
plant_images/4235.jpg,9,Parthenocissus quinquefolia,No
plant_images/8741.jpg,6,Lonicera japonica,Yes
plant_images/13434.jpg,6,Lonicera japonica,Yes
plant_images/24514.jpg,7,Campsis radicans,No
plant_images/19545.jpg,10,Persicaria perfoliata,Yes
plant_images/2714.jpg,10,Persicaria perfoliata,Yes
plant_images/15186.jpg,4,Rubus phoenicolasius,Yes
plant_images/7284.jpg,6,Lonicera japonica,Yes
plant_images/4376.jpg,12,Alliaria petiolata,Yes
plant_images/24420.jpg,3,Asimina triloba,No
plant_images/16903.jpg,0,Ailanthus altissima,Yes
plant_images/13663.jpg,6,Lonicera japonica,Yes
plant_images/11528.jpg,9,Parthenocissus quinquefolia,No
plant_images/16276.jpg,3,Asimina triloba,No
plant_images/22562.jpg,12,Alliaria petiolata,Yes
plant_images/17635.jpg,6,Lonicera japonica,Yes
plant_images/18809.jpg,9,Parthenocissus quinquefolia,No
plant_images/25284.jpg,10,Persicaria perfoliata,Yes
plant_images/8489.jpg,6,Lonicera japonica,Yes
plant_images/830.jpg,14,Ficaria verna,Yes
plant_images/23740.jpg,12,Alliaria petiolata,Yes
plant_images/25024.jpg,9,Parthenocissus quinquefolia,No
plant_images/12591.jpg,14,Ficaria verna,Yes
plant_images/6377.jpg,4,Rubus phoenicolasius,Yes
plant_images/27619.jpg,0,Ailanthus altissima,Yes
plant_images/24275.jpg,13,Geum canadense,No
plant_images/18794.jpg,9,Parthenocissus quinquefolia,No
plant_images/12321.jpg,3,Asimina triloba,No
plant_images/2178.jpg,9,Parthenocissus quinquefolia,No
plant_images/25994.jpg,15,Packera aurea,No
plant_images/2069.jpg,9,Parthenocissus quinquefolia,No
plant_images/21027.jpg,3,Asimina triloba,No
plant_images/8913.jpg,14,Ficaria verna,Yes
plant_images/11637.jpg,7,Campsis radicans,No
plant_images/5137.jpg,3,Asimina triloba,No
plant_images/12961.jpg,15,Packera aurea,No
plant_images/14104.jpg,0,Ailanthus altissima,Yes
plant_images/8522.jpg,2,Elaeagnus umbellata,Yes
plant_images/19947.jpg,3,Asimina triloba,No
plant_images/7175.jpg,15,Packera aurea,No
plant_images/4179.jpg,12,Alliaria petiolata,Yes
plant_images/6275.jpg,13,Geum canadense,No
plant_images/27627.jpg,12,Alliaria petiolata,Yes
plant_images/16768.jpg,12,Alliaria petiolata,Yes
plant_images/11155.jpg,2,Elaeagnus umbellata,Yes
plant_images/23874.jpg,4,Rubus phoenicolasius,Yes
plant_images/22603.jpg,13,Geum canadense,No
plant_images/26889.jpg,9,Parthenocissus quinquefolia,No
plant_images/22820.jpg,3,Asimina triloba,No
plant_images/1799.jpg,3,Asimina triloba,No
plant_images/13641.jpg,4,Rubus phoenicolasius,Yes
plant_images/1097.jpg,4,Rubus phoenicolasius,Yes
plant_images/186.jpg,12,Alliaria petiolata,Yes
plant_images/2300.jpg,0,Ailanthus altissima,Yes
plant_images/17882.jpg,8,Hedera helix,Yes
plant_images/481.jpg,12,Alliaria petiolata,Yes
plant_images/21155.jpg,3,Asimina triloba,No
plant_images/27929.jpg,1,Rhus copallinum,No
plant_images/6677.jpg,12,Alliaria petiolata,Yes
plant_images/10479.jpg,2,Elaeagnus umbellata,Yes
plant_images/25102.jpg,0,Ailanthus altissima,Yes
plant_images/21123.jpg,2,Elaeagnus umbellata,Yes
plant_images/9292.jpg,15,Packera aurea,No
plant_images/26827.jpg,0,Ailanthus altissima,Yes
plant_images/13371.jpg,3,Asimina triloba,No
plant_images/1486.jpg,12,Alliaria petiolata,Yes
plant_images/23436.jpg,4,Rubus phoenicolasius,Yes
plant_images/12126.jpg,0,Ailanthus altissima,Yes
plant_images/14943.jpg,9,Parthenocissus quinquefolia,No
plant_images/28180.jpg,1,Rhus copallinum,No
plant_images/18117.jpg,12,Alliaria petiolata,Yes
plant_images/8078.jpg,1,Rhus copallinum,No
plant_images/1427.jpg,4,Rubus phoenicolasius,Yes
plant_images/23060.jpg,0,Ailanthus altissima,Yes
plant_images/27822.jpg,9,Parthenocissus quinquefolia,No
plant_images/24800.jpg,2,Elaeagnus umbellata,Yes
plant_images/11672.jpg,9,Parthenocissus quinquefolia,No
plant_images/5201.jpg,2,Elaeagnus umbellata,Yes
plant_images/24255.jpg,2,Elaeagnus umbellata,Yes
plant_images/28088.jpg,14,Ficaria verna,Yes
plant_images/24739.jpg,7,Campsis radicans,No
plant_images/6519.jpg,1,Rhus copallinum,No
plant_images/10416.jpg,7,Campsis radicans,No
plant_images/1046.jpg,0,Ailanthus altissima,Yes
plant_images/15018.jpg,9,Parthenocissus quinquefolia,No
plant_images/22322.jpg,0,Ailanthus altissima,Yes
plant_images/10062.jpg,2,Elaeagnus umbellata,Yes
plant_images/21656.jpg,10,Persicaria perfoliata,Yes
plant_images/19788.jpg,3,Asimina triloba,No
plant_images/16534.jpg,4,Rubus phoenicolasius,Yes
plant_images/6714.jpg,14,Ficaria verna,Yes
plant_images/25544.jpg,3,Asimina triloba,No
plant_images/9952.jpg,4,Rubus phoenicolasius,Yes
plant_images/14950.jpg,6,Lonicera japonica,Yes
plant_images/6767.jpg,14,Ficaria verna,Yes
plant_images/17895.jpg,0,Ailanthus altissima,Yes
plant_images/16608.jpg,10,Persicaria perfoliata,Yes
plant_images/8894.jpg,6,Lonicera japonica,Yes
plant_images/27194.jpg,5,Rubus occidentalis,No
plant_images/23205.jpg,2,Elaeagnus umbellata,Yes
plant_images/17008.jpg,3,Asimina triloba,No
plant_images/12512.jpg,12,Alliaria petiolata,Yes
plant_images/12506.jpg,3,Asimina triloba,No
plant_images/853.jpg,6,Lonicera japonica,Yes
plant_images/11342.jpg,10,Persicaria perfoliata,Yes
plant_images/16587.jpg,12,Alliaria petiolata,Yes
plant_images/19631.jpg,2,Elaeagnus umbellata,Yes
plant_images/22967.jpg,9,Parthenocissus quinquefolia,No
plant_images/16986.jpg,5,Rubus occidentalis,No
plant_images/9767.jpg,0,Ailanthus altissima,Yes
plant_images/16850.jpg,3,Asimina triloba,No
plant_images/657.jpg,6,Lonicera japonica,Yes
plant_images/24518.jpg,7,Campsis radicans,No
plant_images/12861.jpg,14,Ficaria verna,Yes
plant_images/21488.jpg,4,Rubus phoenicolasius,Yes
plant_images/774.jpg,7,Campsis radicans,No
plant_images/11823.jpg,9,Parthenocissus quinquefolia,No
plant_images/8136.jpg,9,Parthenocissus quinquefolia,No
plant_images/4260.jpg,9,Parthenocissus quinquefolia,No
plant_images/13778.jpg,0,Ailanthus altissima,Yes
plant_images/20158.jpg,9,Parthenocissus quinquefolia,No
plant_images/12932.jpg,14,Ficaria verna,Yes
plant_images/3017.jpg,9,Parthenocissus quinquefolia,No
plant_images/3874.jpg,1,Rhus copallinum,No
plant_images/22557.jpg,0,Ailanthus altissima,Yes
plant_images/28125.jpg,9,Parthenocissus quinquefolia,No
plant_images/19421.jpg,1,Rhus copallinum,No
plant_images/21126.jpg,3,Asimina triloba,No
plant_images/28136.jpg,6,Lonicera japonica,Yes
plant_images/10809.jpg,9,Parthenocissus quinquefolia,No
plant_images/968.jpg,12,Alliaria petiolata,Yes
plant_images/21786.jpg,2,Elaeagnus umbellata,Yes
plant_images/23306.jpg,3,Asimina triloba,No
plant_images/3608.jpg,3,Asimina triloba,No
plant_images/17470.jpg,10,Persicaria perfoliata,Yes
plant_images/13815.jpg,4,Rubus phoenicolasius,Yes
plant_images/20928.jpg,3,Asimina triloba,No
plant_images/13187.jpg,9,Parthenocissus quinquefolia,No
plant_images/2396.jpg,12,Alliaria petiolata,Yes
plant_images/10597.jpg,7,Campsis radicans,No
plant_images/7776.jpg,0,Ailanthus altissima,Yes
plant_images/16482.jpg,6,Lonicera japonica,Yes
plant_images/10255.jpg,5,Rubus occidentalis,No
plant_images/21471.jpg,6,Lonicera japonica,Yes
plant_images/23223.jpg,2,Elaeagnus umbellata,Yes
plant_images/21560.jpg,14,Ficaria verna,Yes
plant_images/26073.jpg,10,Persicaria perfoliata,Yes
plant_images/3576.jpg,4,Rubus phoenicolasius,Yes
plant_images/23929.jpg,6,Lonicera japonica,Yes
plant_images/2673.jpg,6,Lonicera japonica,Yes
plant_images/12763.jpg,14,Ficaria verna,Yes
plant_images/13957.jpg,4,Rubus phoenicolasius,Yes
plant_images/11849.jpg,4,Rubus phoenicolasius,Yes
plant_images/2340.jpg,8,Hedera helix,Yes
plant_images/23842.jpg,12,Alliaria petiolata,Yes
plant_images/736.jpg,8,Hedera helix,Yes
plant_images/7337.jpg,13,Geum canadense,No
plant_images/7358.jpg,12,Alliaria petiolata,Yes
plant_images/9867.jpg,1,Rhus copallinum,No
plant_images/3879.jpg,8,Hedera helix,Yes
plant_images/13280.jpg,9,Parthenocissus quinquefolia,No
plant_images/6188.jpg,1,Rhus copallinum,No
plant_images/3599.jpg,9,Parthenocissus quinquefolia,No
plant_images/9616.jpg,12,Alliaria petiolata,Yes
plant_images/9898.jpg,9,Parthenocissus quinquefolia,No
plant_images/6251.jpg,9,Parthenocissus quinquefolia,No
plant_images/2760.jpg,9,Parthenocissus quinquefolia,No
plant_images/23855.jpg,2,Elaeagnus umbellata,Yes
plant_images/14488.jpg,14,Ficaria verna,Yes
plant_images/11774.jpg,9,Parthenocissus quinquefolia,No
plant_images/13320.jpg,9,Parthenocissus quinquefolia,No
plant_images/21605.jpg,10,Persicaria perfoliata,Yes
plant_images/7772.jpg,6,Lonicera japonica,Yes
plant_images/15215.jpg,2,Elaeagnus umbellata,Yes
plant_images/12347.jpg,10,Persicaria perfoliata,Yes
plant_images/26904.jpg,6,Lonicera japonica,Yes
plant_images/20006.jpg,2,Elaeagnus umbellata,Yes
plant_images/3399.jpg,7,Campsis radicans,No
plant_images/8782.jpg,0,Ailanthus altissima,Yes
plant_images/17662.jpg,1,Rhus copallinum,No
plant_images/5104.jpg,9,Parthenocissus quinquefolia,No
plant_images/17391.jpg,10,Persicaria perfoliata,Yes
plant_images/5794.jpg,15,Packera aurea,No
plant_images/13377.jpg,6,Lonicera japonica,Yes
plant_images/13355.jpg,9,Parthenocissus quinquefolia,No
plant_images/4363.jpg,15,Packera aurea,No
plant_images/12309.jpg,6,Lonicera japonica,Yes
plant_images/5602.jpg,14,Ficaria verna,Yes
plant_images/9990.jpg,4,Rubus phoenicolasius,Yes
plant_images/20613.jpg,12,Alliaria petiolata,Yes
plant_images/23138.jpg,2,Elaeagnus umbellata,Yes
plant_images/27437.jpg,7,Campsis radicans,No
plant_images/15893.jpg,14,Ficaria verna,Yes
plant_images/22489.jpg,4,Rubus phoenicolasius,Yes
plant_images/623.jpg,14,Ficaria verna,Yes
plant_images/27081.jpg,10,Persicaria perfoliata,Yes
plant_images/18862.jpg,7,Campsis radicans,No
plant_images/8920.jpg,6,Lonicera japonica,Yes
plant_images/2234.jpg,8,Hedera helix,Yes
plant_images/4210.jpg,4,Rubus phoenicolasius,Yes
plant_images/24863.jpg,2,Elaeagnus umbellata,Yes
plant_images/12535.jpg,2,Elaeagnus umbellata,Yes
plant_images/16221.jpg,15,Packera aurea,No
plant_images/21590.jpg,2,Elaeagnus umbellata,Yes
plant_images/15843.jpg,6,Lonicera japonica,Yes
plant_images/10018.jpg,6,Lonicera japonica,Yes
plant_images/18954.jpg,9,Parthenocissus quinquefolia,No
plant_images/8044.jpg,4,Rubus phoenicolasius,Yes
plant_images/12431.jpg,3,Asimina triloba,No
plant_images/3226.jpg,12,Alliaria petiolata,Yes
plant_images/5268.jpg,7,Campsis radicans,No
plant_images/4565.jpg,0,Ailanthus altissima,Yes
plant_images/13310.jpg,7,Campsis radicans,No
plant_images/12177.jpg,12,Alliaria petiolata,Yes
plant_images/5031.jpg,4,Rubus phoenicolasius,Yes
plant_images/9114.jpg,14,Ficaria verna,Yes
plant_images/5374.jpg,12,Alliaria petiolata,Yes
plant_images/21870.jpg,10,Persicaria perfoliata,Yes
plant_images/24715.jpg,15,Packera aurea,No
plant_images/23791.jpg,3,Asimina triloba,No
plant_images/11344.jpg,4,Rubus phoenicolasius,Yes
plant_images/9085.jpg,12,Alliaria petiolata,Yes
plant_images/16143.jpg,6,Lonicera japonica,Yes
plant_images/18784.jpg,10,Persicaria perfoliata,Yes
plant_images/8720.jpg,1,Rhus copallinum,No
plant_images/15073.jpg,3,Asimina triloba,No
plant_images/9188.jpg,14,Ficaria verna,Yes
plant_images/16559.jpg,4,Rubus phoenicolasius,Yes
plant_images/12219.jpg,2,Elaeagnus umbellata,Yes
plant_images/23693.jpg,4,Rubus phoenicolasius,Yes
plant_images/14362.jpg,4,Rubus phoenicolasius,Yes
plant_images/24581.jpg,6,Lonicera japonica,Yes
plant_images/27626.jpg,12,Alliaria petiolata,Yes
plant_images/13594.jpg,3,Asimina triloba,No
plant_images/19822.jpg,3,Asimina triloba,No
plant_images/13521.jpg,14,Ficaria verna,Yes
plant_images/17400.jpg,9,Parthenocissus quinquefolia,No
plant_images/13494.jpg,12,Alliaria petiolata,Yes
plant_images/9650.jpg,12,Alliaria petiolata,Yes
plant_images/5609.jpg,12,Alliaria petiolata,Yes
plant_images/11712.jpg,2,Elaeagnus umbellata,Yes
plant_images/22448.jpg,4,Rubus phoenicolasius,Yes
plant_images/18019.jpg,14,Ficaria verna,Yes
plant_images/12674.jpg,3,Asimina triloba,No
plant_images/23255.jpg,0,Ailanthus altissima,Yes
plant_images/11450.jpg,15,Packera aurea,No
plant_images/16141.jpg,3,Asimina triloba,No
plant_images/6691.jpg,14,Ficaria verna,Yes
plant_images/5608.jpg,14,Ficaria verna,Yes
plant_images/102.jpg,8,Hedera helix,Yes
plant_images/17073.jpg,9,Parthenocissus quinquefolia,No
plant_images/5337.jpg,2,Elaeagnus umbellata,Yes
plant_images/2373.jpg,14,Ficaria verna,Yes
plant_images/6160.jpg,9,Parthenocissus quinquefolia,No
plant_images/23016.jpg,6,Lonicera japonica,Yes
plant_images/20954.jpg,2,Elaeagnus umbellata,Yes
plant_images/8200.jpg,9,Parthenocissus quinquefolia,No
plant_images/20018.jpg,4,Rubus phoenicolasius,Yes
plant_images/7919.jpg,5,Rubus occidentalis,No
plant_images/652.jpg,12,Alliaria petiolata,Yes
plant_images/7645.jpg,6,Lonicera japonica,Yes
plant_images/15649.jpg,9,Parthenocissus quinquefolia,No
plant_images/14197.jpg,10,Persicaria perfoliata,Yes
plant_images/9501.jpg,15,Packera aurea,No
plant_images/16769.jpg,4,Rubus phoenicolasius,Yes
plant_images/28038.jpg,12,Alliaria petiolata,Yes
plant_images/11111.jpg,14,Ficaria verna,Yes
plant_images/23667.jpg,3,Asimina triloba,No
plant_images/4286.jpg,12,Alliaria petiolata,Yes
plant_images/7728.jpg,9,Parthenocissus quinquefolia,No
plant_images/4733.jpg,12,Alliaria petiolata,Yes
plant_images/7246.jpg,15,Packera aurea,No
plant_images/12744.jpg,2,Elaeagnus umbellata,Yes
plant_images/21877.jpg,10,Persicaria perfoliata,Yes
plant_images/347.jpg,14,Ficaria verna,Yes
plant_images/27956.jpg,7,Campsis radicans,No
plant_images/27618.jpg,3,Asimina triloba,No
plant_images/22958.jpg,2,Elaeagnus umbellata,Yes
plant_images/14042.jpg,8,Hedera helix,Yes
plant_images/4590.jpg,0,Ailanthus altissima,Yes
plant_images/21233.jpg,3,Asimina triloba,No
plant_images/19465.jpg,3,Asimina triloba,No
plant_images/15159.jpg,7,Campsis radicans,No
plant_images/2096.jpg,14,Ficaria verna,Yes
plant_images/17161.jpg,0,Ailanthus altissima,Yes
plant_images/24662.jpg,6,Lonicera japonica,Yes
plant_images/7863.jpg,4,Rubus phoenicolasius,Yes
plant_images/5850.jpg,6,Lonicera japonica,Yes
plant_images/3907.jpg,3,Asimina triloba,No
plant_images/683.jpg,12,Alliaria petiolata,Yes
plant_images/11745.jpg,3,Asimina triloba,No
plant_images/9482.jpg,12,Alliaria petiolata,Yes
plant_images/17755.jpg,6,Lonicera japonica,Yes
plant_images/15086.jpg,3,Asimina triloba,No
plant_images/23993.jpg,7,Campsis radicans,No
plant_images/8272.jpg,7,Campsis radicans,No
plant_images/15351.jpg,3,Asimina triloba,No
plant_images/14670.jpg,15,Packera aurea,No
plant_images/20045.jpg,14,Ficaria verna,Yes
plant_images/4817.jpg,8,Hedera helix,Yes
plant_images/9351.jpg,15,Packera aurea,No
plant_images/12090.jpg,0,Ailanthus altissima,Yes
plant_images/18689.jpg,8,Hedera helix,Yes
plant_images/9888.jpg,10,Persicaria perfoliata,Yes
plant_images/23566.jpg,3,Asimina triloba,No
plant_images/2376.jpg,15,Packera aurea,No
plant_images/9362.jpg,12,Alliaria petiolata,Yes
plant_images/7561.jpg,6,Lonicera japonica,Yes
plant_images/20709.jpg,7,Campsis radicans,No
plant_images/880.jpg,3,Asimina triloba,No
plant_images/26091.jpg,2,Elaeagnus umbellata,Yes
plant_images/17981.jpg,8,Hedera helix,Yes
plant_images/27760.jpg,13,Geum canadense,No
plant_images/24003.jpg,0,Ailanthus altissima,Yes
plant_images/11766.jpg,0,Ailanthus altissima,Yes
plant_images/18536.jpg,9,Parthenocissus quinquefolia,No
plant_images/18388.jpg,6,Lonicera japonica,Yes
plant_images/16908.jpg,5,Rubus occidentalis,No
plant_images/23599.jpg,12,Alliaria petiolata,Yes
plant_images/1074.jpg,4,Rubus phoenicolasius,Yes
plant_images/5755.jpg,12,Alliaria petiolata,Yes
plant_images/588.jpg,3,Asimina triloba,No
plant_images/12588.jpg,14,Ficaria verna,Yes
plant_images/7151.jpg,6,Lonicera japonica,Yes
plant_images/10812.jpg,3,Asimina triloba,No
plant_images/9388.jpg,12,Alliaria petiolata,Yes
plant_images/6013.jpg,4,Rubus phoenicolasius,Yes
plant_images/10354.jpg,7,Campsis radicans,No
plant_images/9479.jpg,2,Elaeagnus umbellata,Yes
plant_images/24659.jpg,2,Elaeagnus umbellata,Yes
plant_images/2508.jpg,9,Parthenocissus quinquefolia,No
plant_images/8890.jpg,14,Ficaria verna,Yes
plant_images/18053.jpg,12,Alliaria petiolata,Yes
plant_images/25826.jpg,4,Rubus phoenicolasius,Yes
plant_images/14444.jpg,14,Ficaria verna,Yes
plant_images/12105.jpg,0,Ailanthus altissima,Yes
plant_images/14396.jpg,8,Hedera helix,Yes
plant_images/15654.jpg,2,Elaeagnus umbellata,Yes
plant_images/1371.jpg,9,Parthenocissus quinquefolia,No
plant_images/13795.jpg,7,Campsis radicans,No
plant_images/22062.jpg,0,Ailanthus altissima,Yes
plant_images/5642.jpg,15,Packera aurea,No
plant_images/23492.jpg,3,Asimina triloba,No
plant_images/15223.jpg,3,Asimina triloba,No
plant_images/21579.jpg,2,Elaeagnus umbellata,Yes
plant_images/16394.jpg,9,Parthenocissus quinquefolia,No
plant_images/3334.jpg,3,Asimina triloba,No
plant_images/10378.jpg,7,Campsis radicans,No
plant_images/25978.jpg,3,Asimina triloba,No
plant_images/19258.jpg,4,Rubus phoenicolasius,Yes
plant_images/19278.jpg,3,Asimina triloba,No
plant_images/6946.jpg,2,Elaeagnus umbellata,Yes
plant_images/24960.jpg,2,Elaeagnus umbellata,Yes
plant_images/26285.jpg,3,Asimina triloba,No
plant_images/22.jpg,12,Alliaria petiolata,Yes
plant_images/8622.jpg,10,Persicaria perfoliata,Yes
plant_images/14920.jpg,9,Parthenocissus quinquefolia,No
plant_images/28004.jpg,8,Hedera helix,Yes
plant_images/27137.jpg,9,Parthenocissus quinquefolia,No
plant_images/1945.jpg,10,Persicaria perfoliata,Yes
plant_images/21566.jpg,4,Rubus phoenicolasius,Yes
plant_images/2154.jpg,14,Ficaria verna,Yes
plant_images/24590.jpg,8,Hedera helix,Yes
plant_images/21597.jpg,3,Asimina triloba,No
plant_images/14923.jpg,15,Packera aurea,No
plant_images/26749.jpg,7,Campsis radicans,No
plant_images/22427.jpg,10,Persicaria perfoliata,Yes
plant_images/15506.jpg,8,Hedera helix,Yes
plant_images/12180.jpg,7,Campsis radicans,No
plant_images/15006.jpg,12,Alliaria petiolata,Yes
plant_images/10793.jpg,12,Alliaria petiolata,Yes
plant_images/16084.jpg,3,Asimina triloba,No
plant_images/27578.jpg,10,Persicaria perfoliata,Yes
plant_images/11089.jpg,14,Ficaria verna,Yes
plant_images/815.jpg,12,Alliaria petiolata,Yes
plant_images/23429.jpg,12,Alliaria petiolata,Yes
plant_images/6284.jpg,10,Persicaria perfoliata,Yes
plant_images/25655.jpg,3,Asimina triloba,No
plant_images/24024.jpg,0,Ailanthus altissima,Yes
plant_images/2584.jpg,9,Parthenocissus quinquefolia,No
plant_images/23792.jpg,9,Parthenocissus quinquefolia,No
plant_images/13803.jpg,3,Asimina triloba,No
plant_images/15845.jpg,8,Hedera helix,Yes
plant_images/24712.jpg,2,Elaeagnus umbellata,Yes
plant_images/7478.jpg,12,Alliaria petiolata,Yes
plant_images/21665.jpg,9,Parthenocissus quinquefolia,No
plant_images/6209.jpg,4,Rubus phoenicolasius,Yes
plant_images/19432.jpg,7,Campsis radicans,No
plant_images/28128.jpg,15,Packera aurea,No
plant_images/13746.jpg,7,Campsis radicans,No
plant_images/24235.jpg,3,Asimina triloba,No
plant_images/17316.jpg,7,Campsis radicans,No
plant_images/2363.jpg,15,Packera aurea,No
plant_images/22695.jpg,6,Lonicera japonica,Yes
plant_images/13431.jpg,9,Parthenocissus quinquefolia,No
plant_images/20504.jpg,4,Rubus phoenicolasius,Yes
plant_images/25311.jpg,3,Asimina triloba,No
plant_images/20675.jpg,2,Elaeagnus umbellata,Yes
plant_images/2343.jpg,8,Hedera helix,Yes
plant_images/21416.jpg,12,Alliaria petiolata,Yes
plant_images/1230.jpg,4,Rubus phoenicolasius,Yes
plant_images/19456.jpg,10,Persicaria perfoliata,Yes
plant_images/17108.jpg,4,Rubus phoenicolasius,Yes
plant_images/5484.jpg,12,Alliaria petiolata,Yes
plant_images/13336.jpg,12,Alliaria petiolata,Yes
plant_images/22977.jpg,4,Rubus phoenicolasius,Yes
plant_images/12663.jpg,14,Ficaria verna,Yes
plant_images/5889.jpg,12,Alliaria petiolata,Yes
plant_images/4316.jpg,10,Persicaria perfoliata,Yes
plant_images/28059.jpg,9,Parthenocissus quinquefolia,No
plant_images/18837.jpg,10,Persicaria perfoliata,Yes
plant_images/21925.jpg,6,Lonicera japonica,Yes
plant_images/3481.jpg,13,Geum canadense,No
plant_images/20338.jpg,3,Asimina triloba,No
plant_images/25838.jpg,9,Parthenocissus quinquefolia,No
plant_images/20279.jpg,7,Campsis radicans,No
plant_images/2628.jpg,8,Hedera helix,Yes
plant_images/4032.jpg,13,Geum canadense,No
plant_images/18917.jpg,12,Alliaria petiolata,Yes
plant_images/26057.jpg,2,Elaeagnus umbellata,Yes
plant_images/10914.jpg,12,Alliaria petiolata,Yes
plant_images/15049.jpg,15,Packera aurea,No
plant_images/13617.jpg,4,Rubus phoenicolasius,Yes
plant_images/5418.jpg,10,Persicaria perfoliata,Yes
plant_images/810.jpg,12,Alliaria petiolata,Yes
plant_images/6921.jpg,14,Ficaria verna,Yes
plant_images/11294.jpg,2,Elaeagnus umbellata,Yes
plant_images/19742.jpg,9,Parthenocissus quinquefolia,No
plant_images/7244.jpg,9,Parthenocissus quinquefolia,No
plant_images/165.jpg,14,Ficaria verna,Yes
plant_images/17193.jpg,2,Elaeagnus umbellata,Yes
plant_images/26771.jpg,6,Lonicera japonica,Yes
plant_images/20748.jpg,3,Asimina triloba,No
plant_images/18786.jpg,2,Elaeagnus umbellata,Yes
plant_images/17244.jpg,10,Persicaria perfoliata,Yes
plant_images/23369.jpg,12,Alliaria petiolata,Yes
plant_images/23444.jpg,3,Asimina triloba,No
plant_images/15187.jpg,6,Lonicera japonica,Yes
plant_images/20482.jpg,9,Parthenocissus quinquefolia,No
plant_images/10502.jpg,3,Asimina triloba,No
plant_images/19109.jpg,12,Alliaria petiolata,Yes
plant_images/25737.jpg,8,Hedera helix,Yes
plant_images/22067.jpg,3,Asimina triloba,No
plant_images/16689.jpg,10,Persicaria perfoliata,Yes
plant_images/17285.jpg,0,Ailanthus altissima,Yes
plant_images/12251.jpg,4,Rubus phoenicolasius,Yes
plant_images/19335.jpg,7,Campsis radicans,No
plant_images/14503.jpg,14,Ficaria verna,Yes
plant_images/11709.jpg,6,Lonicera japonica,Yes
plant_images/8173.jpg,4,Rubus phoenicolasius,Yes
plant_images/3315.jpg,13,Geum canadense,No
plant_images/16944.jpg,3,Asimina triloba,No
plant_images/10399.jpg,3,Asimina triloba,No
plant_images/19848.jpg,6,Lonicera japonica,Yes
plant_images/5262.jpg,10,Persicaria perfoliata,Yes
plant_images/18494.jpg,4,Rubus phoenicolasius,Yes
plant_images/22041.jpg,12,Alliaria petiolata,Yes
plant_images/15910.jpg,12,Alliaria petiolata,Yes
plant_images/10859.jpg,6,Lonicera japonica,Yes
plant_images/1549.jpg,14,Ficaria verna,Yes
plant_images/7962.jpg,3,Asimina triloba,No
plant_images/27389.jpg,2,Elaeagnus umbellata,Yes
plant_images/23349.jpg,6,Lonicera japonica,Yes
plant_images/7053.jpg,2,Elaeagnus umbellata,Yes
plant_images/21084.jpg,10,Persicaria perfoliata,Yes
plant_images/4575.jpg,0,Ailanthus altissima,Yes
plant_images/21069.jpg,3,Asimina triloba,No
plant_images/26954.jpg,4,Rubus phoenicolasius,Yes
plant_images/23081.jpg,2,Elaeagnus umbellata,Yes
plant_images/5971.jpg,12,Alliaria petiolata,Yes
plant_images/26276.jpg,3,Asimina triloba,No
plant_images/16415.jpg,2,Elaeagnus umbellata,Yes
plant_images/2814.jpg,4,Rubus phoenicolasius,Yes
plant_images/15125.jpg,4,Rubus phoenicolasius,Yes
plant_images/12908.jpg,9,Parthenocissus quinquefolia,No
plant_images/25345.jpg,7,Campsis radicans,No
plant_images/4441.jpg,8,Hedera helix,Yes
plant_images/10844.jpg,13,Geum canadense,No
plant_images/28138.jpg,12,Alliaria petiolata,Yes
plant_images/14154.jpg,9,Parthenocissus quinquefolia,No
plant_images/15370.jpg,0,Ailanthus altissima,Yes
plant_images/23669.jpg,12,Alliaria petiolata,Yes
plant_images/9433.jpg,14,Ficaria verna,Yes
plant_images/24351.jpg,10,Persicaria perfoliata,Yes
plant_images/13904.jpg,0,Ailanthus altissima,Yes
plant_images/24286.jpg,6,Lonicera japonica,Yes
plant_images/8009.jpg,7,Campsis radicans,No
plant_images/10207.jpg,10,Persicaria perfoliata,Yes
plant_images/3989.jpg,6,Lonicera japonica,Yes
plant_images/8852.jpg,4,Rubus phoenicolasius,Yes
plant_images/24585.jpg,1,Rhus copallinum,No
plant_images/15147.jpg,6,Lonicera japonica,Yes
plant_images/14433.jpg,14,Ficaria verna,Yes
plant_images/3116.jpg,8,Hedera helix,Yes
plant_images/2506.jpg,3,Asimina triloba,No
plant_images/12336.jpg,10,Persicaria perfoliata,Yes
plant_images/28309.jpg,2,Elaeagnus umbellata,Yes
plant_images/23299.jpg,11,Persicaria sagittata,No
plant_images/153.jpg,14,Ficaria verna,Yes
plant_images/26278.jpg,10,Persicaria perfoliata,Yes
plant_images/15155.jpg,10,Persicaria perfoliata,Yes
plant_images/25161.jpg,4,Rubus phoenicolasius,Yes
plant_images/23533.jpg,0,Ailanthus altissima,Yes
plant_images/23252.jpg,2,Elaeagnus umbellata,Yes
plant_images/23743.jpg,9,Parthenocissus quinquefolia,No
plant_images/11792.jpg,4,Rubus phoenicolasius,Yes
plant_images/14870.jpg,6,Lonicera japonica,Yes
plant_images/26785.jpg,9,Parthenocissus quinquefolia,No
plant_images/20143.jpg,2,Elaeagnus umbellata,Yes
plant_images/16815.jpg,6,Lonicera japonica,Yes
plant_images/33.jpg,7,Campsis radicans,No
plant_images/21734.jpg,4,Rubus phoenicolasius,Yes
plant_images/3199.jpg,14,Ficaria verna,Yes
plant_images/12536.jpg,6,Lonicera japonica,Yes
plant_images/24832.jpg,6,Lonicera japonica,Yes
plant_images/27077.jpg,15,Packera aurea,No
plant_images/24946.jpg,2,Elaeagnus umbellata,Yes
plant_images/8705.jpg,9,Parthenocissus quinquefolia,No
plant_images/6723.jpg,12,Alliaria petiolata,Yes
plant_images/20215.jpg,3,Asimina triloba,No
plant_images/4325.jpg,6,Lonicera japonica,Yes
plant_images/10162.jpg,6,Lonicera japonica,Yes
plant_images/13275.jpg,6,Lonicera japonica,Yes
plant_images/15660.jpg,10,Persicaria perfoliata,Yes
plant_images/615.jpg,9,Parthenocissus quinquefolia,No
plant_images/4442.jpg,9,Parthenocissus quinquefolia,No
plant_images/2490.jpg,8,Hedera helix,Yes
plant_images/26808.jpg,1,Rhus copallinum,No
plant_images/15334.jpg,4,Rubus phoenicolasius,Yes
plant_images/23785.jpg,9,Parthenocissus quinquefolia,No
plant_images/1174.jpg,13,Geum canadense,No
plant_images/13199.jpg,9,Parthenocissus quinquefolia,No
plant_images/16776.jpg,6,Lonicera japonica,Yes
plant_images/15780.jpg,4,Rubus phoenicolasius,Yes
plant_images/19408.jpg,4,Rubus phoenicolasius,Yes
plant_images/16193.jpg,8,Hedera helix,Yes
plant_images/10606.jpg,13,Geum canadense,No
plant_images/26080.jpg,2,Elaeagnus umbellata,Yes
plant_images/15927.jpg,14,Ficaria verna,Yes
plant_images/5846.jpg,3,Asimina triloba,No
plant_images/16466.jpg,3,Asimina triloba,No
plant_images/15754.jpg,8,Hedera helix,Yes
plant_images/8353.jpg,2,Elaeagnus umbellata,Yes
plant_images/659.jpg,12,Alliaria petiolata,Yes
plant_images/11674.jpg,2,Elaeagnus umbellata,Yes
plant_images/10715.jpg,2,Elaeagnus umbellata,Yes
plant_images/15039.jpg,3,Asimina triloba,No
plant_images/18860.jpg,2,Elaeagnus umbellata,Yes
plant_images/9305.jpg,8,Hedera helix,Yes
plant_images/3047.jpg,12,Alliaria petiolata,Yes
plant_images/3762.jpg,9,Parthenocissus quinquefolia,No
plant_images/25244.jpg,7,Campsis radicans,No
plant_images/22521.jpg,4,Rubus phoenicolasius,Yes
plant_images/11718.jpg,3,Asimina triloba,No
plant_images/1338.jpg,9,Parthenocissus quinquefolia,No
plant_images/10039.jpg,12,Alliaria petiolata,Yes
plant_images/22110.jpg,12,Alliaria petiolata,Yes
plant_images/19114.jpg,4,Rubus phoenicolasius,Yes
plant_images/23472.jpg,3,Asimina triloba,No
plant_images/18712.jpg,9,Parthenocissus quinquefolia,No
plant_images/26614.jpg,3,Asimina triloba,No
plant_images/13763.jpg,7,Campsis radicans,No
plant_images/19004.jpg,3,Asimina triloba,No
plant_images/10697.jpg,0,Ailanthus altissima,Yes
plant_images/12326.jpg,4,Rubus phoenicolasius,Yes
plant_images/10202.jpg,7,Campsis radicans,No
plant_images/13417.jpg,4,Rubus phoenicolasius,Yes
plant_images/7559.jpg,12,Alliaria petiolata,Yes
plant_images/17595.jpg,3,Asimina triloba,No
plant_images/3064.jpg,0,Ailanthus altissima,Yes
plant_images/9779.jpg,2,Elaeagnus umbellata,Yes
plant_images/908.jpg,12,Alliaria petiolata,Yes
plant_images/6915.jpg,14,Ficaria verna,Yes
plant_images/16948.jpg,10,Persicaria perfoliata,Yes
plant_images/10950.jpg,14,Ficaria verna,Yes
plant_images/9342.jpg,2,Elaeagnus umbellata,Yes
plant_images/25804.jpg,9,Parthenocissus quinquefolia,No
plant_images/19987.jpg,6,Lonicera japonica,Yes
plant_images/21805.jpg,9,Parthenocissus quinquefolia,No
plant_images/16930.jpg,7,Campsis radicans,No
plant_images/23956.jpg,4,Rubus phoenicolasius,Yes
plant_images/7805.jpg,4,Rubus phoenicolasius,Yes
plant_images/16088.jpg,12,Alliaria petiolata,Yes
plant_images/1565.jpg,14,Ficaria verna,Yes
plant_images/14962.jpg,14,Ficaria verna,Yes
plant_images/16273.jpg,14,Ficaria verna,Yes
plant_images/9830.jpg,2,Elaeagnus umbellata,Yes
plant_images/12526.jpg,6,Lonicera japonica,Yes
plant_images/20939.jpg,9,Parthenocissus quinquefolia,No
plant_images/24398.jpg,12,Alliaria petiolata,Yes
plant_images/23542.jpg,10,Persicaria perfoliata,Yes
plant_images/23250.jpg,10,Persicaria perfoliata,Yes
plant_images/2949.jpg,8,Hedera helix,Yes
plant_images/23583.jpg,0,Ailanthus altissima,Yes
plant_images/25075.jpg,6,Lonicera japonica,Yes
plant_images/16158.jpg,12,Alliaria petiolata,Yes
plant_images/26494.jpg,14,Ficaria verna,Yes
plant_images/2620.jpg,10,Persicaria perfoliata,Yes
plant_images/22674.jpg,12,Alliaria petiolata,Yes
plant_images/10209.jpg,5,Rubus occidentalis,No
plant_images/536.jpg,9,Parthenocissus quinquefolia,No
plant_images/20943.jpg,7,Campsis radicans,No
plant_images/14434.jpg,13,Geum canadense,No
plant_images/505.jpg,12,Alliaria petiolata,Yes
plant_images/5898.jpg,9,Parthenocissus quinquefolia,No
plant_images/15260.jpg,6,Lonicera japonica,Yes
plant_images/10302.jpg,4,Rubus phoenicolasius,Yes
plant_images/2887.jpg,14,Ficaria verna,Yes
plant_images/20533.jpg,6,Lonicera japonica,Yes
plant_images/13992.jpg,6,Lonicera japonica,Yes
plant_images/49.jpg,14,Ficaria verna,Yes
plant_images/15710.jpg,9,Parthenocissus quinquefolia,No
plant_images/6291.jpg,7,Campsis radicans,No
plant_images/26891.jpg,7,Campsis radicans,No
plant_images/5182.jpg,2,Elaeagnus umbellata,Yes
plant_images/14222.jpg,1,Rhus copallinum,No
plant_images/10879.jpg,14,Ficaria verna,Yes
plant_images/674.jpg,9,Parthenocissus quinquefolia,No
plant_images/19694.jpg,12,Alliaria petiolata,Yes
plant_images/14368.jpg,8,Hedera helix,Yes
plant_images/18539.jpg,12,Alliaria petiolata,Yes
plant_images/21667.jpg,4,Rubus phoenicolasius,Yes
plant_images/22129.jpg,12,Alliaria petiolata,Yes
plant_images/2770.jpg,7,Campsis radicans,No
plant_images/13357.jpg,7,Campsis radicans,No
plant_images/17718.jpg,8,Hedera helix,Yes
plant_images/15870.jpg,14,Ficaria verna,Yes
plant_images/13748.jpg,0,Ailanthus altissima,Yes
plant_images/1079.jpg,4,Rubus phoenicolasius,Yes
plant_images/16838.jpg,3,Asimina triloba,No
plant_images/26987.jpg,12,Alliaria petiolata,Yes
plant_images/14843.jpg,3,Asimina triloba,No
plant_images/25550.jpg,3,Asimina triloba,No
plant_images/8337.jpg,1,Rhus copallinum,No
plant_images/25266.jpg,3,Asimina triloba,No
plant_images/26999.jpg,12,Alliaria petiolata,Yes
plant_images/2422.jpg,6,Lonicera japonica,Yes
plant_images/12473.jpg,1,Rhus copallinum,No
plant_images/5369.jpg,10,Persicaria perfoliata,Yes
plant_images/9346.jpg,12,Alliaria petiolata,Yes
plant_images/7132.jpg,12,Alliaria petiolata,Yes
plant_images/19172.jpg,6,Lonicera japonica,Yes
plant_images/26947.jpg,14,Ficaria verna,Yes
plant_images/14480.jpg,1,Rhus copallinum,No
plant_images/20725.jpg,3,Asimina triloba,No
plant_images/1545.jpg,12,Alliaria petiolata,Yes
plant_images/13067.jpg,2,Elaeagnus umbellata,Yes
plant_images/7732.jpg,10,Persicaria perfoliata,Yes
plant_images/19941.jpg,1,Rhus copallinum,No
plant_images/17791.jpg,10,Persicaria perfoliata,Yes
plant_images/7379.jpg,14,Ficaria verna,Yes
plant_images/1735.jpg,8,Hedera helix,Yes
plant_images/25107.jpg,0,Ailanthus altissima,Yes
plant_images/11095.jpg,6,Lonicera japonica,Yes
plant_images/1277.jpg,10,Persicaria perfoliata,Yes
plant_images/9626.jpg,9,Parthenocissus quinquefolia,No
plant_images/14753.jpg,3,Asimina triloba,No
plant_images/918.jpg,0,Ailanthus altissima,Yes
plant_images/2174.jpg,12,Alliaria petiolata,Yes
plant_images/9270.jpg,14,Ficaria verna,Yes
plant_images/376.jpg,9,Parthenocissus quinquefolia,No
plant_images/11946.jpg,0,Ailanthus altissima,Yes
plant_images/5156.jpg,9,Parthenocissus quinquefolia,No
plant_images/18335.jpg,12,Alliaria petiolata,Yes
plant_images/10284.jpg,15,Packera aurea,No
plant_images/2495.jpg,9,Parthenocissus quinquefolia,No
plant_images/26587.jpg,3,Asimina triloba,No
plant_images/20174.jpg,3,Asimina triloba,No
plant_images/8562.jpg,6,Lonicera japonica,Yes
plant_images/4434.jpg,14,Ficaria verna,Yes
plant_images/7558.jpg,6,Lonicera japonica,Yes
plant_images/19374.jpg,4,Rubus phoenicolasius,Yes
plant_images/21365.jpg,2,Elaeagnus umbellata,Yes
plant_images/22324.jpg,3,Asimina triloba,No
plant_images/394.jpg,0,Ailanthus altissima,Yes
plant_images/6525.jpg,2,Elaeagnus umbellata,Yes
plant_images/3460.jpg,8,Hedera helix,Yes
plant_images/15109.jpg,3,Asimina triloba,No
plant_images/16486.jpg,9,Parthenocissus quinquefolia,No
plant_images/5902.jpg,9,Parthenocissus quinquefolia,No
plant_images/13568.jpg,9,Parthenocissus quinquefolia,No
plant_images/20701.jpg,9,Parthenocissus quinquefolia,No
plant_images/27455.jpg,5,Rubus occidentalis,No
plant_images/1794.jpg,15,Packera aurea,No
plant_images/26220.jpg,9,Parthenocissus quinquefolia,No
plant_images/24731.jpg,6,Lonicera japonica,Yes
plant_images/24505.jpg,8,Hedera helix,Yes
plant_images/24726.jpg,12,Alliaria petiolata,Yes
plant_images/27182.jpg,4,Rubus phoenicolasius,Yes
plant_images/27015.jpg,3,Asimina triloba,No
plant_images/25020.jpg,12,Alliaria petiolata,Yes
plant_images/17209.jpg,1,Rhus copallinum,No
plant_images/22809.jpg,6,Lonicera japonica,Yes
plant_images/18294.jpg,14,Ficaria verna,Yes
plant_images/26036.jpg,12,Alliaria petiolata,Yes
plant_images/18679.jpg,2,Elaeagnus umbellata,Yes
plant_images/17999.jpg,14,Ficaria verna,Yes
plant_images/2609.jpg,4,Rubus phoenicolasius,Yes
plant_images/14602.jpg,15,Packera aurea,No
plant_images/18933.jpg,15,Packera aurea,No
plant_images/22761.jpg,2,Elaeagnus umbellata,Yes
plant_images/19718.jpg,1,Rhus copallinum,No
plant_images/25246.jpg,9,Parthenocissus quinquefolia,No
plant_images/20051.jpg,8,Hedera helix,Yes
plant_images/2536.jpg,12,Alliaria petiolata,Yes
plant_images/2663.jpg,10,Persicaria perfoliata,Yes
plant_images/22617.jpg,6,Lonicera japonica,Yes
plant_images/20559.jpg,3,Asimina triloba,No
plant_images/15912.jpg,14,Ficaria verna,Yes
plant_images/5791.jpg,12,Alliaria petiolata,Yes
plant_images/19494.jpg,7,Campsis radicans,No
plant_images/8356.jpg,4,Rubus phoenicolasius,Yes
plant_images/5548.jpg,12,Alliaria petiolata,Yes
plant_images/1002.jpg,9,Parthenocissus quinquefolia,No
plant_images/21284.jpg,2,Elaeagnus umbellata,Yes
plant_images/9976.jpg,9,Parthenocissus quinquefolia,No
plant_images/15829.jpg,6,Lonicera japonica,Yes
plant_images/27447.jpg,6,Lonicera japonica,Yes
plant_images/21594.jpg,3,Asimina triloba,No
plant_images/26937.jpg,14,Ficaria verna,Yes
plant_images/9780.jpg,15,Packera aurea,No
plant_images/21261.jpg,3,Asimina triloba,No
plant_images/12860.jpg,14,Ficaria verna,Yes
plant_images/26092.jpg,3,Asimina triloba,No
plant_images/28239.jpg,6,Lonicera japonica,Yes
plant_images/21785.jpg,3,Asimina triloba,No
plant_images/9762.jpg,0,Ailanthus altissima,Yes
plant_images/5053.jpg,12,Alliaria petiolata,Yes
plant_images/12520.jpg,6,Lonicera japonica,Yes
plant_images/25362.jpg,2,Elaeagnus umbellata,Yes
plant_images/14347.jpg,6,Lonicera japonica,Yes
plant_images/14201.jpg,11,Persicaria sagittata,No
plant_images/4934.jpg,14,Ficaria verna,Yes
plant_images/26756.jpg,7,Campsis radicans,No
plant_images/4146.jpg,0,Ailanthus altissima,Yes
plant_images/6405.jpg,6,Lonicera japonica,Yes
plant_images/26265.jpg,3,Asimina triloba,No
plant_images/20356.jpg,4,Rubus phoenicolasius,Yes
plant_images/20529.jpg,12,Alliaria petiolata,Yes
plant_images/12500.jpg,12,Alliaria petiolata,Yes
plant_images/19964.jpg,12,Alliaria petiolata,Yes
plant_images/25584.jpg,2,Elaeagnus umbellata,Yes
plant_images/15536.jpg,3,Asimina triloba,No
plant_images/482.jpg,12,Alliaria petiolata,Yes
plant_images/15823.jpg,4,Rubus phoenicolasius,Yes
plant_images/16208.jpg,12,Alliaria petiolata,Yes
plant_images/21844.jpg,3,Asimina triloba,No
plant_images/2049.jpg,12,Alliaria petiolata,Yes
plant_images/715.jpg,12,Alliaria petiolata,Yes
plant_images/20415.jpg,3,Asimina triloba,No
plant_images/5796.jpg,9,Parthenocissus quinquefolia,No
plant_images/7567.jpg,12,Alliaria petiolata,Yes
plant_images/12314.jpg,9,Parthenocissus quinquefolia,No
plant_images/23648.jpg,12,Alliaria petiolata,Yes
plant_images/14886.jpg,9,Parthenocissus quinquefolia,No
plant_images/26699.jpg,6,Lonicera japonica,Yes
plant_images/12411.jpg,6,Lonicera japonica,Yes
plant_images/16418.jpg,12,Alliaria petiolata,Yes
plant_images/14129.jpg,2,Elaeagnus umbellata,Yes
plant_images/1985.jpg,14,Ficaria verna,Yes
plant_images/12085.jpg,0,Ailanthus altissima,Yes
plant_images/23527.jpg,13,Geum canadense,No
plant_images/1460.jpg,9,Parthenocissus quinquefolia,No
plant_images/8632.jpg,3,Asimina triloba,No
plant_images/19840.jpg,9,Parthenocissus quinquefolia,No
plant_images/9133.jpg,14,Ficaria verna,Yes
plant_images/4719.jpg,2,Elaeagnus umbellata,Yes
plant_images/20879.jpg,3,Asimina triloba,No
plant_images/4384.jpg,9,Parthenocissus quinquefolia,No
plant_images/24107.jpg,15,Packera aurea,No
plant_images/6509.jpg,2,Elaeagnus umbellata,Yes
plant_images/20785.jpg,1,Rhus copallinum,No
plant_images/26158.jpg,12,Alliaria petiolata,Yes
plant_images/22085.jpg,12,Alliaria petiolata,Yes
plant_images/14472.jpg,14,Ficaria verna,Yes
plant_images/8574.jpg,6,Lonicera japonica,Yes
plant_images/21872.jpg,2,Elaeagnus umbellata,Yes
plant_images/26438.jpg,2,Elaeagnus umbellata,Yes
plant_images/10642.jpg,2,Elaeagnus umbellata,Yes
plant_images/18838.jpg,12,Alliaria petiolata,Yes
plant_images/3767.jpg,12,Alliaria petiolata,Yes
plant_images/23521.jpg,3,Asimina triloba,No
plant_images/17105.jpg,7,Campsis radicans,No
plant_images/25332.jpg,1,Rhus copallinum,No
plant_images/18303.jpg,12,Alliaria petiolata,Yes
plant_images/25276.jpg,7,Campsis radicans,No
plant_images/8406.jpg,4,Rubus phoenicolasius,Yes
plant_images/15201.jpg,6,Lonicera japonica,Yes
plant_images/1842.jpg,14,Ficaria verna,Yes
plant_images/14483.jpg,14,Ficaria verna,Yes
plant_images/9037.jpg,14,Ficaria verna,Yes
plant_images/21077.jpg,14,Ficaria verna,Yes
plant_images/23104.jpg,2,Elaeagnus umbellata,Yes
plant_images/2242.jpg,6,Lonicera japonica,Yes
plant_images/11056.jpg,14,Ficaria verna,Yes
plant_images/24940.jpg,12,Alliaria petiolata,Yes
plant_images/9187.jpg,14,Ficaria verna,Yes
plant_images/23210.jpg,2,Elaeagnus umbellata,Yes
plant_images/13190.jpg,9,Parthenocissus quinquefolia,No
plant_images/5810.jpg,12,Alliaria petiolata,Yes
plant_images/25158.jpg,9,Parthenocissus quinquefolia,No
plant_images/11451.jpg,6,Lonicera japonica,Yes
plant_images/18008.jpg,12,Alliaria petiolata,Yes
plant_images/10120.jpg,12,Alliaria petiolata,Yes
plant_images/20175.jpg,12,Alliaria petiolata,Yes
plant_images/20472.jpg,2,Elaeagnus umbellata,Yes
plant_images/19534.jpg,12,Alliaria petiolata,Yes
plant_images/13587.jpg,6,Lonicera japonica,Yes
plant_images/3189.jpg,9,Parthenocissus quinquefolia,No
plant_images/15146.jpg,12,Alliaria petiolata,Yes
plant_images/3740.jpg,8,Hedera helix,Yes
plant_images/4074.jpg,9,Parthenocissus quinquefolia,No
plant_images/4879.jpg,11,Persicaria sagittata,No
plant_images/679.jpg,12,Alliaria petiolata,Yes
plant_images/13134.jpg,7,Campsis radicans,No
plant_images/1207.jpg,9,Parthenocissus quinquefolia,No
plant_images/6097.jpg,14,Ficaria verna,Yes
plant_images/1168.jpg,0,Ailanthus altissima,Yes
plant_images/11833.jpg,3,Asimina triloba,No
plant_images/11398.jpg,6,Lonicera japonica,Yes
plant_images/11940.jpg,0,Ailanthus altissima,Yes
plant_images/7569.jpg,6,Lonicera japonica,Yes
plant_images/7706.jpg,0,Ailanthus altissima,Yes
plant_images/16935.jpg,10,Persicaria perfoliata,Yes
plant_images/13029.jpg,6,Lonicera japonica,Yes
plant_images/27541.jpg,2,Elaeagnus umbellata,Yes
plant_images/27374.jpg,11,Persicaria sagittata,No
plant_images/17896.jpg,13,Geum canadense,No
plant_images/26791.jpg,3,Asimina triloba,No
plant_images/6776.jpg,8,Hedera helix,Yes
plant_images/1405.jpg,12,Alliaria petiolata,Yes
plant_images/27933.jpg,1,Rhus copallinum,No
plant_images/28062.jpg,3,Asimina triloba,No
plant_images/13929.jpg,0,Ailanthus altissima,Yes
plant_images/261.jpg,12,Alliaria petiolata,Yes
plant_images/27458.jpg,12,Alliaria petiolata,Yes
plant_images/11770.jpg,3,Asimina triloba,No
plant_images/6777.jpg,12,Alliaria petiolata,Yes
plant_images/14030.jpg,3,Asimina triloba,No
plant_images/18770.jpg,12,Alliaria petiolata,Yes
plant_images/13403.jpg,4,Rubus phoenicolasius,Yes
plant_images/17067.jpg,8,Hedera helix,Yes
plant_images/28040.jpg,12,Alliaria petiolata,Yes
plant_images/25457.jpg,6,Lonicera japonica,Yes
plant_images/22679.jpg,3,Asimina triloba,No
plant_images/8945.jpg,14,Ficaria verna,Yes
plant_images/18921.jpg,15,Packera aurea,No
plant_images/21044.jpg,2,Elaeagnus umbellata,Yes
plant_images/26334.jpg,1,Rhus copallinum,No
plant_images/27693.jpg,9,Parthenocissus quinquefolia,No
plant_images/14413.jpg,6,Lonicera japonica,Yes
plant_images/15640.jpg,3,Asimina triloba,No
plant_images/698.jpg,9,Parthenocissus quinquefolia,No
plant_images/14634.jpg,14,Ficaria verna,Yes
plant_images/23217.jpg,10,Persicaria perfoliata,Yes
plant_images/421.jpg,3,Asimina triloba,No
plant_images/3022.jpg,9,Parthenocissus quinquefolia,No
plant_images/12896.jpg,2,Elaeagnus umbellata,Yes
plant_images/26911.jpg,7,Campsis radicans,No
plant_images/1417.jpg,3,Asimina triloba,No
plant_images/2930.jpg,12,Alliaria petiolata,Yes
plant_images/5716.jpg,2,Elaeagnus umbellata,Yes
plant_images/14925.jpg,15,Packera aurea,No
plant_images/23035.jpg,3,Asimina triloba,No
plant_images/6050.jpg,10,Persicaria perfoliata,Yes
plant_images/5674.jpg,2,Elaeagnus umbellata,Yes
plant_images/21557.jpg,14,Ficaria verna,Yes
plant_images/25821.jpg,1,Rhus copallinum,No
plant_images/11318.jpg,12,Alliaria petiolata,Yes
plant_images/5086.jpg,9,Parthenocissus quinquefolia,No
plant_images/16683.jpg,6,Lonicera japonica,Yes
plant_images/20049.jpg,14,Ficaria verna,Yes
plant_images/24644.jpg,3,Asimina triloba,No
plant_images/8926.jpg,8,Hedera helix,Yes
plant_images/17972.jpg,12,Alliaria petiolata,Yes
plant_images/5128.jpg,2,Elaeagnus umbellata,Yes
plant_images/1955.jpg,6,Lonicera japonica,Yes
plant_images/27923.jpg,1,Rhus copallinum,No
plant_images/5589.jpg,12,Alliaria petiolata,Yes
plant_images/27616.jpg,9,Parthenocissus quinquefolia,No
plant_images/28210.jpg,3,Asimina triloba,No
plant_images/7778.jpg,3,Asimina triloba,No
plant_images/23888.jpg,4,Rubus phoenicolasius,Yes
plant_images/21553.jpg,14,Ficaria verna,Yes
plant_images/14559.jpg,14,Ficaria verna,Yes
plant_images/5033.jpg,2,Elaeagnus umbellata,Yes
plant_images/4761.jpg,7,Campsis radicans,No
plant_images/18998.jpg,6,Lonicera japonica,Yes
plant_images/17455.jpg,3,Asimina triloba,No
plant_images/25429.jpg,4,Rubus phoenicolasius,Yes
plant_images/16115.jpg,12,Alliaria petiolata,Yes
plant_images/27381.jpg,0,Ailanthus altissima,Yes
plant_images/12295.jpg,4,Rubus phoenicolasius,Yes
plant_images/18956.jpg,4,Rubus phoenicolasius,Yes
plant_images/14632.jpg,10,Persicaria perfoliata,Yes
plant_images/22897.jpg,12,Alliaria petiolata,Yes
plant_images/10813.jpg,6,Lonicera japonica,Yes
plant_images/20242.jpg,12,Alliaria petiolata,Yes
plant_images/28298.jpg,7,Campsis radicans,No
plant_images/9422.jpg,15,Packera aurea,No
plant_images/11810.jpg,4,Rubus phoenicolasius,Yes
plant_images/19850.jpg,3,Asimina triloba,No
plant_images/26030.jpg,14,Ficaria verna,Yes
plant_images/20682.jpg,0,Ailanthus altissima,Yes
plant_images/21616.jpg,3,Asimina triloba,No
plant_images/25353.jpg,1,Rhus copallinum,No
plant_images/27755.jpg,7,Campsis radicans,No
plant_images/21487.jpg,10,Persicaria perfoliata,Yes
plant_images/2791.jpg,0,Ailanthus altissima,Yes
plant_images/24048.jpg,7,Campsis radicans,No
plant_images/5515.jpg,14,Ficaria verna,Yes
plant_images/3395.jpg,4,Rubus phoenicolasius,Yes
plant_images/19604.jpg,7,Campsis radicans,No
plant_images/19203.jpg,2,Elaeagnus umbellata,Yes
plant_images/17617.jpg,2,Elaeagnus umbellata,Yes
plant_images/154.jpg,8,Hedera helix,Yes
plant_images/20776.jpg,13,Geum canadense,No
plant_images/18985.jpg,12,Alliaria petiolata,Yes
plant_images/5194.jpg,1,Rhus copallinum,No
plant_images/28171.jpg,6,Lonicera japonica,Yes
plant_images/26102.jpg,15,Packera aurea,No
plant_images/1998.jpg,14,Ficaria verna,Yes
plant_images/4712.jpg,6,Lonicera japonica,Yes
plant_images/19262.jpg,1,Rhus copallinum,No
plant_images/12254.jpg,9,Parthenocissus quinquefolia,No
plant_images/9194.jpg,6,Lonicera japonica,Yes
plant_images/19586.jpg,10,Persicaria perfoliata,Yes
plant_images/20826.jpg,2,Elaeagnus umbellata,Yes
plant_images/11297.jpg,6,Lonicera japonica,Yes
plant_images/18565.jpg,2,Elaeagnus umbellata,Yes
plant_images/21768.jpg,9,Parthenocissus quinquefolia,No
plant_images/19533.jpg,4,Rubus phoenicolasius,Yes
plant_images/1479.jpg,6,Lonicera japonica,Yes
plant_images/1011.jpg,9,Parthenocissus quinquefolia,No
plant_images/10414.jpg,6,Lonicera japonica,Yes
plant_images/12031.jpg,0,Ailanthus altissima,Yes
plant_images/4111.jpg,12,Alliaria petiolata,Yes
plant_images/6357.jpg,11,Persicaria sagittata,No
plant_images/19098.jpg,11,Persicaria sagittata,No
plant_images/19654.jpg,7,Campsis radicans,No
plant_images/9806.jpg,2,Elaeagnus umbellata,Yes
plant_images/24413.jpg,8,Hedera helix,Yes
plant_images/10193.jpg,4,Rubus phoenicolasius,Yes
plant_images/9605.jpg,9,Parthenocissus quinquefolia,No
plant_images/10768.jpg,2,Elaeagnus umbellata,Yes
plant_images/2741.jpg,9,Parthenocissus quinquefolia,No
plant_images/11653.jpg,12,Alliaria petiolata,Yes
plant_images/25492.jpg,3,Asimina triloba,No
plant_images/10397.jpg,10,Persicaria perfoliata,Yes
plant_images/3974.jpg,8,Hedera helix,Yes
plant_images/10997.jpg,14,Ficaria verna,Yes
plant_images/20521.jpg,6,Lonicera japonica,Yes
plant_images/3775.jpg,9,Parthenocissus quinquefolia,No
plant_images/2071.jpg,12,Alliaria petiolata,Yes
plant_images/18870.jpg,12,Alliaria petiolata,Yes
plant_images/13180.jpg,9,Parthenocissus quinquefolia,No
plant_images/10839.jpg,15,Packera aurea,No
plant_images/4885.jpg,6,Lonicera japonica,Yes
plant_images/25146.jpg,3,Asimina triloba,No
plant_images/17124.jpg,7,Campsis radicans,No
plant_images/27870.jpg,1,Rhus copallinum,No
plant_images/27563.jpg,12,Alliaria petiolata,Yes
plant_images/25262.jpg,10,Persicaria perfoliata,Yes
plant_images/14489.jpg,14,Ficaria verna,Yes
plant_images/17739.jpg,3,Asimina triloba,No
plant_images/7398.jpg,12,Alliaria petiolata,Yes
plant_images/24557.jpg,2,Elaeagnus umbellata,Yes
plant_images/3956.jpg,14,Ficaria verna,Yes
plant_images/5448.jpg,3,Asimina triloba,No
plant_images/21869.jpg,9,Parthenocissus quinquefolia,No
plant_images/11590.jpg,12,Alliaria petiolata,Yes
plant_images/11438.jpg,14,Ficaria verna,Yes
plant_images/18071.jpg,14,Ficaria verna,Yes
plant_images/6052.jpg,10,Persicaria perfoliata,Yes
plant_images/3110.jpg,15,Packera aurea,No
plant_images/632.jpg,12,Alliaria petiolata,Yes
plant_images/24579.jpg,12,Alliaria petiolata,Yes
plant_images/13099.jpg,6,Lonicera japonica,Yes
plant_images/19016.jpg,3,Asimina triloba,No
plant_images/10996.jpg,14,Ficaria verna,Yes
plant_images/9941.jpg,9,Parthenocissus quinquefolia,No
plant_images/15692.jpg,1,Rhus copallinum,No
plant_images/15411.jpg,8,Hedera helix,Yes
plant_images/11917.jpg,10,Persicaria perfoliata,Yes
plant_images/18830.jpg,15,Packera aurea,No
plant_images/8812.jpg,9,Parthenocissus quinquefolia,No
plant_images/25913.jpg,3,Asimina triloba,No
plant_images/20073.jpg,2,Elaeagnus umbellata,Yes
plant_images/8405.jpg,12,Alliaria petiolata,Yes
plant_images/7822.jpg,6,Lonicera japonica,Yes
plant_images/15231.jpg,10,Persicaria perfoliata,Yes
plant_images/7418.jpg,6,Lonicera japonica,Yes
plant_images/5885.jpg,9,Parthenocissus quinquefolia,No
plant_images/11143.jpg,2,Elaeagnus umbellata,Yes
plant_images/10491.jpg,3,Asimina triloba,No
plant_images/16480.jpg,12,Alliaria petiolata,Yes
plant_images/16833.jpg,5,Rubus occidentalis,No
plant_images/13654.jpg,0,Ailanthus altissima,Yes
plant_images/10081.jpg,3,Asimina triloba,No
plant_images/14995.jpg,15,Packera aurea,No
plant_images/4710.jpg,9,Parthenocissus quinquefolia,No
plant_images/17810.jpg,12,Alliaria petiolata,Yes
plant_images/766.jpg,4,Rubus phoenicolasius,Yes
plant_images/26802.jpg,12,Alliaria petiolata,Yes
plant_images/4372.jpg,10,Persicaria perfoliata,Yes
plant_images/12175.jpg,7,Campsis radicans,No
plant_images/3805.jpg,12,Alliaria petiolata,Yes
plant_images/14983.jpg,4,Rubus phoenicolasius,Yes
plant_images/23887.jpg,3,Asimina triloba,No
plant_images/5355.jpg,10,Persicaria perfoliata,Yes
plant_images/18160.jpg,12,Alliaria petiolata,Yes
plant_images/9328.jpg,15,Packera aurea,No
plant_images/6601.jpg,6,Lonicera japonica,Yes
plant_images/20584.jpg,12,Alliaria petiolata,Yes
plant_images/12364.jpg,3,Asimina triloba,No
plant_images/16811.jpg,4,Rubus phoenicolasius,Yes
plant_images/9053.jpg,6,Lonicera japonica,Yes
plant_images/26201.jpg,12,Alliaria petiolata,Yes
plant_images/19515.jpg,9,Parthenocissus quinquefolia,No
plant_images/6513.jpg,2,Elaeagnus umbellata,Yes
plant_images/21981.jpg,6,Lonicera japonica,Yes
plant_images/7295.jpg,6,Lonicera japonica,Yes
plant_images/11531.jpg,9,Parthenocissus quinquefolia,No
plant_images/13390.jpg,4,Rubus phoenicolasius,Yes
plant_images/4974.jpg,6,Lonicera japonica,Yes
plant_images/3940.jpg,0,Ailanthus altissima,Yes
plant_images/14354.jpg,10,Persicaria perfoliata,Yes
plant_images/10939.jpg,14,Ficaria verna,Yes
plant_images/12693.jpg,14,Ficaria verna,Yes
plant_images/1722.jpg,12,Alliaria petiolata,Yes
plant_images/16100.jpg,9,Parthenocissus quinquefolia,No
plant_images/26775.jpg,4,Rubus phoenicolasius,Yes
plant_images/23821.jpg,12,Alliaria petiolata,Yes
plant_images/13801.jpg,3,Asimina triloba,No
plant_images/21355.jpg,9,Parthenocissus quinquefolia,No
plant_images/12040.jpg,13,Geum canadense,No
plant_images/23245.jpg,11,Persicaria sagittata,No
plant_images/17412.jpg,9,Parthenocissus quinquefolia,No
plant_images/15384.jpg,0,Ailanthus altissima,Yes
plant_images/19422.jpg,7,Campsis radicans,No
plant_images/9709.jpg,9,Parthenocissus quinquefolia,No
plant_images/15031.jpg,4,Rubus phoenicolasius,Yes
plant_images/15134.jpg,12,Alliaria petiolata,Yes
plant_images/7141.jpg,4,Rubus phoenicolasius,Yes
plant_images/27582.jpg,9,Parthenocissus quinquefolia,No
plant_images/16353.jpg,15,Packera aurea,No
plant_images/27358.jpg,6,Lonicera japonica,Yes
plant_images/24216.jpg,3,Asimina triloba,No
plant_images/21634.jpg,12,Alliaria petiolata,Yes
plant_images/26042.jpg,14,Ficaria verna,Yes
plant_images/24229.jpg,9,Parthenocissus quinquefolia,No
plant_images/5396.jpg,11,Persicaria sagittata,No
plant_images/10870.jpg,14,Ficaria verna,Yes
plant_images/7188.jpg,12,Alliaria petiolata,Yes
plant_images/20095.jpg,12,Alliaria petiolata,Yes
plant_images/3488.jpg,14,Ficaria verna,Yes
plant_images/10424.jpg,12,Alliaria petiolata,Yes
plant_images/4148.jpg,9,Parthenocissus quinquefolia,No
plant_images/9838.jpg,3,Asimina triloba,No
plant_images/16955.jpg,4,Rubus phoenicolasius,Yes
plant_images/24033.jpg,4,Rubus phoenicolasius,Yes
plant_images/14715.jpg,12,Alliaria petiolata,Yes
plant_images/4448.jpg,6,Lonicera japonica,Yes
plant_images/4253.jpg,12,Alliaria petiolata,Yes
plant_images/970.jpg,3,Asimina triloba,No
plant_images/224.jpg,4,Rubus phoenicolasius,Yes
plant_images/23125.jpg,3,Asimina triloba,No
plant_images/11002.jpg,6,Lonicera japonica,Yes
plant_images/4280.jpg,4,Rubus phoenicolasius,Yes
plant_images/494.jpg,12,Alliaria petiolata,Yes
plant_images/4768.jpg,13,Geum canadense,No
plant_images/15811.jpg,4,Rubus phoenicolasius,Yes
plant_images/19061.jpg,8,Hedera helix,Yes
plant_images/16391.jpg,12,Alliaria petiolata,Yes
plant_images/6361.jpg,2,Elaeagnus umbellata,Yes
plant_images/25445.jpg,4,Rubus phoenicolasius,Yes
plant_images/3062.jpg,0,Ailanthus altissima,Yes
plant_images/11351.jpg,12,Alliaria petiolata,Yes
plant_images/2449.jpg,12,Alliaria petiolata,Yes
plant_images/13639.jpg,9,Parthenocissus quinquefolia,No
plant_images/17795.jpg,0,Ailanthus altissima,Yes
plant_images/12721.jpg,14,Ficaria verna,Yes
plant_images/19854.jpg,12,Alliaria petiolata,Yes
plant_images/22805.jpg,12,Alliaria petiolata,Yes
plant_images/7304.jpg,9,Parthenocissus quinquefolia,No
plant_images/866.jpg,9,Parthenocissus quinquefolia,No
plant_images/11959.jpg,1,Rhus copallinum,No
plant_images/17670.jpg,7,Campsis radicans,No
plant_images/23555.jpg,4,Rubus phoenicolasius,Yes
plant_images/12753.jpg,14,Ficaria verna,Yes
plant_images/7256.jpg,6,Lonicera japonica,Yes
plant_images/13502.jpg,9,Parthenocissus quinquefolia,No
plant_images/13167.jpg,15,Packera aurea,No
plant_images/13664.jpg,7,Campsis radicans,No
plant_images/21930.jpg,1,Rhus copallinum,No
plant_images/3188.jpg,13,Geum canadense,No
plant_images/24675.jpg,12,Alliaria petiolata,Yes
plant_images/7229.jpg,2,Elaeagnus umbellata,Yes
plant_images/15310.jpg,4,Rubus phoenicolasius,Yes
plant_images/5404.jpg,2,Elaeagnus umbellata,Yes
plant_images/26132.jpg,4,Rubus phoenicolasius,Yes
plant_images/6760.jpg,4,Rubus phoenicolasius,Yes
plant_images/26667.jpg,15,Packera aurea,No
plant_images/1905.jpg,9,Parthenocissus quinquefolia,No
plant_images/26480.jpg,3,Asimina triloba,No
plant_images/6846.jpg,14,Ficaria verna,Yes
plant_images/19094.jpg,10,Persicaria perfoliata,Yes
plant_images/17949.jpg,14,Ficaria verna,Yes
plant_images/923.jpg,12,Alliaria petiolata,Yes
plant_images/22154.jpg,12,Alliaria petiolata,Yes
plant_images/26411.jpg,0,Ailanthus altissima,Yes
plant_images/24439.jpg,3,Asimina triloba,No
plant_images/13817.jpg,7,Campsis radicans,No
plant_images/6128.jpg,6,Lonicera japonica,Yes
plant_images/3727.jpg,5,Rubus occidentalis,No
plant_images/15943.jpg,14,Ficaria verna,Yes
plant_images/5478.jpg,0,Ailanthus altissima,Yes
plant_images/25605.jpg,3,Asimina triloba,No
plant_images/19371.jpg,0,Ailanthus altissima,Yes
plant_images/16934.jpg,6,Lonicera japonica,Yes
plant_images/7533.jpg,12,Alliaria petiolata,Yes
plant_images/9394.jpg,6,Lonicera japonica,Yes
plant_images/26977.jpg,9,Parthenocissus quinquefolia,No
plant_images/19685.jpg,12,Alliaria petiolata,Yes
plant_images/379.jpg,0,Ailanthus altissima,Yes
plant_images/676.jpg,6,Lonicera japonica,Yes
plant_images/26361.jpg,1,Rhus copallinum,No
plant_images/19813.jpg,9,Parthenocissus quinquefolia,No
plant_images/16730.jpg,9,Parthenocissus quinquefolia,No
plant_images/12270.jpg,11,Persicaria sagittata,No
plant_images/27017.jpg,6,Lonicera japonica,Yes
plant_images/12164.jpg,10,Persicaria perfoliata,Yes
plant_images/4798.jpg,9,Parthenocissus quinquefolia,No
plant_images/13381.jpg,9,Parthenocissus quinquefolia,No
plant_images/24589.jpg,12,Alliaria petiolata,Yes
plant_images/13335.jpg,15,Packera aurea,No
plant_images/8523.jpg,11,Persicaria sagittata,No
plant_images/5314.jpg,0,Ailanthus altissima,Yes
plant_images/5352.jpg,9,Parthenocissus quinquefolia,No
plant_images/6794.jpg,12,Alliaria petiolata,Yes
plant_images/13120.jpg,4,Rubus phoenicolasius,Yes
plant_images/6592.jpg,3,Asimina triloba,No
plant_images/12054.jpg,3,Asimina triloba,No
plant_images/7898.jpg,9,Parthenocissus quinquefolia,No
plant_images/19393.jpg,0,Ailanthus altissima,Yes
plant_images/7695.jpg,12,Alliaria petiolata,Yes
plant_images/5472.jpg,2,Elaeagnus umbellata,Yes
plant_images/15886.jpg,0,Ailanthus altissima,Yes
plant_images/25679.jpg,9,Parthenocissus quinquefolia,No
plant_images/8775.jpg,7,Campsis radicans,No
plant_images/16093.jpg,12,Alliaria petiolata,Yes
plant_images/22657.jpg,0,Ailanthus altissima,Yes
plant_images/14391.jpg,14,Ficaria verna,Yes
plant_images/16325.jpg,6,Lonicera japonica,Yes
plant_images/611.jpg,8,Hedera helix,Yes
plant_images/22474.jpg,4,Rubus phoenicolasius,Yes
plant_images/2599.jpg,8,Hedera helix,Yes
plant_images/26561.jpg,12,Alliaria petiolata,Yes
plant_images/709.jpg,8,Hedera helix,Yes
plant_images/811.jpg,14,Ficaria verna,Yes
plant_images/23431.jpg,4,Rubus phoenicolasius,Yes
plant_images/15253.jpg,3,Asimina triloba,No
plant_images/27908.jpg,8,Hedera helix,Yes
plant_images/28194.jpg,4,Rubus phoenicolasius,Yes
plant_images/6198.jpg,9,Parthenocissus quinquefolia,No
plant_images/20965.jpg,6,Lonicera japonica,Yes
plant_images/11584.jpg,4,Rubus phoenicolasius,Yes
plant_images/15040.jpg,9,Parthenocissus quinquefolia,No
plant_images/541.jpg,12,Alliaria petiolata,Yes
plant_images/23418.jpg,4,Rubus phoenicolasius,Yes
plant_images/5108.jpg,3,Asimina triloba,No
plant_images/22053.jpg,3,Asimina triloba,No
plant_images/16393.jpg,6,Lonicera japonica,Yes
plant_images/8249.jpg,7,Campsis radicans,No
plant_images/6440.jpg,9,Parthenocissus quinquefolia,No
plant_images/16288.jpg,3,Asimina triloba,No
plant_images/27523.jpg,8,Hedera helix,Yes
plant_images/12524.jpg,12,Alliaria petiolata,Yes
plant_images/25174.jpg,7,Campsis radicans,No
plant_images/16551.jpg,12,Alliaria petiolata,Yes
plant_images/19928.jpg,1,Rhus copallinum,No
plant_images/25272.jpg,0,Ailanthus altissima,Yes
plant_images/28105.jpg,6,Lonicera japonica,Yes
plant_images/20487.jpg,0,Ailanthus altissima,Yes
plant_images/24035.jpg,1,Rhus copallinum,No
plant_images/12306.jpg,10,Persicaria perfoliata,Yes
plant_images/16187.jpg,12,Alliaria petiolata,Yes
plant_images/25968.jpg,2,Elaeagnus umbellata,Yes
plant_images/25194.jpg,12,Alliaria petiolata,Yes
plant_images/20464.jpg,9,Parthenocissus quinquefolia,No
plant_images/27124.jpg,7,Campsis radicans,No
plant_images/16031.jpg,8,Hedera helix,Yes
plant_images/21339.jpg,6,Lonicera japonica,Yes
plant_images/15446.jpg,7,Campsis radicans,No
plant_images/9900.jpg,15,Packera aurea,No
plant_images/22236.jpg,5,Rubus occidentalis,No
plant_images/4678.jpg,0,Ailanthus altissima,Yes
plant_images/13202.jpg,9,Parthenocissus quinquefolia,No
plant_images/28316.jpg,7,Campsis radicans,No
plant_images/20579.jpg,12,Alliaria petiolata,Yes
plant_images/6812.jpg,12,Alliaria petiolata,Yes
plant_images/4533.jpg,0,Ailanthus altissima,Yes
plant_images/1873.jpg,3,Asimina triloba,No
plant_images/26969.jpg,12,Alliaria petiolata,Yes
plant_images/1706.jpg,14,Ficaria verna,Yes
plant_images/23220.jpg,11,Persicaria sagittata,No
plant_images/9927.jpg,15,Packera aurea,No
plant_images/12519.jpg,14,Ficaria verna,Yes
plant_images/25079.jpg,12,Alliaria petiolata,Yes
plant_images/22791.jpg,9,Parthenocissus quinquefolia,No
plant_images/8215.jpg,7,Campsis radicans,No
plant_images/15933.jpg,13,Geum canadense,No
plant_images/15330.jpg,4,Rubus phoenicolasius,Yes
plant_images/11868.jpg,7,Campsis radicans,No
plant_images/27527.jpg,12,Alliaria petiolata,Yes
plant_images/1779.jpg,4,Rubus phoenicolasius,Yes
plant_images/5417.jpg,0,Ailanthus altissima,Yes
plant_images/10565.jpg,4,Rubus phoenicolasius,Yes
plant_images/26085.jpg,12,Alliaria petiolata,Yes
plant_images/3319.jpg,0,Ailanthus altissima,Yes
plant_images/18359.jpg,3,Asimina triloba,No
plant_images/18583.jpg,9,Parthenocissus quinquefolia,No
plant_images/27402.jpg,1,Rhus copallinum,No
plant_images/10759.jpg,9,Parthenocissus quinquefolia,No
plant_images/16363.jpg,8,Hedera helix,Yes
plant_images/4803.jpg,15,Packera aurea,No
plant_images/13407.jpg,2,Elaeagnus umbellata,Yes
plant_images/2516.jpg,3,Asimina triloba,No
plant_images/6267.jpg,0,Ailanthus altissima,Yes
plant_images/163.jpg,14,Ficaria verna,Yes
plant_images/15851.jpg,7,Campsis radicans,No
plant_images/14566.jpg,14,Ficaria verna,Yes
plant_images/23551.jpg,4,Rubus phoenicolasius,Yes
plant_images/5723.jpg,4,Rubus phoenicolasius,Yes
plant_images/25425.jpg,7,Campsis radicans,No
plant_images/3452.jpg,15,Packera aurea,No
plant_images/4284.jpg,9,Parthenocissus quinquefolia,No
plant_images/14215.jpg,6,Lonicera japonica,Yes
plant_images/4196.jpg,9,Parthenocissus quinquefolia,No
plant_images/6923.jpg,12,Alliaria petiolata,Yes
plant_images/19929.jpg,9,Parthenocissus quinquefolia,No
plant_images/17773.jpg,4,Rubus phoenicolasius,Yes
plant_images/27802.jpg,3,Asimina triloba,No
plant_images/19846.jpg,5,Rubus occidentalis,No
plant_images/15793.jpg,2,Elaeagnus umbellata,Yes
plant_images/18875.jpg,9,Parthenocissus quinquefolia,No
plant_images/22874.jpg,4,Rubus phoenicolasius,Yes
plant_images/24087.jpg,9,Parthenocissus quinquefolia,No
plant_images/21903.jpg,3,Asimina triloba,No
plant_images/20262.jpg,9,Parthenocissus quinquefolia,No
plant_images/12357.jpg,2,Elaeagnus umbellata,Yes
plant_images/1179.jpg,9,Parthenocissus quinquefolia,No
plant_images/8947.jpg,14,Ficaria verna,Yes
plant_images/10148.jpg,6,Lonicera japonica,Yes
plant_images/12669.jpg,15,Packera aurea,No
plant_images/26909.jpg,0,Ailanthus altissima,Yes
plant_images/25370.jpg,1,Rhus copallinum,No
plant_images/15428.jpg,7,Campsis radicans,No
plant_images/24456.jpg,3,Asimina triloba,No
plant_images/18079.jpg,14,Ficaria verna,Yes
plant_images/20877.jpg,3,Asimina triloba,No
plant_images/19662.jpg,1,Rhus copallinum,No
plant_images/7793.jpg,9,Parthenocissus quinquefolia,No
plant_images/22668.jpg,15,Packera aurea,No
plant_images/22407.jpg,3,Asimina triloba,No
plant_images/22073.jpg,12,Alliaria petiolata,Yes
plant_images/14277.jpg,8,Hedera helix,Yes
plant_images/1698.jpg,12,Alliaria petiolata,Yes
plant_images/8391.jpg,13,Geum canadense,No
plant_images/20507.jpg,5,Rubus occidentalis,No
plant_images/5500.jpg,12,Alliaria petiolata,Yes
plant_images/14355.jpg,10,Persicaria perfoliata,Yes
plant_images/26951.jpg,0,Ailanthus altissima,Yes
plant_images/2308.jpg,10,Persicaria perfoliata,Yes
plant_images/27487.jpg,13,Geum canadense,No
plant_images/2323.jpg,3,Asimina triloba,No
plant_images/10665.jpg,1,Rhus copallinum,No
plant_images/1825.jpg,12,Alliaria petiolata,Yes
plant_images/1499.jpg,6,Lonicera japonica,Yes
plant_images/8284.jpg,7,Campsis radicans,No
plant_images/15301.jpg,6,Lonicera japonica,Yes
plant_images/20150.jpg,12,Alliaria petiolata,Yes
plant_images/25472.jpg,6,Lonicera japonica,Yes
plant_images/27195.jpg,9,Parthenocissus quinquefolia,No
plant_images/26493.jpg,6,Lonicera japonica,Yes
plant_images/18912.jpg,4,Rubus phoenicolasius,Yes
plant_images/17128.jpg,6,Lonicera japonica,Yes
plant_images/21697.jpg,6,Lonicera japonica,Yes
plant_images/4824.jpg,9,Parthenocissus quinquefolia,No
plant_images/22360.jpg,11,Persicaria sagittata,No
plant_images/6523.jpg,11,Persicaria sagittata,No
plant_images/9121.jpg,14,Ficaria verna,Yes
plant_images/10038.jpg,9,Parthenocissus quinquefolia,No
plant_images/5378.jpg,10,Persicaria perfoliata,Yes
plant_images/22044.jpg,12,Alliaria petiolata,Yes
plant_images/28133.jpg,2,Elaeagnus umbellata,Yes
plant_images/5951.jpg,9,Parthenocissus quinquefolia,No
plant_images/2912.jpg,14,Ficaria verna,Yes
plant_images/13328.jpg,9,Parthenocissus quinquefolia,No
plant_images/17216.jpg,2,Elaeagnus umbellata,Yes
plant_images/25980.jpg,0,Ailanthus altissima,Yes
plant_images/12608.jpg,14,Ficaria verna,Yes
plant_images/5706.jpg,12,Alliaria petiolata,Yes
plant_images/13174.jpg,12,Alliaria petiolata,Yes
plant_images/24050.jpg,10,Persicaria perfoliata,Yes
plant_images/85.jpg,9,Parthenocissus quinquefolia,No
plant_images/5202.jpg,10,Persicaria perfoliata,Yes
plant_images/10909.jpg,14,Ficaria verna,Yes
plant_images/17612.jpg,3,Asimina triloba,No
plant_images/12643.jpg,6,Lonicera japonica,Yes
plant_images/23913.jpg,3,Asimina triloba,No
plant_images/22048.jpg,3,Asimina triloba,No
plant_images/6210.jpg,9,Parthenocissus quinquefolia,No
plant_images/5493.jpg,14,Ficaria verna,Yes
plant_images/19536.jpg,9,Parthenocissus quinquefolia,No
plant_images/12232.jpg,2,Elaeagnus umbellata,Yes
plant_images/8425.jpg,1,Rhus copallinum,No
plant_images/2101.jpg,9,Parthenocissus quinquefolia,No
plant_images/23371.jpg,4,Rubus phoenicolasius,Yes
plant_images/26553.jpg,2,Elaeagnus umbellata,Yes
plant_images/21038.jpg,14,Ficaria verna,Yes
plant_images/1652.jpg,12,Alliaria petiolata,Yes
plant_images/11949.jpg,9,Parthenocissus quinquefolia,No
plant_images/11627.jpg,8,Hedera helix,Yes
plant_images/23240.jpg,10,Persicaria perfoliata,Yes
plant_images/21729.jpg,4,Rubus phoenicolasius,Yes
plant_images/96.jpg,15,Packera aurea,No
plant_images/1871.jpg,10,Persicaria perfoliata,Yes
plant_images/5166.jpg,11,Persicaria sagittata,No
plant_images/306.jpg,13,Geum canadense,No
plant_images/26149.jpg,2,Elaeagnus umbellata,Yes
plant_images/8824.jpg,2,Elaeagnus umbellata,Yes
plant_images/16163.jpg,6,Lonicera japonica,Yes
plant_images/17510.jpg,11,Persicaria sagittata,No
plant_images/5720.jpg,12,Alliaria petiolata,Yes
plant_images/22613.jpg,12,Alliaria petiolata,Yes
plant_images/22160.jpg,3,Asimina triloba,No
plant_images/2640.jpg,15,Packera aurea,No
plant_images/10518.jpg,3,Asimina triloba,No
plant_images/13888.jpg,4,Rubus phoenicolasius,Yes
plant_images/8079.jpg,3,Asimina triloba,No
plant_images/8885.jpg,14,Ficaria verna,Yes
plant_images/24703.jpg,2,Elaeagnus umbellata,Yes
plant_images/19201.jpg,6,Lonicera japonica,Yes
plant_images/20244.jpg,9,Parthenocissus quinquefolia,No
plant_images/17261.jpg,1,Rhus copallinum,No
plant_images/25975.jpg,7,Campsis radicans,No
plant_images/23516.jpg,4,Rubus phoenicolasius,Yes
plant_images/17571.jpg,10,Persicaria perfoliata,Yes
plant_images/6122.jpg,15,Packera aurea,No
plant_images/8763.jpg,1,Rhus copallinum,No
plant_images/26643.jpg,15,Packera aurea,No
plant_images/13930.jpg,1,Rhus copallinum,No
plant_images/7720.jpg,12,Alliaria petiolata,Yes
plant_images/17204.jpg,1,Rhus copallinum,No
plant_images/16005.jpg,14,Ficaria verna,Yes
plant_images/4625.jpg,7,Campsis radicans,No
plant_images/4669.jpg,0,Ailanthus altissima,Yes
plant_images/26247.jpg,1,Rhus copallinum,No
plant_images/27004.jpg,3,Asimina triloba,No
plant_images/11842.jpg,13,Geum canadense,No
plant_images/10810.jpg,4,Rubus phoenicolasius,Yes
plant_images/4139.jpg,7,Campsis radicans,No
plant_images/2273.jpg,4,Rubus phoenicolasius,Yes
plant_images/10661.jpg,1,Rhus copallinum,No
plant_images/9309.jpg,3,Asimina triloba,No
plant_images/3335.jpg,5,Rubus occidentalis,No
plant_images/7036.jpg,14,Ficaria verna,Yes
plant_images/11310.jpg,15,Packera aurea,No
plant_images/12935.jpg,3,Asimina triloba,No
plant_images/15977.jpg,14,Ficaria verna,Yes
plant_images/899.jpg,14,Ficaria verna,Yes
plant_images/21314.jpg,6,Lonicera japonica,Yes
plant_images/13604.jpg,5,Rubus occidentalis,No
plant_images/23603.jpg,14,Ficaria verna,Yes
plant_images/21397.jpg,3,Asimina triloba,No
plant_images/27709.jpg,9,Parthenocissus quinquefolia,No
plant_images/9226.jpg,14,Ficaria verna,Yes
plant_images/22159.jpg,3,Asimina triloba,No
plant_images/28273.jpg,7,Campsis radicans,No
plant_images/15725.jpg,3,Asimina triloba,No
plant_images/20084.jpg,0,Ailanthus altissima,Yes
plant_images/18098.jpg,3,Asimina triloba,No
plant_images/11185.jpg,12,Alliaria petiolata,Yes
plant_images/23254.jpg,1,Rhus copallinum,No
plant_images/13017.jpg,9,Parthenocissus quinquefolia,No
plant_images/13128.jpg,6,Lonicera japonica,Yes
plant_images/21130.jpg,3,Asimina triloba,No
plant_images/4821.jpg,9,Parthenocissus quinquefolia,No
plant_images/3363.jpg,10,Persicaria perfoliata,Yes
plant_images/4302.jpg,4,Rubus phoenicolasius,Yes
plant_images/1380.jpg,4,Rubus phoenicolasius,Yes
plant_images/2379.jpg,12,Alliaria petiolata,Yes
plant_images/782.jpg,12,Alliaria petiolata,Yes
plant_images/26067.jpg,15,Packera aurea,No
plant_images/16536.jpg,9,Parthenocissus quinquefolia,No
plant_images/8363.jpg,11,Persicaria sagittata,No
plant_images/13423.jpg,9,Parthenocissus quinquefolia,No
plant_images/5269.jpg,9,Parthenocissus quinquefolia,No
plant_images/6137.jpg,10,Persicaria perfoliata,Yes
plant_images/15552.jpg,6,Lonicera japonica,Yes
plant_images/15671.jpg,10,Persicaria perfoliata,Yes
plant_images/26153.jpg,3,Asimina triloba,No
plant_images/23564.jpg,0,Ailanthus altissima,Yes
plant_images/28208.jpg,6,Lonicera japonica,Yes
plant_images/20807.jpg,12,Alliaria petiolata,Yes
plant_images/1943.jpg,10,Persicaria perfoliata,Yes
plant_images/3474.jpg,14,Ficaria verna,Yes
plant_images/13490.jpg,12,Alliaria petiolata,Yes
plant_images/4847.jpg,7,Campsis radicans,No
plant_images/8711.jpg,9,Parthenocissus quinquefolia,No
plant_images/11555.jpg,15,Packera aurea,No
plant_images/24322.jpg,3,Asimina triloba,No
plant_images/9502.jpg,8,Hedera helix,Yes
plant_images/16167.jpg,12,Alliaria petiolata,Yes
plant_images/1413.jpg,12,Alliaria petiolata,Yes
plant_images/18566.jpg,6,Lonicera japonica,Yes
plant_images/22976.jpg,0,Ailanthus altissima,Yes
plant_images/20169.jpg,4,Rubus phoenicolasius,Yes
plant_images/178.jpg,12,Alliaria petiolata,Yes
plant_images/3332.jpg,3,Asimina triloba,No
plant_images/14948.jpg,9,Parthenocissus quinquefolia,No
plant_images/22605.jpg,13,Geum canadense,No
plant_images/21317.jpg,9,Parthenocissus quinquefolia,No
plant_images/25497.jpg,6,Lonicera japonica,Yes
plant_images/16414.jpg,9,Parthenocissus quinquefolia,No
plant_images/7749.jpg,3,Asimina triloba,No
plant_images/19563.jpg,12,Alliaria petiolata,Yes
plant_images/14740.jpg,6,Lonicera japonica,Yes
plant_images/13990.jpg,1,Rhus copallinum,No
plant_images/6207.jpg,14,Ficaria verna,Yes
plant_images/10232.jpg,5,Rubus occidentalis,No
plant_images/5837.jpg,6,Lonicera japonica,Yes
plant_images/24825.jpg,8,Hedera helix,Yes
plant_images/16370.jpg,4,Rubus phoenicolasius,Yes
plant_images/10080.jpg,3,Asimina triloba,No
plant_images/18758.jpg,2,Elaeagnus umbellata,Yes
plant_images/2711.jpg,4,Rubus phoenicolasius,Yes
plant_images/3579.jpg,9,Parthenocissus quinquefolia,No
plant_images/22416.jpg,3,Asimina triloba,No
plant_images/5414.jpg,0,Ailanthus altissima,Yes
plant_images/4990.jpg,12,Alliaria petiolata,Yes
plant_images/5862.jpg,15,Packera aurea,No
plant_images/27663.jpg,12,Alliaria petiolata,Yes
plant_images/17616.jpg,1,Rhus copallinum,No
plant_images/8933.jpg,0,Ailanthus altissima,Yes
plant_images/28013.jpg,13,Geum canadense,No
plant_images/22980.jpg,4,Rubus phoenicolasius,Yes
plant_images/8586.jpg,3,Asimina triloba,No
plant_images/22950.jpg,10,Persicaria perfoliata,Yes
plant_images/8184.jpg,4,Rubus phoenicolasius,Yes
plant_images/13757.jpg,7,Campsis radicans,No
plant_images/25109.jpg,3,Asimina triloba,No
plant_images/18178.jpg,14,Ficaria verna,Yes
plant_images/24532.jpg,7,Campsis radicans,No
plant_images/24791.jpg,9,Parthenocissus quinquefolia,No
plant_images/7075.jpg,12,Alliaria petiolata,Yes
plant_images/18915.jpg,0,Ailanthus altissima,Yes
plant_images/9473.jpg,2,Elaeagnus umbellata,Yes
plant_images/26516.jpg,14,Ficaria verna,Yes
plant_images/5532.jpg,14,Ficaria verna,Yes
plant_images/2222.jpg,14,Ficaria verna,Yes
plant_images/9386.jpg,15,Packera aurea,No
plant_images/18116.jpg,15,Packera aurea,No
plant_images/14048.jpg,7,Campsis radicans,No
plant_images/13530.jpg,5,Rubus occidentalis,No
plant_images/489.jpg,12,Alliaria petiolata,Yes
plant_images/16108.jpg,12,Alliaria petiolata,Yes
plant_images/11132.jpg,14,Ficaria verna,Yes
plant_images/11874.jpg,3,Asimina triloba,No
plant_images/22478.jpg,0,Ailanthus altissima,Yes
plant_images/12958.jpg,12,Alliaria petiolata,Yes
plant_images/28086.jpg,2,Elaeagnus umbellata,Yes
plant_images/11291.jpg,9,Parthenocissus quinquefolia,No
plant_images/27796.jpg,1,Rhus copallinum,No
plant_images/24862.jpg,3,Asimina triloba,No
plant_images/8545.jpg,7,Campsis radicans,No
plant_images/26908.jpg,10,Persicaria perfoliata,Yes
plant_images/10113.jpg,0,Ailanthus altissima,Yes
plant_images/9542.jpg,9,Parthenocissus quinquefolia,No
plant_images/21340.jpg,1,Rhus copallinum,No
plant_images/24041.jpg,9,Parthenocissus quinquefolia,No
plant_images/26441.jpg,1,Rhus copallinum,No
plant_images/8718.jpg,2,Elaeagnus umbellata,Yes
plant_images/1057.jpg,3,Asimina triloba,No
plant_images/18255.jpg,12,Alliaria petiolata,Yes
plant_images/20216.jpg,3,Asimina triloba,No
plant_images/13382.jpg,6,Lonicera japonica,Yes
plant_images/3498.jpg,14,Ficaria verna,Yes
plant_images/22422.jpg,3,Asimina triloba,No
plant_images/16400.jpg,10,Persicaria perfoliata,Yes
plant_images/5762.jpg,15,Packera aurea,No
plant_images/21775.jpg,3,Asimina triloba,No
plant_images/12333.jpg,4,Rubus phoenicolasius,Yes
plant_images/22222.jpg,2,Elaeagnus umbellata,Yes
plant_images/21390.jpg,3,Asimina triloba,No
plant_images/9105.jpg,14,Ficaria verna,Yes
plant_images/14459.jpg,14,Ficaria verna,Yes
plant_images/24727.jpg,3,Asimina triloba,No
plant_images/17428.jpg,3,Asimina triloba,No
plant_images/10651.jpg,12,Alliaria petiolata,Yes
plant_images/7064.jpg,15,Packera aurea,No
plant_images/17793.jpg,0,Ailanthus altissima,Yes
plant_images/1108.jpg,6,Lonicera japonica,Yes
plant_images/11902.jpg,13,Geum canadense,No
plant_images/14189.jpg,4,Rubus phoenicolasius,Yes
plant_images/6699.jpg,14,Ficaria verna,Yes
plant_images/24922.jpg,12,Alliaria petiolata,Yes
plant_images/24006.jpg,0,Ailanthus altissima,Yes
plant_images/4846.jpg,13,Geum canadense,No
plant_images/21554.jpg,12,Alliaria petiolata,Yes
plant_images/14525.jpg,14,Ficaria verna,Yes
plant_images/27055.jpg,9,Parthenocissus quinquefolia,No
plant_images/7072.jpg,12,Alliaria petiolata,Yes
plant_images/22758.jpg,3,Asimina triloba,No
plant_images/20989.jpg,2,Elaeagnus umbellata,Yes
plant_images/5995.jpg,12,Alliaria petiolata,Yes
plant_images/22735.jpg,3,Asimina triloba,No
plant_images/8223.jpg,9,Parthenocissus quinquefolia,No
plant_images/9455.jpg,0,Ailanthus altissima,Yes
plant_images/15524.jpg,7,Campsis radicans,No
plant_images/12813.jpg,14,Ficaria verna,Yes
plant_images/22173.jpg,6,Lonicera japonica,Yes
plant_images/2842.jpg,4,Rubus phoenicolasius,Yes
plant_images/25166.jpg,7,Campsis radicans,No
plant_images/23896.jpg,12,Alliaria petiolata,Yes
plant_images/12606.jpg,6,Lonicera japonica,Yes
plant_images/12159.jpg,3,Asimina triloba,No
plant_images/11502.jpg,10,Persicaria perfoliata,Yes
plant_images/2781.jpg,0,Ailanthus altissima,Yes
plant_images/4992.jpg,12,Alliaria petiolata,Yes
plant_images/1979.jpg,8,Hedera helix,Yes
plant_images/23962.jpg,8,Hedera helix,Yes
plant_images/8568.jpg,7,Campsis radicans,No
plant_images/18736.jpg,9,Parthenocissus quinquefolia,No
plant_images/27212.jpg,10,Persicaria perfoliata,Yes
plant_images/3593.jpg,14,Ficaria verna,Yes
plant_images/4708.jpg,14,Ficaria verna,Yes
plant_images/21160.jpg,4,Rubus phoenicolasius,Yes
plant_images/1550.jpg,4,Rubus phoenicolasius,Yes
plant_images/25283.jpg,10,Persicaria perfoliata,Yes
plant_images/6612.jpg,12,Alliaria petiolata,Yes
plant_images/26560.jpg,15,Packera aurea,No
plant_images/5191.jpg,11,Persicaria sagittata,No
plant_images/0.jpg,14,Ficaria verna,Yes
plant_images/17114.jpg,3,Asimina triloba,No
plant_images/24521.jpg,1,Rhus copallinum,No
plant_images/16743.jpg,6,Lonicera japonica,Yes
plant_images/16723.jpg,8,Hedera helix,Yes
plant_images/17775.jpg,4,Rubus phoenicolasius,Yes
plant_images/19819.jpg,6,Lonicera japonica,Yes
plant_images/93.jpg,4,Rubus phoenicolasius,Yes
plant_images/18162.jpg,12,Alliaria petiolata,Yes
plant_images/9856.jpg,9,Parthenocissus quinquefolia,No
plant_images/1675.jpg,9,Parthenocissus quinquefolia,No
plant_images/23085.jpg,4,Rubus phoenicolasius,Yes
plant_images/12673.jpg,14,Ficaria verna,Yes
plant_images/5434.jpg,7,Campsis radicans,No
plant_images/22766.jpg,9,Parthenocissus quinquefolia,No
plant_images/19796.jpg,4,Rubus phoenicolasius,Yes
plant_images/8760.jpg,3,Asimina triloba,No
plant_images/13451.jpg,8,Hedera helix,Yes
plant_images/9057.jpg,14,Ficaria verna,Yes
plant_images/24265.jpg,6,Lonicera japonica,Yes
plant_images/3216.jpg,8,Hedera helix,Yes
plant_images/310.jpg,14,Ficaria verna,Yes
plant_images/5465.jpg,12,Alliaria petiolata,Yes
plant_images/1019.jpg,15,Packera aurea,No
plant_images/5467.jpg,0,Ailanthus altissima,Yes
plant_images/16182.jpg,9,Parthenocissus quinquefolia,No
plant_images/10670.jpg,1,Rhus copallinum,No
plant_images/26021.jpg,14,Ficaria verna,Yes
plant_images/4896.jpg,9,Parthenocissus quinquefolia,No
plant_images/66.jpg,8,Hedera helix,Yes
plant_images/7825.jpg,7,Campsis radicans,No
plant_images/290.jpg,12,Alliaria petiolata,Yes
plant_images/1094.jpg,8,Hedera helix,Yes
plant_images/1594.jpg,8,Hedera helix,Yes
plant_images/27589.jpg,12,Alliaria petiolata,Yes
plant_images/21769.jpg,6,Lonicera japonica,Yes
plant_images/11737.jpg,3,Asimina triloba,No
plant_images/16236.jpg,8,Hedera helix,Yes
plant_images/10449.jpg,2,Elaeagnus umbellata,Yes
plant_images/19535.jpg,1,Rhus copallinum,No
plant_images/9929.jpg,12,Alliaria petiolata,Yes
plant_images/12286.jpg,10,Persicaria perfoliata,Yes
plant_images/14289.jpg,2,Elaeagnus umbellata,Yes
plant_images/18411.jpg,12,Alliaria petiolata,Yes
plant_images/19589.jpg,0,Ailanthus altissima,Yes
plant_images/13951.jpg,7,Campsis radicans,No
plant_images/23076.jpg,11,Persicaria sagittata,No
plant_images/19046.jpg,6,Lonicera japonica,Yes
plant_images/3302.jpg,4,Rubus phoenicolasius,Yes
plant_images/11267.jpg,9,Parthenocissus quinquefolia,No
plant_images/22549.jpg,4,Rubus phoenicolasius,Yes
plant_images/13794.jpg,7,Campsis radicans,No
plant_images/14516.jpg,14,Ficaria verna,Yes
plant_images/2065.jpg,12,Alliaria petiolata,Yes
plant_images/4481.jpg,4,Rubus phoenicolasius,Yes
plant_images/27169.jpg,6,Lonicera japonica,Yes
plant_images/27672.jpg,3,Asimina triloba,No
plant_images/3485.jpg,14,Ficaria verna,Yes
plant_images/25157.jpg,4,Rubus phoenicolasius,Yes
plant_images/24198.jpg,9,Parthenocissus quinquefolia,No
plant_images/24022.jpg,1,Rhus copallinum,No
plant_images/547.jpg,3,Asimina triloba,No
plant_images/9046.jpg,6,Lonicera japonica,Yes
plant_images/3237.jpg,11,Persicaria sagittata,No
plant_images/6676.jpg,12,Alliaria petiolata,Yes
plant_images/16426.jpg,14,Ficaria verna,Yes
plant_images/5853.jpg,2,Elaeagnus umbellata,Yes
plant_images/9090.jpg,12,Alliaria petiolata,Yes
plant_images/1446.jpg,7,Campsis radicans,No
plant_images/2380.jpg,14,Ficaria verna,Yes
plant_images/18458.jpg,9,Parthenocissus quinquefolia,No
plant_images/9739.jpg,4,Rubus phoenicolasius,Yes
plant_images/22482.jpg,2,Elaeagnus umbellata,Yes
plant_images/19559.jpg,3,Asimina triloba,No
plant_images/11691.jpg,9,Parthenocissus quinquefolia,No
plant_images/6874.jpg,4,Rubus phoenicolasius,Yes
plant_images/18381.jpg,15,Packera aurea,No
plant_images/5178.jpg,6,Lonicera japonica,Yes
plant_images/13065.jpg,2,Elaeagnus umbellata,Yes
plant_images/20280.jpg,4,Rubus phoenicolasius,Yes
plant_images/12656.jpg,14,Ficaria verna,Yes
plant_images/19926.jpg,2,Elaeagnus umbellata,Yes
plant_images/8661.jpg,1,Rhus copallinum,No
plant_images/10389.jpg,13,Geum canadense,No
plant_images/8375.jpg,7,Campsis radicans,No
plant_images/20984.jpg,6,Lonicera japonica,Yes
plant_images/23112.jpg,4,Rubus phoenicolasius,Yes
plant_images/26974.jpg,4,Rubus phoenicolasius,Yes
plant_images/7518.jpg,6,Lonicera japonica,Yes
plant_images/10326.jpg,7,Campsis radicans,No
plant_images/21023.jpg,4,Rubus phoenicolasius,Yes
plant_images/24384.jpg,14,Ficaria verna,Yes
plant_images/16497.jpg,6,Lonicera japonica,Yes
plant_images/835.jpg,14,Ficaria verna,Yes
plant_images/26943.jpg,14,Ficaria verna,Yes
plant_images/14872.jpg,12,Alliaria petiolata,Yes
plant_images/22893.jpg,12,Alliaria petiolata,Yes
plant_images/3038.jpg,9,Parthenocissus quinquefolia,No
plant_images/15656.jpg,6,Lonicera japonica,Yes
plant_images/21780.jpg,10,Persicaria perfoliata,Yes
plant_images/243.jpg,14,Ficaria verna,Yes
plant_images/26.jpg,9,Parthenocissus quinquefolia,No
plant_images/6083.jpg,12,Alliaria petiolata,Yes
plant_images/25077.jpg,4,Rubus phoenicolasius,Yes
plant_images/9467.jpg,6,Lonicera japonica,Yes
plant_images/13839.jpg,7,Campsis radicans,No
plant_images/11117.jpg,3,Asimina triloba,No
plant_images/525.jpg,9,Parthenocissus quinquefolia,No
plant_images/19503.jpg,7,Campsis radicans,No
plant_images/5241.jpg,7,Campsis radicans,No
plant_images/11702.jpg,9,Parthenocissus quinquefolia,No
plant_images/26846.jpg,5,Rubus occidentalis,No
plant_images/3819.jpg,9,Parthenocissus quinquefolia,No
plant_images/447.jpg,4,Rubus phoenicolasius,Yes
plant_images/10377.jpg,7,Campsis radicans,No
plant_images/14460.jpg,14,Ficaria verna,Yes
plant_images/1110.jpg,13,Geum canadense,No
plant_images/26005.jpg,6,Lonicera japonica,Yes
plant_images/26853.jpg,2,Elaeagnus umbellata,Yes
plant_images/22327.jpg,1,Rhus copallinum,No
plant_images/5161.jpg,6,Lonicera japonica,Yes
plant_images/13283.jpg,2,Elaeagnus umbellata,Yes
plant_images/7619.jpg,3,Asimina triloba,No
plant_images/185.jpg,9,Parthenocissus quinquefolia,No
plant_images/3344.jpg,0,Ailanthus altissima,Yes
plant_images/19177.jpg,0,Ailanthus altissima,Yes
plant_images/14263.jpg,6,Lonicera japonica,Yes
plant_images/12809.jpg,14,Ficaria verna,Yes
plant_images/20136.jpg,3,Asimina triloba,No
plant_images/19584.jpg,4,Rubus phoenicolasius,Yes
plant_images/6115.jpg,9,Parthenocissus quinquefolia,No
plant_images/3259.jpg,4,Rubus phoenicolasius,Yes
plant_images/7189.jpg,15,Packera aurea,No
plant_images/5303.jpg,0,Ailanthus altissima,Yes
plant_images/22720.jpg,12,Alliaria petiolata,Yes
plant_images/11015.jpg,14,Ficaria verna,Yes
plant_images/22795.jpg,12,Alliaria petiolata,Yes
plant_images/22190.jpg,4,Rubus phoenicolasius,Yes
plant_images/21573.jpg,9,Parthenocissus quinquefolia,No
plant_images/7879.jpg,4,Rubus phoenicolasius,Yes
plant_images/884.jpg,14,Ficaria verna,Yes
plant_images/26023.jpg,6,Lonicera japonica,Yes
plant_images/26604.jpg,9,Parthenocissus quinquefolia,No
plant_images/19518.jpg,15,Packera aurea,No
plant_images/16524.jpg,2,Elaeagnus umbellata,Yes
plant_images/16253.jpg,9,Parthenocissus quinquefolia,No
plant_images/11961.jpg,4,Rubus phoenicolasius,Yes
plant_images/27819.jpg,7,Campsis radicans,No
plant_images/11075.jpg,12,Alliaria petiolata,Yes
plant_images/2452.jpg,14,Ficaria verna,Yes
plant_images/18825.jpg,6,Lonicera japonica,Yes
plant_images/11359.jpg,12,Alliaria petiolata,Yes
plant_images/6197.jpg,4,Rubus phoenicolasius,Yes
plant_images/15565.jpg,0,Ailanthus altissima,Yes
plant_images/828.jpg,12,Alliaria petiolata,Yes
plant_images/5790.jpg,8,Hedera helix,Yes
plant_images/15630.jpg,4,Rubus phoenicolasius,Yes
plant_images/13394.jpg,8,Hedera helix,Yes
plant_images/8608.jpg,6,Lonicera japonica,Yes
plant_images/2423.jpg,12,Alliaria petiolata,Yes
plant_images/19103.jpg,6,Lonicera japonica,Yes
plant_images/3759.jpg,14,Ficaria verna,Yes
plant_images/12657.jpg,14,Ficaria verna,Yes
plant_images/3937.jpg,10,Persicaria perfoliata,Yes
plant_images/24572.jpg,9,Parthenocissus quinquefolia,No
plant_images/4194.jpg,9,Parthenocissus quinquefolia,No
plant_images/22104.jpg,12,Alliaria petiolata,Yes
plant_images/24546.jpg,10,Persicaria perfoliata,Yes
plant_images/22323.jpg,10,Persicaria perfoliata,Yes
plant_images/22881.jpg,4,Rubus phoenicolasius,Yes
plant_images/13083.jpg,3,Asimina triloba,No
plant_images/7322.jpg,0,Ailanthus altissima,Yes
plant_images/1354.jpg,12,Alliaria petiolata,Yes
plant_images/4561.jpg,0,Ailanthus altissima,Yes
plant_images/6438.jpg,7,Campsis radicans,No
plant_images/3721.jpg,2,Elaeagnus umbellata,Yes
plant_images/8447.jpg,2,Elaeagnus umbellata,Yes
plant_images/17871.jpg,14,Ficaria verna,Yes
plant_images/11096.jpg,12,Alliaria petiolata,Yes
plant_images/27659.jpg,0,Ailanthus altissima,Yes
plant_images/10979.jpg,14,Ficaria verna,Yes
plant_images/27285.jpg,3,Asimina triloba,No
plant_images/10019.jpg,2,Elaeagnus umbellata,Yes
plant_images/21985.jpg,6,Lonicera japonica,Yes
plant_images/12766.jpg,14,Ficaria verna,Yes
plant_images/8978.jpg,6,Lonicera japonica,Yes
plant_images/16404.jpg,4,Rubus phoenicolasius,Yes
plant_images/19229.jpg,4,Rubus phoenicolasius,Yes
plant_images/15005.jpg,9,Parthenocissus quinquefolia,No
plant_images/18181.jpg,13,Geum canadense,No
plant_images/14094.jpg,7,Campsis radicans,No
plant_images/16434.jpg,15,Packera aurea,No
plant_images/23427.jpg,0,Ailanthus altissima,Yes
plant_images/531.jpg,12,Alliaria petiolata,Yes
plant_images/20608.jpg,12,Alliaria petiolata,Yes
plant_images/16147.jpg,8,Hedera helix,Yes
plant_images/3243.jpg,8,Hedera helix,Yes
plant_images/3435.jpg,13,Geum canadense,No
plant_images/4047.jpg,14,Ficaria verna,Yes
plant_images/24925.jpg,12,Alliaria petiolata,Yes
plant_images/6581.jpg,3,Asimina triloba,No
plant_images/3440.jpg,14,Ficaria verna,Yes
plant_images/26485.jpg,3,Asimina triloba,No
plant_images/27407.jpg,7,Campsis radicans,No
plant_images/18064.jpg,9,Parthenocissus quinquefolia,No
plant_images/11053.jpg,6,Lonicera japonica,Yes
plant_images/524.jpg,14,Ficaria verna,Yes
plant_images/27977.jpg,8,Hedera helix,Yes
plant_images/16162.jpg,8,Hedera helix,Yes
plant_images/739.jpg,8,Hedera helix,Yes
plant_images/8710.jpg,10,Persicaria perfoliata,Yes
plant_images/6204.jpg,10,Persicaria perfoliata,Yes
plant_images/10247.jpg,10,Persicaria perfoliata,Yes
plant_images/24147.jpg,2,Elaeagnus umbellata,Yes
plant_images/14998.jpg,4,Rubus phoenicolasius,Yes
plant_images/26126.jpg,9,Parthenocissus quinquefolia,No
plant_images/27815.jpg,0,Ailanthus altissima,Yes
plant_images/24017.jpg,12,Alliaria petiolata,Yes
plant_images/22134.jpg,0,Ailanthus altissima,Yes
plant_images/24109.jpg,9,Parthenocissus quinquefolia,No
plant_images/26273.jpg,4,Rubus phoenicolasius,Yes
plant_images/27904.jpg,2,Elaeagnus umbellata,Yes
plant_images/25249.jpg,3,Asimina triloba,No
plant_images/12585.jpg,14,Ficaria verna,Yes
plant_images/11553.jpg,8,Hedera helix,Yes
plant_images/20522.jpg,2,Elaeagnus umbellata,Yes
plant_images/9016.jpg,14,Ficaria verna,Yes
plant_images/8869.jpg,6,Lonicera japonica,Yes
plant_images/22770.jpg,3,Asimina triloba,No
plant_images/1411.jpg,3,Asimina triloba,No
plant_images/26564.jpg,3,Asimina triloba,No
plant_images/27341.jpg,3,Asimina triloba,No
plant_images/17444.jpg,9,Parthenocissus quinquefolia,No
plant_images/6343.jpg,13,Geum canadense,No
plant_images/20509.jpg,6,Lonicera japonica,Yes
plant_images/24314.jpg,6,Lonicera japonica,Yes
plant_images/25392.jpg,3,Asimina triloba,No
plant_images/10889.jpg,14,Ficaria verna,Yes
plant_images/9303.jpg,14,Ficaria verna,Yes
plant_images/269.jpg,9,Parthenocissus quinquefolia,No
plant_images/11713.jpg,6,Lonicera japonica,Yes
plant_images/20373.jpg,7,Campsis radicans,No
plant_images/10969.jpg,14,Ficaria verna,Yes
plant_images/15759.jpg,3,Asimina triloba,No
plant_images/2840.jpg,10,Persicaria perfoliata,Yes
plant_images/18709.jpg,12,Alliaria petiolata,Yes
plant_images/24177.jpg,3,Asimina triloba,No
plant_images/24591.jpg,4,Rubus phoenicolasius,Yes
plant_images/1255.jpg,10,Persicaria perfoliata,Yes
plant_images/6233.jpg,13,Geum canadense,No
plant_images/15158.jpg,9,Parthenocissus quinquefolia,No
plant_images/4492.jpg,7,Campsis radicans,No
plant_images/15530.jpg,0,Ailanthus altissima,Yes
plant_images/18681.jpg,3,Asimina triloba,No
plant_images/8461.jpg,10,Persicaria perfoliata,Yes
plant_images/25576.jpg,9,Parthenocissus quinquefolia,No
plant_images/27473.jpg,14,Ficaria verna,Yes
plant_images/15386.jpg,4,Rubus phoenicolasius,Yes
plant_images/23573.jpg,2,Elaeagnus umbellata,Yes
plant_images/4685.jpg,4,Rubus phoenicolasius,Yes
plant_images/27064.jpg,4,Rubus phoenicolasius,Yes
plant_images/12110.jpg,0,Ailanthus altissima,Yes
plant_images/26683.jpg,9,Parthenocissus quinquefolia,No
plant_images/8970.jpg,8,Hedera helix,Yes
plant_images/26370.jpg,3,Asimina triloba,No
plant_images/2202.jpg,4,Rubus phoenicolasius,Yes
plant_images/8072.jpg,7,Campsis radicans,No
plant_images/22962.jpg,4,Rubus phoenicolasius,Yes
plant_images/487.jpg,14,Ficaria verna,Yes
plant_images/20812.jpg,3,Asimina triloba,No
plant_images/12030.jpg,9,Parthenocissus quinquefolia,No
plant_images/13808.jpg,9,Parthenocissus quinquefolia,No
plant_images/6905.jpg,2,Elaeagnus umbellata,Yes
plant_images/6663.jpg,14,Ficaria verna,Yes
plant_images/22644.jpg,14,Ficaria verna,Yes
plant_images/17765.jpg,9,Parthenocissus quinquefolia,No
plant_images/11169.jpg,12,Alliaria petiolata,Yes
plant_images/5680.jpg,12,Alliaria petiolata,Yes
plant_images/20076.jpg,3,Asimina triloba,No
plant_images/1929.jpg,8,Hedera helix,Yes
plant_images/18644.jpg,2,Elaeagnus umbellata,Yes
plant_images/7942.jpg,4,Rubus phoenicolasius,Yes
plant_images/3190.jpg,14,Ficaria verna,Yes
plant_images/27129.jpg,4,Rubus phoenicolasius,Yes
plant_images/19810.jpg,2,Elaeagnus umbellata,Yes
plant_images/4012.jpg,14,Ficaria verna,Yes
plant_images/18126.jpg,12,Alliaria petiolata,Yes
plant_images/24009.jpg,4,Rubus phoenicolasius,Yes
plant_images/6862.jpg,12,Alliaria petiolata,Yes
plant_images/23616.jpg,12,Alliaria petiolata,Yes
plant_images/2914.jpg,14,Ficaria verna,Yes
plant_images/13592.jpg,6,Lonicera japonica,Yes
plant_images/5719.jpg,8,Hedera helix,Yes
plant_images/9930.jpg,10,Persicaria perfoliata,Yes
plant_images/8973.jpg,8,Hedera helix,Yes
plant_images/2097.jpg,9,Parthenocissus quinquefolia,No
plant_images/680.jpg,14,Ficaria verna,Yes
plant_images/19213.jpg,10,Persicaria perfoliata,Yes
plant_images/13465.jpg,8,Hedera helix,Yes
plant_images/10026.jpg,12,Alliaria petiolata,Yes
plant_images/7122.jpg,15,Packera aurea,No
plant_images/27584.jpg,3,Asimina triloba,No
plant_images/9671.jpg,6,Lonicera japonica,Yes
plant_images/24910.jpg,2,Elaeagnus umbellata,Yes
plant_images/13060.jpg,2,Elaeagnus umbellata,Yes
plant_images/1424.jpg,4,Rubus phoenicolasius,Yes
plant_images/5306.jpg,0,Ailanthus altissima,Yes
plant_images/23580.jpg,6,Lonicera japonica,Yes
plant_images/11557.jpg,9,Parthenocissus quinquefolia,No
plant_images/9240.jpg,12,Alliaria petiolata,Yes
plant_images/25657.jpg,9,Parthenocissus quinquefolia,No
plant_images/17560.jpg,2,Elaeagnus umbellata,Yes
plant_images/17160.jpg,1,Rhus copallinum,No
plant_images/1224.jpg,0,Ailanthus altissima,Yes
plant_images/13383.jpg,10,Persicaria perfoliata,Yes
plant_images/4781.jpg,14,Ficaria verna,Yes
plant_images/15424.jpg,3,Asimina triloba,No
plant_images/7752.jpg,9,Parthenocissus quinquefolia,No
plant_images/6528.jpg,6,Lonicera japonica,Yes
plant_images/22326.jpg,3,Asimina triloba,No
plant_images/415.jpg,5,Rubus occidentalis,No
plant_images/9546.jpg,15,Packera aurea,No
plant_images/975.jpg,12,Alliaria petiolata,Yes
plant_images/17077.jpg,7,Campsis radicans,No
plant_images/2166.jpg,9,Parthenocissus quinquefolia,No
plant_images/7234.jpg,12,Alliaria petiolata,Yes
plant_images/5714.jpg,12,Alliaria petiolata,Yes
plant_images/20002.jpg,3,Asimina triloba,No
plant_images/5798.jpg,13,Geum canadense,No
plant_images/9648.jpg,9,Parthenocissus quinquefolia,No
plant_images/26236.jpg,6,Lonicera japonica,Yes
plant_images/20404.jpg,11,Persicaria sagittata,No
plant_images/25089.jpg,12,Alliaria petiolata,Yes
plant_images/13397.jpg,12,Alliaria petiolata,Yes
plant_images/16470.jpg,7,Campsis radicans,No
plant_images/17777.jpg,2,Elaeagnus umbellata,Yes
plant_images/27172.jpg,3,Asimina triloba,No
plant_images/21068.jpg,9,Parthenocissus quinquefolia,No
plant_images/27466.jpg,14,Ficaria verna,Yes
plant_images/7255.jpg,0,Ailanthus altissima,Yes
plant_images/11758.jpg,4,Rubus phoenicolasius,Yes
plant_images/14669.jpg,12,Alliaria petiolata,Yes
plant_images/5732.jpg,4,Rubus phoenicolasius,Yes
plant_images/1679.jpg,14,Ficaria verna,Yes
plant_images/13564.jpg,6,Lonicera japonica,Yes
plant_images/9680.jpg,12,Alliaria petiolata,Yes
plant_images/19467.jpg,0,Ailanthus altissima,Yes
plant_images/7316.jpg,13,Geum canadense,No
plant_images/10271.jpg,9,Parthenocissus quinquefolia,No
plant_images/2552.jpg,4,Rubus phoenicolasius,Yes
plant_images/16514.jpg,15,Packera aurea,No
plant_images/24455.jpg,5,Rubus occidentalis,No
plant_images/25299.jpg,1,Rhus copallinum,No
plant_images/19241.jpg,7,Campsis radicans,No
plant_images/11916.jpg,4,Rubus phoenicolasius,Yes
plant_images/23892.jpg,11,Persicaria sagittata,No
plant_images/26835.jpg,1,Rhus copallinum,No
plant_images/2274.jpg,3,Asimina triloba,No
plant_images/10893.jpg,8,Hedera helix,Yes
plant_images/17331.jpg,3,Asimina triloba,No
plant_images/4675.jpg,10,Persicaria perfoliata,Yes
plant_images/23269.jpg,3,Asimina triloba,No
plant_images/16053.jpg,3,Asimina triloba,No
plant_images/8143.jpg,6,Lonicera japonica,Yes
plant_images/3148.jpg,9,Parthenocissus quinquefolia,No
plant_images/17776.jpg,8,Hedera helix,Yes
plant_images/173.jpg,12,Alliaria petiolata,Yes
plant_images/22530.jpg,0,Ailanthus altissima,Yes
plant_images/2366.jpg,14,Ficaria verna,Yes
plant_images/1087.jpg,4,Rubus phoenicolasius,Yes
plant_images/22492.jpg,4,Rubus phoenicolasius,Yes
plant_images/24069.jpg,3,Asimina triloba,No
plant_images/1196.jpg,12,Alliaria petiolata,Yes
plant_images/16007.jpg,14,Ficaria verna,Yes
plant_images/1886.jpg,13,Geum canadense,No
plant_images/13956.jpg,7,Campsis radicans,No
plant_images/15032.jpg,2,Elaeagnus umbellata,Yes
plant_images/20667.jpg,3,Asimina triloba,No
plant_images/1508.jpg,15,Packera aurea,No
plant_images/9456.jpg,9,Parthenocissus quinquefolia,No
plant_images/2220.jpg,8,Hedera helix,Yes
plant_images/529.jpg,9,Parthenocissus quinquefolia,No
plant_images/15220.jpg,15,Packera aurea,No
plant_images/16411.jpg,2,Elaeagnus umbellata,Yes
plant_images/16505.jpg,7,Campsis radicans,No
plant_images/13175.jpg,10,Persicaria perfoliata,Yes
plant_images/10771.jpg,6,Lonicera japonica,Yes
plant_images/23753.jpg,9,Parthenocissus quinquefolia,No
plant_images/3698.jpg,14,Ficaria verna,Yes
plant_images/17415.jpg,3,Asimina triloba,No
plant_images/11235.jpg,0,Ailanthus altissima,Yes
plant_images/17599.jpg,0,Ailanthus altissima,Yes
plant_images/27095.jpg,9,Parthenocissus quinquefolia,No
plant_images/18661.jpg,4,Rubus phoenicolasius,Yes
plant_images/13450.jpg,6,Lonicera japonica,Yes
plant_images/27875.jpg,9,Parthenocissus quinquefolia,No
plant_images/25692.jpg,3,Asimina triloba,No
plant_images/7199.jpg,9,Parthenocissus quinquefolia,No
plant_images/9849.jpg,6,Lonicera japonica,Yes
plant_images/9933.jpg,9,Parthenocissus quinquefolia,No
plant_images/24718.jpg,3,Asimina triloba,No
plant_images/2829.jpg,4,Rubus phoenicolasius,Yes
plant_images/4795.jpg,8,Hedera helix,Yes
plant_images/13882.jpg,6,Lonicera japonica,Yes
plant_images/1219.jpg,7,Campsis radicans,No
plant_images/19615.jpg,1,Rhus copallinum,No
plant_images/22615.jpg,13,Geum canadense,No
plant_images/11141.jpg,12,Alliaria petiolata,Yes
plant_images/9275.jpg,6,Lonicera japonica,Yes
plant_images/26725.jpg,12,Alliaria petiolata,Yes
plant_images/9013.jpg,14,Ficaria verna,Yes
plant_images/18642.jpg,6,Lonicera japonica,Yes
plant_images/20752.jpg,7,Campsis radicans,No
plant_images/11487.jpg,15,Packera aurea,No
plant_images/14224.jpg,11,Persicaria sagittata,No
plant_images/14256.jpg,3,Asimina triloba,No
plant_images/21150.jpg,6,Lonicera japonica,Yes
plant_images/9870.jpg,15,Packera aurea,No
plant_images/364.jpg,9,Parthenocissus quinquefolia,No
plant_images/15708.jpg,6,Lonicera japonica,Yes
plant_images/24130.jpg,3,Asimina triloba,No
plant_images/3970.jpg,8,Hedera helix,Yes
plant_images/25595.jpg,0,Ailanthus altissima,Yes
plant_images/7065.jpg,12,Alliaria petiolata,Yes
plant_images/11104.jpg,6,Lonicera japonica,Yes
plant_images/4963.jpg,12,Alliaria petiolata,Yes
plant_images/11001.jpg,14,Ficaria verna,Yes
plant_images/18199.jpg,12,Alliaria petiolata,Yes
plant_images/14964.jpg,2,Elaeagnus umbellata,Yes
plant_images/21058.jpg,15,Packera aurea,No
plant_images/17708.jpg,3,Asimina triloba,No
plant_images/26459.jpg,1,Rhus copallinum,No
plant_images/3049.jpg,8,Hedera helix,Yes
plant_images/2218.jpg,8,Hedera helix,Yes
plant_images/21170.jpg,9,Parthenocissus quinquefolia,No
plant_images/17064.jpg,1,Rhus copallinum,No
plant_images/22303.jpg,7,Campsis radicans,No
plant_images/14241.jpg,7,Campsis radicans,No
plant_images/3926.jpg,0,Ailanthus altissima,Yes
plant_images/17549.jpg,11,Persicaria sagittata,No
plant_images/20058.jpg,3,Asimina triloba,No
plant_images/22364.jpg,10,Persicaria perfoliata,Yes
plant_images/4110.jpg,6,Lonicera japonica,Yes
plant_images/3150.jpg,12,Alliaria petiolata,Yes
plant_images/10214.jpg,12,Alliaria petiolata,Yes
plant_images/6534.jpg,8,Hedera helix,Yes
plant_images/21760.jpg,7,Campsis radicans,No
plant_images/26505.jpg,12,Alliaria petiolata,Yes
plant_images/9469.jpg,2,Elaeagnus umbellata,Yes
plant_images/2002.jpg,14,Ficaria verna,Yes
plant_images/23813.jpg,3,Asimina triloba,No
plant_images/26687.jpg,11,Persicaria sagittata,No
plant_images/20670.jpg,12,Alliaria petiolata,Yes
plant_images/23480.jpg,2,Elaeagnus umbellata,Yes
plant_images/10499.jpg,10,Persicaria perfoliata,Yes
plant_images/9988.jpg,9,Parthenocissus quinquefolia,No
plant_images/1530.jpg,14,Ficaria verna,Yes
plant_images/14560.jpg,14,Ficaria verna,Yes
plant_images/22463.jpg,3,Asimina triloba,No
plant_images/3690.jpg,9,Parthenocissus quinquefolia,No
plant_images/11521.jpg,6,Lonicera japonica,Yes
plant_images/19956.jpg,4,Rubus phoenicolasius,Yes
plant_images/17576.jpg,6,Lonicera japonica,Yes
plant_images/15284.jpg,6,Lonicera japonica,Yes
plant_images/115.jpg,10,Persicaria perfoliata,Yes
plant_images/18395.jpg,14,Ficaria verna,Yes
plant_images/6366.jpg,10,Persicaria perfoliata,Yes
plant_images/804.jpg,12,Alliaria petiolata,Yes
plant_images/26052.jpg,3,Asimina triloba,No
plant_images/27193.jpg,5,Rubus occidentalis,No
plant_images/17046.jpg,4,Rubus phoenicolasius,Yes
plant_images/12141.jpg,12,Alliaria petiolata,Yes
plant_images/20536.jpg,12,Alliaria petiolata,Yes
plant_images/27549.jpg,15,Packera aurea,No
plant_images/7739.jpg,15,Packera aurea,No
plant_images/28285.jpg,7,Campsis radicans,No
plant_images/26849.jpg,0,Ailanthus altissima,Yes
plant_images/18793.jpg,6,Lonicera japonica,Yes
plant_images/27841.jpg,7,Campsis radicans,No
plant_images/4902.jpg,3,Asimina triloba,No
plant_images/2364.jpg,13,Geum canadense,No
plant_images/9926.jpg,12,Alliaria petiolata,Yes
plant_images/467.jpg,12,Alliaria petiolata,Yes
plant_images/1433.jpg,8,Hedera helix,Yes
plant_images/18790.jpg,6,Lonicera japonica,Yes
plant_images/4835.jpg,4,Rubus phoenicolasius,Yes
plant_images/20511.jpg,4,Rubus phoenicolasius,Yes
plant_images/14007.jpg,0,Ailanthus altissima,Yes
plant_images/7004.jpg,12,Alliaria petiolata,Yes
plant_images/3445.jpg,14,Ficaria verna,Yes
plant_images/27273.jpg,6,Lonicera japonica,Yes
plant_images/3617.jpg,9,Parthenocissus quinquefolia,No
plant_images/3100.jpg,4,Rubus phoenicolasius,Yes
plant_images/9755.jpg,6,Lonicera japonica,Yes
plant_images/8286.jpg,13,Geum canadense,No
plant_images/3034.jpg,4,Rubus phoenicolasius,Yes
plant_images/4087.jpg,12,Alliaria petiolata,Yes
plant_images/19795.jpg,3,Asimina triloba,No
plant_images/25938.jpg,2,Elaeagnus umbellata,Yes
plant_images/15631.jpg,2,Elaeagnus umbellata,Yes
plant_images/21400.jpg,10,Persicaria perfoliata,Yes
plant_images/22835.jpg,6,Lonicera japonica,Yes
plant_images/24197.jpg,4,Rubus phoenicolasius,Yes
plant_images/26470.jpg,7,Campsis radicans,No
plant_images/11837.jpg,12,Alliaria petiolata,Yes
plant_images/26446.jpg,1,Rhus copallinum,No
plant_images/725.jpg,4,Rubus phoenicolasius,Yes
plant_images/20131.jpg,9,Parthenocissus quinquefolia,No
plant_images/882.jpg,8,Hedera helix,Yes
plant_images/23282.jpg,2,Elaeagnus umbellata,Yes
plant_images/22071.jpg,6,Lonicera japonica,Yes
plant_images/27961.jpg,3,Asimina triloba,No
plant_images/12386.jpg,12,Alliaria petiolata,Yes
plant_images/15564.jpg,7,Campsis radicans,No
plant_images/3422.jpg,8,Hedera helix,Yes
plant_images/7613.jpg,4,Rubus phoenicolasius,Yes
plant_images/6933.jpg,9,Parthenocissus quinquefolia,No
plant_images/13752.jpg,9,Parthenocissus quinquefolia,No
plant_images/13391.jpg,0,Ailanthus altissima,Yes
plant_images/3604.jpg,12,Alliaria petiolata,Yes
plant_images/26484.jpg,6,Lonicera japonica,Yes
plant_images/2307.jpg,3,Asimina triloba,No
plant_images/26267.jpg,7,Campsis radicans,No
plant_images/20510.jpg,6,Lonicera japonica,Yes
plant_images/21905.jpg,6,Lonicera japonica,Yes
plant_images/2729.jpg,8,Hedera helix,Yes
plant_images/1711.jpg,9,Parthenocissus quinquefolia,No
plant_images/21591.jpg,2,Elaeagnus umbellata,Yes
plant_images/6184.jpg,11,Persicaria sagittata,No
plant_images/13378.jpg,8,Hedera helix,Yes
plant_images/7131.jpg,6,Lonicera japonica,Yes
plant_images/19871.jpg,9,Parthenocissus quinquefolia,No
plant_images/24577.jpg,5,Rubus occidentalis,No
plant_images/12508.jpg,13,Geum canadense,No
plant_images/20516.jpg,5,Rubus occidentalis,No
plant_images/1991.jpg,14,Ficaria verna,Yes
plant_images/9752.jpg,14,Ficaria verna,Yes
plant_images/10309.jpg,1,Rhus copallinum,No
plant_images/18778.jpg,3,Asimina triloba,No
plant_images/823.jpg,4,Rubus phoenicolasius,Yes
plant_images/10842.jpg,12,Alliaria petiolata,Yes
plant_images/3367.jpg,8,Hedera helix,Yes
plant_images/23469.jpg,4,Rubus phoenicolasius,Yes
plant_images/27289.jpg,9,Parthenocissus quinquefolia,No
plant_images/22978.jpg,4,Rubus phoenicolasius,Yes
plant_images/22841.jpg,6,Lonicera japonica,Yes
plant_images/20552.jpg,3,Asimina triloba,No
plant_images/9104.jpg,12,Alliaria petiolata,Yes
plant_images/16758.jpg,10,Persicaria perfoliata,Yes
plant_images/9423.jpg,14,Ficaria verna,Yes
plant_images/18531.jpg,9,Parthenocissus quinquefolia,No
plant_images/2678.jpg,6,Lonicera japonica,Yes
plant_images/27846.jpg,7,Campsis radicans,No
plant_images/4900.jpg,1,Rhus copallinum,No
plant_images/27954.jpg,3,Asimina triloba,No
plant_images/6295.jpg,10,Persicaria perfoliata,Yes
plant_images/10002.jpg,6,Lonicera japonica,Yes
plant_images/15794.jpg,8,Hedera helix,Yes
plant_images/291.jpg,15,Packera aurea,No
plant_images/9654.jpg,3,Asimina triloba,No
plant_images/27570.jpg,2,Elaeagnus umbellata,Yes
plant_images/4615.jpg,10,Persicaria perfoliata,Yes
plant_images/2128.jpg,15,Packera aurea,No
plant_images/7482.jpg,13,Geum canadense,No
plant_images/20295.jpg,0,Ailanthus altissima,Yes
plant_images/26123.jpg,12,Alliaria petiolata,Yes
plant_images/2264.jpg,8,Hedera helix,Yes
plant_images/9919.jpg,4,Rubus phoenicolasius,Yes
plant_images/10958.jpg,13,Geum canadense,No
plant_images/25122.jpg,11,Persicaria sagittata,No
plant_images/27425.jpg,3,Asimina triloba,No
plant_images/14982.jpg,8,Hedera helix,Yes
plant_images/16065.jpg,14,Ficaria verna,Yes
plant_images/3807.jpg,9,Parthenocissus quinquefolia,No
plant_images/5573.jpg,14,Ficaria verna,Yes
plant_images/12361.jpg,4,Rubus phoenicolasius,Yes
plant_images/6770.jpg,14,Ficaria verna,Yes
plant_images/4624.jpg,0,Ailanthus altissima,Yes
plant_images/13098.jpg,9,Parthenocissus quinquefolia,No
plant_images/14211.jpg,1,Rhus copallinum,No
plant_images/26122.jpg,2,Elaeagnus umbellata,Yes
plant_images/23133.jpg,2,Elaeagnus umbellata,Yes
plant_images/25189.jpg,6,Lonicera japonica,Yes
plant_images/2561.jpg,4,Rubus phoenicolasius,Yes
plant_images/1717.jpg,9,Parthenocissus quinquefolia,No
plant_images/1651.jpg,9,Parthenocissus quinquefolia,No
plant_images/14181.jpg,3,Asimina triloba,No
plant_images/12541.jpg,14,Ficaria verna,Yes
plant_images/7950.jpg,3,Asimina triloba,No
plant_images/2015.jpg,14,Ficaria verna,Yes
plant_images/14990.jpg,6,Lonicera japonica,Yes
plant_images/222.jpg,12,Alliaria petiolata,Yes
plant_images/9602.jpg,6,Lonicera japonica,Yes
plant_images/1778.jpg,15,Packera aurea,No
plant_images/3203.jpg,9,Parthenocissus quinquefolia,No
plant_images/24743.jpg,2,Elaeagnus umbellata,Yes
plant_images/2773.jpg,0,Ailanthus altissima,Yes
plant_images/8787.jpg,8,Hedera helix,Yes
plant_images/17681.jpg,6,Lonicera japonica,Yes
plant_images/22952.jpg,0,Ailanthus altissima,Yes
plant_images/24090.jpg,6,Lonicera japonica,Yes
plant_images/11164.jpg,2,Elaeagnus umbellata,Yes
plant_images/14719.jpg,12,Alliaria petiolata,Yes
plant_images/27181.jpg,12,Alliaria petiolata,Yes
plant_images/21564.jpg,12,Alliaria petiolata,Yes
plant_images/3990.jpg,14,Ficaria verna,Yes
plant_images/27653.jpg,9,Parthenocissus quinquefolia,No
plant_images/3961.jpg,3,Asimina triloba,No
plant_images/1861.jpg,15,Packera aurea,No
plant_images/8829.jpg,4,Rubus phoenicolasius,Yes
plant_images/9689.jpg,0,Ailanthus altissima,Yes
plant_images/5403.jpg,9,Parthenocissus quinquefolia,No
plant_images/24472.jpg,3,Asimina triloba,No
plant_images/25231.jpg,10,Persicaria perfoliata,Yes
plant_images/5497.jpg,8,Hedera helix,Yes
plant_images/4948.jpg,6,Lonicera japonica,Yes
plant_images/8409.jpg,0,Ailanthus altissima,Yes
plant_images/15154.jpg,14,Ficaria verna,Yes
plant_images/10887.jpg,14,Ficaria verna,Yes
plant_images/10523.jpg,11,Persicaria sagittata,No
plant_images/6303.jpg,7,Campsis radicans,No
plant_images/4969.jpg,6,Lonicera japonica,Yes
plant_images/3519.jpg,14,Ficaria verna,Yes
plant_images/9507.jpg,3,Asimina triloba,No
plant_images/6539.jpg,10,Persicaria perfoliata,Yes
plant_images/9122.jpg,14,Ficaria verna,Yes
plant_images/12136.jpg,4,Rubus phoenicolasius,Yes
plant_images/18914.jpg,4,Rubus phoenicolasius,Yes
plant_images/22243.jpg,5,Rubus occidentalis,No
plant_images/22003.jpg,12,Alliaria petiolata,Yes
plant_images/25736.jpg,6,Lonicera japonica,Yes
plant_images/16134.jpg,12,Alliaria petiolata,Yes
plant_images/25372.jpg,6,Lonicera japonica,Yes
plant_images/740.jpg,8,Hedera helix,Yes
plant_images/4628.jpg,1,Rhus copallinum,No
plant_images/21933.jpg,1,Rhus copallinum,No
plant_images/8076.jpg,4,Rubus phoenicolasius,Yes
plant_images/4200.jpg,9,Parthenocissus quinquefolia,No
plant_images/26631.jpg,12,Alliaria petiolata,Yes
plant_images/15436.jpg,4,Rubus phoenicolasius,Yes
plant_images/10294.jpg,7,Campsis radicans,No
plant_images/8466.jpg,5,Rubus occidentalis,No
plant_images/15352.jpg,4,Rubus phoenicolasius,Yes
plant_images/28258.jpg,0,Ailanthus altissima,Yes
plant_images/16792.jpg,6,Lonicera japonica,Yes
plant_images/11061.jpg,14,Ficaria verna,Yes
plant_images/5617.jpg,2,Elaeagnus umbellata,Yes
plant_images/9203.jpg,6,Lonicera japonica,Yes
plant_images/5293.jpg,10,Persicaria perfoliata,Yes
plant_images/19372.jpg,1,Rhus copallinum,No
plant_images/24440.jpg,12,Alliaria petiolata,Yes
plant_images/24981.jpg,12,Alliaria petiolata,Yes
plant_images/13026.jpg,2,Elaeagnus umbellata,Yes
plant_images/917.jpg,12,Alliaria petiolata,Yes
plant_images/20680.jpg,12,Alliaria petiolata,Yes
plant_images/21427.jpg,1,Rhus copallinum,No
plant_images/21927.jpg,3,Asimina triloba,No
plant_images/256.jpg,9,Parthenocissus quinquefolia,No
plant_images/10403.jpg,1,Rhus copallinum,No
plant_images/25227.jpg,0,Ailanthus altissima,Yes
plant_images/2184.jpg,9,Parthenocissus quinquefolia,No
plant_images/12106.jpg,0,Ailanthus altissima,Yes
plant_images/3950.jpg,10,Persicaria perfoliata,Yes
plant_images/11912.jpg,4,Rubus phoenicolasius,Yes
plant_images/6940.jpg,4,Rubus phoenicolasius,Yes
plant_images/14031.jpg,7,Campsis radicans,No
plant_images/6048.jpg,7,Campsis radicans,No
plant_images/3594.jpg,9,Parthenocissus quinquefolia,No
plant_images/10662.jpg,10,Persicaria perfoliata,Yes
plant_images/4684.jpg,4,Rubus phoenicolasius,Yes
plant_images/26325.jpg,6,Lonicera japonica,Yes
plant_images/13064.jpg,2,Elaeagnus umbellata,Yes
plant_images/21061.jpg,4,Rubus phoenicolasius,Yes
plant_images/3590.jpg,9,Parthenocissus quinquefolia,No
plant_images/13343.jpg,9,Parthenocissus quinquefolia,No
plant_images/6456.jpg,10,Persicaria perfoliata,Yes
plant_images/5363.jpg,7,Campsis radicans,No
plant_images/3470.jpg,14,Ficaria verna,Yes
plant_images/16891.jpg,4,Rubus phoenicolasius,Yes
plant_images/10078.jpg,9,Parthenocissus quinquefolia,No
plant_images/211.jpg,12,Alliaria petiolata,Yes
plant_images/21623.jpg,2,Elaeagnus umbellata,Yes
plant_images/25830.jpg,6,Lonicera japonica,Yes
plant_images/19838.jpg,2,Elaeagnus umbellata,Yes
plant_images/18277.jpg,6,Lonicera japonica,Yes
plant_images/24833.jpg,9,Parthenocissus quinquefolia,No
plant_images/5854.jpg,3,Asimina triloba,No
plant_images/1567.jpg,13,Geum canadense,No
plant_images/23101.jpg,2,Elaeagnus umbellata,Yes
plant_images/19064.jpg,3,Asimina triloba,No
plant_images/24140.jpg,4,Rubus phoenicolasius,Yes
plant_images/26793.jpg,7,Campsis radicans,No
plant_images/2339.jpg,0,Ailanthus altissima,Yes
plant_images/24610.jpg,6,Lonicera japonica,Yes
plant_images/5988.jpg,3,Asimina triloba,No
plant_images/11645.jpg,15,Packera aurea,No
plant_images/28274.jpg,1,Rhus copallinum,No
plant_images/14335.jpg,3,Asimina triloba,No
plant_images/13851.jpg,9,Parthenocissus quinquefolia,No
plant_images/5977.jpg,5,Rubus occidentalis,No
plant_images/23714.jpg,9,Parthenocissus quinquefolia,No
plant_images/11762.jpg,8,Hedera helix,Yes
plant_images/9503.jpg,8,Hedera helix,Yes
plant_images/24729.jpg,4,Rubus phoenicolasius,Yes
plant_images/9000.jpg,14,Ficaria verna,Yes
plant_images/2402.jpg,14,Ficaria verna,Yes
plant_images/1978.jpg,15,Packera aurea,No
plant_images/9811.jpg,9,Parthenocissus quinquefolia,No
plant_images/6011.jpg,9,Parthenocissus quinquefolia,No
plant_images/17881.jpg,14,Ficaria verna,Yes
plant_images/5737.jpg,2,Elaeagnus umbellata,Yes
plant_images/9505.jpg,2,Elaeagnus umbellata,Yes
plant_images/9629.jpg,4,Rubus phoenicolasius,Yes
plant_images/19566.jpg,7,Campsis radicans,No
plant_images/8640.jpg,8,Hedera helix,Yes
plant_images/8093.jpg,13,Geum canadense,No
plant_images/9041.jpg,14,Ficaria verna,Yes
plant_images/12236.jpg,8,Hedera helix,Yes
plant_images/19071.jpg,3,Asimina triloba,No
plant_images/22179.jpg,6,Lonicera japonica,Yes
plant_images/18887.jpg,3,Asimina triloba,No
plant_images/2229.jpg,8,Hedera helix,Yes
plant_images/8692.jpg,6,Lonicera japonica,Yes
plant_images/9458.jpg,15,Packera aurea,No
plant_images/3696.jpg,8,Hedera helix,Yes
plant_images/3450.jpg,14,Ficaria verna,Yes
plant_images/6349.jpg,3,Asimina triloba,No
plant_images/19466.jpg,13,Geum canadense,No
plant_images/432.jpg,9,Parthenocissus quinquefolia,No
plant_images/20324.jpg,12,Alliaria petiolata,Yes
plant_images/6487.jpg,2,Elaeagnus umbellata,Yes
plant_images/12463.jpg,4,Rubus phoenicolasius,Yes
plant_images/5231.jpg,10,Persicaria perfoliata,Yes
plant_images/27737.jpg,7,Campsis radicans,No
plant_images/26927.jpg,7,Campsis radicans,No
plant_images/2378.jpg,13,Geum canadense,No
plant_images/6075.jpg,12,Alliaria petiolata,Yes
plant_images/4095.jpg,14,Ficaria verna,Yes
plant_images/19304.jpg,0,Ailanthus altissima,Yes
plant_images/18916.jpg,4,Rubus phoenicolasius,Yes
plant_images/7407.jpg,14,Ficaria verna,Yes
plant_images/21075.jpg,15,Packera aurea,No
plant_images/2967.jpg,3,Asimina triloba,No
plant_images/15276.jpg,4,Rubus phoenicolasius,Yes
plant_images/13018.jpg,3,Asimina triloba,No
plant_images/1968.jpg,4,Rubus phoenicolasius,Yes
plant_images/12843.jpg,12,Alliaria petiolata,Yes
plant_images/21375.jpg,2,Elaeagnus umbellata,Yes
plant_images/230.jpg,8,Hedera helix,Yes
plant_images/7981.jpg,8,Hedera helix,Yes
plant_images/742.jpg,8,Hedera helix,Yes
plant_images/11733.jpg,6,Lonicera japonica,Yes
plant_images/13994.jpg,11,Persicaria sagittata,No
plant_images/13161.jpg,6,Lonicera japonica,Yes
plant_images/17477.jpg,11,Persicaria sagittata,No
plant_images/14229.jpg,6,Lonicera japonica,Yes
plant_images/18110.jpg,3,Asimina triloba,No
plant_images/8470.jpg,2,Elaeagnus umbellata,Yes
plant_images/10900.jpg,8,Hedera helix,Yes
plant_images/27917.jpg,1,Rhus copallinum,No
plant_images/12528.jpg,8,Hedera helix,Yes
plant_images/13527.jpg,14,Ficaria verna,Yes
plant_images/24220.jpg,3,Asimina triloba,No
plant_images/2833.jpg,9,Parthenocissus quinquefolia,No
plant_images/9103.jpg,14,Ficaria verna,Yes
plant_images/26382.jpg,11,Persicaria sagittata,No
plant_images/13787.jpg,4,Rubus phoenicolasius,Yes
plant_images/26054.jpg,4,Rubus phoenicolasius,Yes
plant_images/28084.jpg,3,Asimina triloba,No
plant_images/3355.jpg,7,Campsis radicans,No
plant_images/11886.jpg,7,Campsis radicans,No
plant_images/24673.jpg,12,Alliaria petiolata,Yes
plant_images/22211.jpg,10,Persicaria perfoliata,Yes
plant_images/17242.jpg,0,Ailanthus altissima,Yes
plant_images/21104.jpg,12,Alliaria petiolata,Yes
plant_images/5592.jpg,12,Alliaria petiolata,Yes
plant_images/17584.jpg,3,Asimina triloba,No
plant_images/1189.jpg,0,Ailanthus altissima,Yes
plant_images/7872.jpg,4,Rubus phoenicolasius,Yes
plant_images/11280.jpg,15,Packera aurea,No
plant_images/10990.jpg,6,Lonicera japonica,Yes
plant_images/24842.jpg,2,Elaeagnus umbellata,Yes
plant_images/15798.jpg,4,Rubus phoenicolasius,Yes
plant_images/25054.jpg,4,Rubus phoenicolasius,Yes
plant_images/25029.jpg,2,Elaeagnus umbellata,Yes
plant_images/15272.jpg,4,Rubus phoenicolasius,Yes
plant_images/7345.jpg,12,Alliaria petiolata,Yes
plant_images/23094.jpg,3,Asimina triloba,No
plant_images/5183.jpg,4,Rubus phoenicolasius,Yes
plant_images/7128.jpg,0,Ailanthus altissima,Yes
plant_images/21787.jpg,10,Persicaria perfoliata,Yes
plant_images/22262.jpg,3,Asimina triloba,No
plant_images/23361.jpg,10,Persicaria perfoliata,Yes
plant_images/20628.jpg,12,Alliaria petiolata,Yes
plant_images/14116.jpg,6,Lonicera japonica,Yes
plant_images/5150.jpg,7,Campsis radicans,No
plant_images/9344.jpg,12,Alliaria petiolata,Yes
plant_images/15719.jpg,1,Rhus copallinum,No
plant_images/8311.jpg,12,Alliaria petiolata,Yes
plant_images/21482.jpg,12,Alliaria petiolata,Yes
plant_images/18142.jpg,14,Ficaria verna,Yes
plant_images/6436.jpg,0,Ailanthus altissima,Yes
plant_images/18657.jpg,2,Elaeagnus umbellata,Yes
plant_images/1702.jpg,9,Parthenocissus quinquefolia,No
plant_images/6896.jpg,6,Lonicera japonica,Yes
plant_images/20898.jpg,10,Persicaria perfoliata,Yes
plant_images/15795.jpg,6,Lonicera japonica,Yes
plant_images/14867.jpg,4,Rubus phoenicolasius,Yes
plant_images/24316.jpg,8,Hedera helix,Yes
plant_images/10600.jpg,8,Hedera helix,Yes
plant_images/19771.jpg,12,Alliaria petiolata,Yes
plant_images/5155.jpg,6,Lonicera japonica,Yes
plant_images/2052.jpg,12,Alliaria petiolata,Yes
plant_images/13671.jpg,2,Elaeagnus umbellata,Yes
plant_images/5047.jpg,6,Lonicera japonica,Yes
plant_images/3902.jpg,0,Ailanthus altissima,Yes
plant_images/12384.jpg,3,Asimina triloba,No
plant_images/10655.jpg,2,Elaeagnus umbellata,Yes
plant_images/17469.jpg,1,Rhus copallinum,No
plant_images/3441.jpg,14,Ficaria verna,Yes
plant_images/17852.jpg,8,Hedera helix,Yes
plant_images/20160.jpg,9,Parthenocissus quinquefolia,No
plant_images/16224.jpg,4,Rubus phoenicolasius,Yes
plant_images/8105.jpg,13,Geum canadense,No
plant_images/23397.jpg,4,Rubus phoenicolasius,Yes
plant_images/6951.jpg,6,Lonicera japonica,Yes
plant_images/2631.jpg,8,Hedera helix,Yes
plant_images/15729.jpg,6,Lonicera japonica,Yes
plant_images/25934.jpg,6,Lonicera japonica,Yes
plant_images/22919.jpg,3,Asimina triloba,No
plant_images/26486.jpg,14,Ficaria verna,Yes
plant_images/869.jpg,12,Alliaria petiolata,Yes
plant_images/19931.jpg,11,Persicaria sagittata,No
plant_images/11815.jpg,10,Persicaria perfoliata,Yes
plant_images/15321.jpg,7,Campsis radicans,No
plant_images/19692.jpg,3,Asimina triloba,No
plant_images/5648.jpg,9,Parthenocissus quinquefolia,No
plant_images/1659.jpg,12,Alliaria petiolata,Yes
plant_images/5350.jpg,14,Ficaria verna,Yes
plant_images/16298.jpg,9,Parthenocissus quinquefolia,No
plant_images/20809.jpg,1,Rhus copallinum,No
plant_images/7207.jpg,6,Lonicera japonica,Yes
plant_images/15078.jpg,2,Elaeagnus umbellata,Yes
plant_images/3255.jpg,3,Asimina triloba,No
plant_images/27352.jpg,1,Rhus copallinum,No
plant_images/22350.jpg,11,Persicaria sagittata,No
plant_images/15450.jpg,1,Rhus copallinum,No
plant_images/8239.jpg,3,Asimina triloba,No
plant_images/26460.jpg,6,Lonicera japonica,Yes
plant_images/20828.jpg,7,Campsis radicans,No
plant_images/28066.jpg,12,Alliaria petiolata,Yes
plant_images/9758.jpg,0,Ailanthus altissima,Yes
plant_images/13621.jpg,4,Rubus phoenicolasius,Yes
plant_images/21169.jpg,3,Asimina triloba,No
plant_images/22042.jpg,3,Asimina triloba,No
plant_images/10482.jpg,12,Alliaria petiolata,Yes
plant_images/16090.jpg,10,Persicaria perfoliata,Yes
plant_images/8680.jpg,6,Lonicera japonica,Yes
plant_images/9646.jpg,12,Alliaria petiolata,Yes
plant_images/7154.jpg,14,Ficaria verna,Yes
plant_images/20974.jpg,0,Ailanthus altissima,Yes
plant_images/24369.jpg,15,Packera aurea,No
plant_images/15598.jpg,7,Campsis radicans,No
plant_images/7760.jpg,6,Lonicera japonica,Yes
plant_images/26829.jpg,2,Elaeagnus umbellata,Yes
plant_images/5066.jpg,6,Lonicera japonica,Yes
plant_images/17593.jpg,3,Asimina triloba,No
plant_images/3865.jpg,4,Rubus phoenicolasius,Yes
plant_images/23458.jpg,2,Elaeagnus umbellata,Yes
plant_images/5371.jpg,9,Parthenocissus quinquefolia,No
plant_images/23201.jpg,9,Parthenocissus quinquefolia,No
plant_images/25358.jpg,0,Ailanthus altissima,Yes
plant_images/2774.jpg,0,Ailanthus altissima,Yes
plant_images/7107.jpg,2,Elaeagnus umbellata,Yes
plant_images/26980.jpg,3,Asimina triloba,No
plant_images/8312.jpg,1,Rhus copallinum,No
plant_images/8458.jpg,11,Persicaria sagittata,No
plant_images/16517.jpg,2,Elaeagnus umbellata,Yes
plant_images/16756.jpg,12,Alliaria petiolata,Yes
plant_images/22373.jpg,1,Rhus copallinum,No
plant_images/20804.jpg,4,Rubus phoenicolasius,Yes
plant_images/17586.jpg,3,Asimina triloba,No
plant_images/16437.jpg,8,Hedera helix,Yes
plant_images/25285.jpg,7,Campsis radicans,No
plant_images/1957.jpg,6,Lonicera japonica,Yes
plant_images/17245.jpg,7,Campsis radicans,No
plant_images/8887.jpg,12,Alliaria petiolata,Yes
plant_images/18848.jpg,9,Parthenocissus quinquefolia,No
plant_images/12707.jpg,14,Ficaria verna,Yes
plant_images/6602.jpg,8,Hedera helix,Yes
plant_images/3271.jpg,7,Campsis radicans,No
plant_images/26512.jpg,12,Alliaria petiolata,Yes
plant_images/23760.jpg,6,Lonicera japonica,Yes
plant_images/17056.jpg,1,Rhus copallinum,No
plant_images/19600.jpg,7,Campsis radicans,No
plant_images/8836.jpg,6,Lonicera japonica,Yes
plant_images/21029.jpg,3,Asimina triloba,No
plant_images/24995.jpg,2,Elaeagnus umbellata,Yes
plant_images/28315.jpg,7,Campsis radicans,No
plant_images/21495.jpg,2,Elaeagnus umbellata,Yes
plant_images/24823.jpg,12,Alliaria petiolata,Yes
plant_images/25499.jpg,13,Geum canadense,No
plant_images/11985.jpg,3,Asimina triloba,No
plant_images/15721.jpg,6,Lonicera japonica,Yes
plant_images/21629.jpg,15,Packera aurea,No
plant_images/22676.jpg,3,Asimina triloba,No
plant_images/4613.jpg,7,Campsis radicans,No
plant_images/14911.jpg,4,Rubus phoenicolasius,Yes
plant_images/13030.jpg,3,Asimina triloba,No
plant_images/22334.jpg,9,Parthenocissus quinquefolia,No
plant_images/8725.jpg,8,Hedera helix,Yes
plant_images/14138.jpg,6,Lonicera japonica,Yes
plant_images/172.jpg,12,Alliaria petiolata,Yes
plant_images/19436.jpg,3,Asimina triloba,No
plant_images/1041.jpg,15,Packera aurea,No
plant_images/28319.jpg,7,Campsis radicans,No
plant_images/24317.jpg,13,Geum canadense,No
plant_images/1600.jpg,14,Ficaria verna,Yes
plant_images/16476.jpg,9,Parthenocissus quinquefolia,No
plant_images/24183.jpg,6,Lonicera japonica,Yes
plant_images/1080.jpg,13,Geum canadense,No
plant_images/14636.jpg,12,Alliaria petiolata,Yes
plant_images/5863.jpg,8,Hedera helix,Yes
plant_images/6212.jpg,10,Persicaria perfoliata,Yes
plant_images/4040.jpg,14,Ficaria verna,Yes
plant_images/23155.jpg,3,Asimina triloba,No
plant_images/14299.jpg,4,Rubus phoenicolasius,Yes
plant_images/14972.jpg,4,Rubus phoenicolasius,Yes
plant_images/27483.jpg,8,Hedera helix,Yes
plant_images/10542.jpg,9,Parthenocissus quinquefolia,No
plant_images/4212.jpg,4,Rubus phoenicolasius,Yes
plant_images/26657.jpg,3,Asimina triloba,No
plant_images/14219.jpg,11,Persicaria sagittata,No
plant_images/24968.jpg,12,Alliaria petiolata,Yes
plant_images/11171.jpg,14,Ficaria verna,Yes
plant_images/9151.jpg,14,Ficaria verna,Yes
plant_images/15546.jpg,8,Hedera helix,Yes
plant_images/11182.jpg,15,Packera aurea,No
plant_images/17997.jpg,14,Ficaria verna,Yes
plant_images/14597.jpg,14,Ficaria verna,Yes
plant_images/10042.jpg,9,Parthenocissus quinquefolia,No
plant_images/18485.jpg,2,Elaeagnus umbellata,Yes
plant_images/16335.jpg,12,Alliaria petiolata,Yes
plant_images/2934.jpg,14,Ficaria verna,Yes
plant_images/13833.jpg,14,Ficaria verna,Yes
plant_images/11385.jpg,3,Asimina triloba,No
plant_images/2141.jpg,9,Parthenocissus quinquefolia,No
plant_images/10921.jpg,4,Rubus phoenicolasius,Yes
plant_images/7248.jpg,14,Ficaria verna,Yes
plant_images/18957.jpg,10,Persicaria perfoliata,Yes
plant_images/16651.jpg,9,Parthenocissus quinquefolia,No
plant_images/8087.jpg,4,Rubus phoenicolasius,Yes
plant_images/22961.jpg,4,Rubus phoenicolasius,Yes
plant_images/3981.jpg,8,Hedera helix,Yes
plant_images/19651.jpg,9,Parthenocissus quinquefolia,No
plant_images/27039.jpg,3,Asimina triloba,No
plant_images/6982.jpg,14,Ficaria verna,Yes
plant_images/12771.jpg,14,Ficaria verna,Yes
plant_images/27404.jpg,3,Asimina triloba,No
plant_images/16645.jpg,6,Lonicera japonica,Yes
plant_images/8891.jpg,2,Elaeagnus umbellata,Yes
plant_images/12709.jpg,14,Ficaria verna,Yes
plant_images/6205.jpg,10,Persicaria perfoliata,Yes
plant_images/17601.jpg,2,Elaeagnus umbellata,Yes
plant_images/13241.jpg,6,Lonicera japonica,Yes
plant_images/1053.jpg,0,Ailanthus altissima,Yes
plant_images/10961.jpg,14,Ficaria verna,Yes
plant_images/9944.jpg,15,Packera aurea,No
plant_images/4490.jpg,0,Ailanthus altissima,Yes
plant_images/24495.jpg,4,Rubus phoenicolasius,Yes
plant_images/8498.jpg,1,Rhus copallinum,No
plant_images/2619.jpg,9,Parthenocissus quinquefolia,No
plant_images/9498.jpg,12,Alliaria petiolata,Yes
plant_images/16125.jpg,14,Ficaria verna,Yes
plant_images/258.jpg,15,Packera aurea,No
plant_images/17735.jpg,2,Elaeagnus umbellata,Yes
plant_images/17264.jpg,14,Ficaria verna,Yes
plant_images/13406.jpg,12,Alliaria petiolata,Yes
plant_images/27650.jpg,12,Alliaria petiolata,Yes
plant_images/23782.jpg,13,Geum canadense,No
plant_images/392.jpg,0,Ailanthus altissima,Yes
plant_images/17446.jpg,2,Elaeagnus umbellata,Yes
plant_images/22079.jpg,12,Alliaria petiolata,Yes
plant_images/8144.jpg,0,Ailanthus altissima,Yes
plant_images/15914.jpg,8,Hedera helix,Yes
plant_images/21748.jpg,0,Ailanthus altissima,Yes
plant_images/10219.jpg,9,Parthenocissus quinquefolia,No
plant_images/18102.jpg,14,Ficaria verna,Yes
plant_images/24665.jpg,2,Elaeagnus umbellata,Yes
plant_images/8341.jpg,9,Parthenocissus quinquefolia,No
plant_images/20549.jpg,14,Ficaria verna,Yes
plant_images/12732.jpg,14,Ficaria verna,Yes
plant_images/19919.jpg,0,Ailanthus altissima,Yes
plant_images/14987.jpg,8,Hedera helix,Yes
plant_images/11428.jpg,12,Alliaria petiolata,Yes
plant_images/2702.jpg,4,Rubus phoenicolasius,Yes
plant_images/9842.jpg,14,Ficaria verna,Yes
plant_images/3894.jpg,9,Parthenocissus quinquefolia,No
plant_images/5454.jpg,11,Persicaria sagittata,No
plant_images/26258.jpg,9,Parthenocissus quinquefolia,No
plant_images/24458.jpg,6,Lonicera japonica,Yes
plant_images/6380.jpg,3,Asimina triloba,No
plant_images/22320.jpg,3,Asimina triloba,No
plant_images/10598.jpg,9,Parthenocissus quinquefolia,No
plant_images/405.jpg,6,Lonicera japonica,Yes
plant_images/578.jpg,9,Parthenocissus quinquefolia,No
plant_images/15861.jpg,14,Ficaria verna,Yes
plant_images/23534.jpg,8,Hedera helix,Yes
plant_images/4701.jpg,7,Campsis radicans,No
plant_images/18474.jpg,9,Parthenocissus quinquefolia,No
plant_images/4858.jpg,4,Rubus phoenicolasius,Yes
plant_images/6762.jpg,2,Elaeagnus umbellata,Yes
plant_images/7704.jpg,12,Alliaria petiolata,Yes
plant_images/17884.jpg,8,Hedera helix,Yes
plant_images/15688.jpg,6,Lonicera japonica,Yes
plant_images/4274.jpg,9,Parthenocissus quinquefolia,No
plant_images/2005.jpg,14,Ficaria verna,Yes
plant_images/13268.jpg,6,Lonicera japonica,Yes
plant_images/1801.jpg,15,Packera aurea,No
plant_images/25256.jpg,1,Rhus copallinum,No
plant_images/6340.jpg,4,Rubus phoenicolasius,Yes
plant_images/8307.jpg,4,Rubus phoenicolasius,Yes
plant_images/17780.jpg,6,Lonicera japonica,Yes
plant_images/20806.jpg,4,Rubus phoenicolasius,Yes
plant_images/1329.jpg,9,Parthenocissus quinquefolia,No
plant_images/10545.jpg,12,Alliaria petiolata,Yes
plant_images/23650.jpg,14,Ficaria verna,Yes
plant_images/699.jpg,9,Parthenocissus quinquefolia,No
plant_images/11477.jpg,6,Lonicera japonica,Yes
plant_images/7356.jpg,12,Alliaria petiolata,Yes
plant_images/12901.jpg,2,Elaeagnus umbellata,Yes
plant_images/16027.jpg,15,Packera aurea,No
plant_images/16348.jpg,12,Alliaria petiolata,Yes
plant_images/22147.jpg,4,Rubus phoenicolasius,Yes
plant_images/19078.jpg,9,Parthenocissus quinquefolia,No
plant_images/5745.jpg,2,Elaeagnus umbellata,Yes
plant_images/20884.jpg,3,Asimina triloba,No
plant_images/23435.jpg,3,Asimina triloba,No
plant_images/7978.jpg,4,Rubus phoenicolasius,Yes
plant_images/6682.jpg,12,Alliaria petiolata,Yes
plant_images/3871.jpg,1,Rhus copallinum,No
plant_images/7196.jpg,4,Rubus phoenicolasius,Yes
plant_images/25875.jpg,3,Asimina triloba,No
plant_images/14683.jpg,14,Ficaria verna,Yes
plant_images/1496.jpg,6,Lonicera japonica,Yes
plant_images/22928.jpg,12,Alliaria petiolata,Yes
plant_images/9528.jpg,13,Geum canadense,No
plant_images/17138.jpg,3,Asimina triloba,No
plant_images/2355.jpg,8,Hedera helix,Yes
plant_images/22325.jpg,0,Ailanthus altissima,Yes
plant_images/23403.jpg,10,Persicaria perfoliata,Yes
plant_images/8080.jpg,4,Rubus phoenicolasius,Yes
plant_images/3507.jpg,4,Rubus phoenicolasius,Yes
plant_images/1004.jpg,12,Alliaria petiolata,Yes
plant_images/15381.jpg,1,Rhus copallinum,No
plant_images/20703.jpg,4,Rubus phoenicolasius,Yes
plant_images/12601.jpg,14,Ficaria verna,Yes
plant_images/24448.jpg,3,Asimina triloba,No
plant_images/4125.jpg,9,Parthenocissus quinquefolia,No
plant_images/12552.jpg,13,Geum canadense,No
plant_images/27979.jpg,11,Persicaria sagittata,No
plant_images/14174.jpg,8,Hedera helix,Yes
plant_images/27504.jpg,3,Asimina triloba,No
plant_images/25734.jpg,3,Asimina triloba,No
plant_images/5670.jpg,10,Persicaria perfoliata,Yes
plant_images/21914.jpg,3,Asimina triloba,No
plant_images/5635.jpg,12,Alliaria petiolata,Yes
plant_images/21818.jpg,7,Campsis radicans,No
plant_images/22687.jpg,12,Alliaria petiolata,Yes
plant_images/22252.jpg,0,Ailanthus altissima,Yes
plant_images/18898.jpg,3,Asimina triloba,No
plant_images/16453.jpg,0,Ailanthus altissima,Yes
plant_images/20139.jpg,8,Hedera helix,Yes
plant_images/4045.jpg,14,Ficaria verna,Yes
plant_images/5922.jpg,13,Geum canadense,No
plant_images/5766.jpg,2,Elaeagnus umbellata,Yes
plant_images/12462.jpg,3,Asimina triloba,No
plant_images/11178.jpg,3,Asimina triloba,No
plant_images/5892.jpg,4,Rubus phoenicolasius,Yes
plant_images/24155.jpg,15,Packera aurea,No
plant_images/7958.jpg,9,Parthenocissus quinquefolia,No
plant_images/9450.jpg,4,Rubus phoenicolasius,Yes
plant_images/5852.jpg,9,Parthenocissus quinquefolia,No
plant_images/5208.jpg,9,Parthenocissus quinquefolia,No
plant_images/6001.jpg,13,Geum canadense,No
plant_images/1270.jpg,8,Hedera helix,Yes
plant_images/2888.jpg,14,Ficaria verna,Yes
plant_images/20657.jpg,2,Elaeagnus umbellata,Yes
plant_images/1851.jpg,12,Alliaria petiolata,Yes
plant_images/23600.jpg,12,Alliaria petiolata,Yes
plant_images/5258.jpg,13,Geum canadense,No
plant_images/5746.jpg,4,Rubus phoenicolasius,Yes
plant_images/25778.jpg,4,Rubus phoenicolasius,Yes
plant_images/7077.jpg,12,Alliaria petiolata,Yes
plant_images/19024.jpg,3,Asimina triloba,No
plant_images/17629.jpg,11,Persicaria sagittata,No
plant_images/17370.jpg,1,Rhus copallinum,No
plant_images/11904.jpg,4,Rubus phoenicolasius,Yes
plant_images/6800.jpg,12,Alliaria petiolata,Yes
plant_images/8607.jpg,1,Rhus copallinum,No
plant_images/8059.jpg,3,Asimina triloba,No
plant_images/3391.jpg,0,Ailanthus altissima,Yes
plant_images/21666.jpg,12,Alliaria petiolata,Yes
plant_images/13879.jpg,0,Ailanthus altissima,Yes
plant_images/4502.jpg,6,Lonicera japonica,Yes
plant_images/16284.jpg,4,Rubus phoenicolasius,Yes
plant_images/13680.jpg,6,Lonicera japonica,Yes
plant_images/19619.jpg,0,Ailanthus altissima,Yes
plant_images/22833.jpg,6,Lonicera japonica,Yes
plant_images/20172.jpg,9,Parthenocissus quinquefolia,No
plant_images/20927.jpg,12,Alliaria petiolata,Yes
plant_images/12805.jpg,14,Ficaria verna,Yes
plant_images/19967.jpg,8,Hedera helix,Yes
plant_images/6635.jpg,14,Ficaria verna,Yes
plant_images/6668.jpg,6,Lonicera japonica,Yes
plant_images/18613.jpg,8,Hedera helix,Yes
plant_images/3620.jpg,14,Ficaria verna,Yes
plant_images/13963.jpg,7,Campsis radicans,No
plant_images/8448.jpg,12,Alliaria petiolata,Yes
plant_images/10450.jpg,4,Rubus phoenicolasius,Yes
plant_images/14616.jpg,14,Ficaria verna,Yes
plant_images/11443.jpg,6,Lonicera japonica,Yes
plant_images/28160.jpg,8,Hedera helix,Yes
plant_images/9181.jpg,6,Lonicera japonica,Yes
plant_images/10170.jpg,6,Lonicera japonica,Yes
plant_images/18935.jpg,9,Parthenocissus quinquefolia,No
plant_images/25610.jpg,7,Campsis radicans,No
plant_images/7683.jpg,2,Elaeagnus umbellata,Yes
plant_images/12388.jpg,0,Ailanthus altissima,Yes
plant_images/25869.jpg,2,Elaeagnus umbellata,Yes
plant_images/8531.jpg,7,Campsis radicans,No
plant_images/1292.jpg,9,Parthenocissus quinquefolia,No
plant_images/12731.jpg,14,Ficaria verna,Yes
plant_images/19439.jpg,7,Campsis radicans,No
plant_images/20298.jpg,5,Rubus occidentalis,No
plant_images/3986.jpg,4,Rubus phoenicolasius,Yes
plant_images/12649.jpg,14,Ficaria verna,Yes
plant_images/25173.jpg,13,Geum canadense,No
plant_images/3743.jpg,9,Parthenocissus quinquefolia,No
plant_images/2863.jpg,9,Parthenocissus quinquefolia,No
plant_images/14909.jpg,4,Rubus phoenicolasius,Yes
plant_images/19748.jpg,4,Rubus phoenicolasius,Yes
plant_images/25999.jpg,1,Rhus copallinum,No
plant_images/861.jpg,14,Ficaria verna,Yes
plant_images/18413.jpg,15,Packera aurea,No
plant_images/20469.jpg,8,Hedera helix,Yes
plant_images/4244.jpg,3,Asimina triloba,No
plant_images/2276.jpg,7,Campsis radicans,No
plant_images/18789.jpg,8,Hedera helix,Yes
plant_images/12480.jpg,2,Elaeagnus umbellata,Yes
plant_images/4753.jpg,12,Alliaria petiolata,Yes
plant_images/5143.jpg,2,Elaeagnus umbellata,Yes
plant_images/20907.jpg,6,Lonicera japonica,Yes
plant_images/3411.jpg,4,Rubus phoenicolasius,Yes
plant_images/13997.jpg,9,Parthenocissus quinquefolia,No
plant_images/5381.jpg,4,Rubus phoenicolasius,Yes
plant_images/11826.jpg,4,Rubus phoenicolasius,Yes
plant_images/948.jpg,12,Alliaria petiolata,Yes
plant_images/11363.jpg,8,Hedera helix,Yes
plant_images/11979.jpg,0,Ailanthus altissima,Yes
plant_images/14442.jpg,14,Ficaria verna,Yes
plant_images/4265.jpg,4,Rubus phoenicolasius,Yes
plant_images/21630.jpg,12,Alliaria petiolata,Yes
plant_images/9269.jpg,14,Ficaria verna,Yes
plant_images/24066.jpg,9,Parthenocissus quinquefolia,No
plant_images/11948.jpg,9,Parthenocissus quinquefolia,No
plant_images/1377.jpg,13,Geum canadense,No
plant_images/4848.jpg,12,Alliaria petiolata,Yes
plant_images/4056.jpg,12,Alliaria petiolata,Yes
plant_images/1716.jpg,12,Alliaria petiolata,Yes
plant_images/18477.jpg,9,Parthenocissus quinquefolia,No
plant_images/11666.jpg,9,Parthenocissus quinquefolia,No
plant_images/25682.jpg,9,Parthenocissus quinquefolia,No
plant_images/10851.jpg,6,Lonicera japonica,Yes
plant_images/17621.jpg,11,Persicaria sagittata,No
plant_images/27604.jpg,9,Parthenocissus quinquefolia,No
plant_images/15931.jpg,14,Ficaria verna,Yes
plant_images/11600.jpg,6,Lonicera japonica,Yes
plant_images/10917.jpg,7,Campsis radicans,No
plant_images/1186.jpg,7,Campsis radicans,No
plant_images/18248.jpg,3,Asimina triloba,No
plant_images/24385.jpg,9,Parthenocissus quinquefolia,No
plant_images/12043.jpg,3,Asimina triloba,No
plant_images/22232.jpg,3,Asimina triloba,No
plant_images/27771.jpg,6,Lonicera japonica,Yes
plant_images/17919.jpg,14,Ficaria verna,Yes
plant_images/7767.jpg,6,Lonicera japonica,Yes
plant_images/23.jpg,9,Parthenocissus quinquefolia,No
plant_images/26016.jpg,14,Ficaria verna,Yes
plant_images/22579.jpg,1,Rhus copallinum,No
plant_images/5069.jpg,10,Persicaria perfoliata,Yes
plant_images/5993.jpg,15,Packera aurea,No
plant_images/1240.jpg,1,Rhus copallinum,No
plant_images/15589.jpg,7,Campsis radicans,No
plant_images/11594.jpg,15,Packera aurea,No
plant_images/26570.jpg,6,Lonicera japonica,Yes
plant_images/11439.jpg,3,Asimina triloba,No
plant_images/23713.jpg,8,Hedera helix,Yes
plant_images/12960.jpg,12,Alliaria petiolata,Yes
plant_images/13891.jpg,10,Persicaria perfoliata,Yes
plant_images/2974.jpg,5,Rubus occidentalis,No
plant_images/10659.jpg,9,Parthenocissus quinquefolia,No
plant_images/15061.jpg,9,Parthenocissus quinquefolia,No
plant_images/16538.jpg,9,Parthenocissus quinquefolia,No
plant_images/3806.jpg,0,Ailanthus altissima,Yes
plant_images/12578.jpg,6,Lonicera japonica,Yes
plant_images/9536.jpg,12,Alliaria petiolata,Yes
plant_images/16036.jpg,14,Ficaria verna,Yes
plant_images/17211.jpg,9,Parthenocissus quinquefolia,No
plant_images/24534.jpg,2,Elaeagnus umbellata,Yes
plant_images/3383.jpg,12,Alliaria petiolata,Yes
plant_images/14892.jpg,12,Alliaria petiolata,Yes
plant_images/17954.jpg,12,Alliaria petiolata,Yes
plant_images/21480.jpg,3,Asimina triloba,No
plant_images/24015.jpg,1,Rhus copallinum,No
plant_images/4318.jpg,9,Parthenocissus quinquefolia,No
plant_images/12117.jpg,0,Ailanthus altissima,Yes
plant_images/25920.jpg,2,Elaeagnus umbellata,Yes
plant_images/26373.jpg,2,Elaeagnus umbellata,Yes
plant_images/9109.jpg,15,Packera aurea,No
plant_images/4214.jpg,9,Parthenocissus quinquefolia,No
plant_images/19521.jpg,14,Ficaria verna,Yes
plant_images/24723.jpg,2,Elaeagnus umbellata,Yes
plant_images/21514.jpg,3,Asimina triloba,No
plant_images/15866.jpg,14,Ficaria verna,Yes
plant_images/20477.jpg,0,Ailanthus altissima,Yes
plant_images/14200.jpg,3,Asimina triloba,No
plant_images/17352.jpg,0,Ailanthus altissima,Yes
plant_images/608.jpg,9,Parthenocissus quinquefolia,No
plant_images/17463.jpg,6,Lonicera japonica,Yes
plant_images/5364.jpg,9,Parthenocissus quinquefolia,No
plant_images/15267.jpg,9,Parthenocissus quinquefolia,No
plant_images/1927.jpg,0,Ailanthus altissima,Yes
plant_images/24603.jpg,6,Lonicera japonica,Yes
plant_images/23530.jpg,2,Elaeagnus umbellata,Yes
plant_images/13385.jpg,9,Parthenocissus quinquefolia,No
plant_images/8959.jpg,4,Rubus phoenicolasius,Yes
plant_images/28024.jpg,12,Alliaria petiolata,Yes
plant_images/20038.jpg,14,Ficaria verna,Yes
plant_images/12385.jpg,4,Rubus phoenicolasius,Yes
plant_images/19072.jpg,4,Rubus phoenicolasius,Yes
plant_images/17041.jpg,3,Asimina triloba,No
plant_images/17231.jpg,9,Parthenocissus quinquefolia,No
plant_images/17454.jpg,11,Persicaria sagittata,No
plant_images/23822.jpg,10,Persicaria perfoliata,Yes
plant_images/16146.jpg,8,Hedera helix,Yes
plant_images/5872.jpg,14,Ficaria verna,Yes
plant_images/24368.jpg,9,Parthenocissus quinquefolia,No
plant_images/1352.jpg,8,Hedera helix,Yes
plant_images/17048.jpg,9,Parthenocissus quinquefolia,No
plant_images/27085.jpg,3,Asimina triloba,No
plant_images/14941.jpg,8,Hedera helix,Yes
plant_images/7500.jpg,14,Ficaria verna,Yes
plant_images/14681.jpg,6,Lonicera japonica,Yes
plant_images/12482.jpg,4,Rubus phoenicolasius,Yes
plant_images/27803.jpg,1,Rhus copallinum,No
plant_images/474.jpg,8,Hedera helix,Yes
plant_images/27014.jpg,2,Elaeagnus umbellata,Yes
plant_images/23059.jpg,2,Elaeagnus umbellata,Yes
plant_images/24736.jpg,8,Hedera helix,Yes
plant_images/3814.jpg,9,Parthenocissus quinquefolia,No
plant_images/21489.jpg,6,Lonicera japonica,Yes
plant_images/9288.jpg,14,Ficaria verna,Yes
plant_images/25658.jpg,4,Rubus phoenicolasius,Yes
plant_images/1855.jpg,12,Alliaria petiolata,Yes
plant_images/8868.jpg,2,Elaeagnus umbellata,Yes
plant_images/9002.jpg,14,Ficaria verna,Yes
plant_images/13557.jpg,6,Lonicera japonica,Yes
plant_images/6053.jpg,9,Parthenocissus quinquefolia,No
plant_images/10736.jpg,1,Rhus copallinum,No
plant_images/19056.jpg,12,Alliaria petiolata,Yes
plant_images/24828.jpg,12,Alliaria petiolata,Yes
plant_images/16155.jpg,2,Elaeagnus umbellata,Yes
plant_images/8937.jpg,1,Rhus copallinum,No
plant_images/6489.jpg,7,Campsis radicans,No
plant_images/26087.jpg,9,Parthenocissus quinquefolia,No
plant_images/1904.jpg,13,Geum canadense,No
plant_images/2956.jpg,12,Alliaria petiolata,Yes
plant_images/24349.jpg,12,Alliaria petiolata,Yes
plant_images/2118.jpg,9,Parthenocissus quinquefolia,No
plant_images/20066.jpg,12,Alliaria petiolata,Yes
plant_images/19865.jpg,4,Rubus phoenicolasius,Yes
plant_images/8414.jpg,6,Lonicera japonica,Yes
plant_images/13077.jpg,9,Parthenocissus quinquefolia,No
plant_images/17553.jpg,10,Persicaria perfoliata,Yes
plant_images/14212.jpg,8,Hedera helix,Yes
plant_images/22013.jpg,12,Alliaria petiolata,Yes
plant_images/24586.jpg,1,Rhus copallinum,No
plant_images/2666.jpg,9,Parthenocissus quinquefolia,No
plant_images/25517.jpg,3,Asimina triloba,No
plant_images/24494.jpg,2,Elaeagnus umbellata,Yes
plant_images/22830.jpg,2,Elaeagnus umbellata,Yes
plant_images/7790.jpg,8,Hedera helix,Yes
plant_images/1813.jpg,9,Parthenocissus quinquefolia,No
plant_images/318.jpg,9,Parthenocissus quinquefolia,No
plant_images/5627.jpg,6,Lonicera japonica,Yes
plant_images/23777.jpg,12,Alliaria petiolata,Yes
plant_images/5812.jpg,12,Alliaria petiolata,Yes
plant_images/11969.jpg,10,Persicaria perfoliata,Yes
plant_images/1686.jpg,6,Lonicera japonica,Yes
plant_images/27542.jpg,9,Parthenocissus quinquefolia,No
plant_images/959.jpg,12,Alliaria petiolata,Yes
plant_images/24690.jpg,2,Elaeagnus umbellata,Yes
plant_images/12540.jpg,14,Ficaria verna,Yes
plant_images/18317.jpg,8,Hedera helix,Yes
plant_images/19952.jpg,4,Rubus phoenicolasius,Yes
plant_images/22144.jpg,3,Asimina triloba,No
plant_images/19921.jpg,7,Campsis radicans,No
plant_images/21270.jpg,2,Elaeagnus umbellata,Yes
plant_images/9017.jpg,14,Ficaria verna,Yes
plant_images/21185.jpg,7,Campsis radicans,No
plant_images/8383.jpg,0,Ailanthus altissima,Yes
plant_images/14254.jpg,11,Persicaria sagittata,No
plant_images/19015.jpg,4,Rubus phoenicolasius,Yes
plant_images/18358.jpg,15,Packera aurea,No
plant_images/24822.jpg,12,Alliaria petiolata,Yes
plant_images/22630.jpg,3,Asimina triloba,No
plant_images/17679.jpg,2,Elaeagnus umbellata,Yes
plant_images/27329.jpg,8,Hedera helix,Yes
plant_images/17594.jpg,8,Hedera helix,Yes
plant_images/1217.jpg,13,Geum canadense,No
plant_images/15742.jpg,1,Rhus copallinum,No
plant_images/1910.jpg,4,Rubus phoenicolasius,Yes
plant_images/26381.jpg,11,Persicaria sagittata,No
plant_images/16717.jpg,7,Campsis radicans,No
plant_images/16010.jpg,13,Geum canadense,No
plant_images/26061.jpg,2,Elaeagnus umbellata,Yes
plant_images/12068.jpg,0,Ailanthus altissima,Yes
plant_images/4424.jpg,8,Hedera helix,Yes
plant_images/22061.jpg,6,Lonicera japonica,Yes
plant_images/13985.jpg,9,Parthenocissus quinquefolia,No
plant_images/24816.jpg,12,Alliaria petiolata,Yes
plant_images/3200.jpg,12,Alliaria petiolata,Yes
plant_images/24409.jpg,6,Lonicera japonica,Yes
plant_images/25011.jpg,0,Ailanthus altissima,Yes
plant_images/1504.jpg,14,Ficaria verna,Yes
plant_images/13777.jpg,0,Ailanthus altissima,Yes
plant_images/20881.jpg,9,Parthenocissus quinquefolia,No
plant_images/25836.jpg,3,Asimina triloba,No
plant_images/10349.jpg,13,Geum canadense,No
plant_images/25060.jpg,2,Elaeagnus umbellata,Yes
plant_images/16371.jpg,9,Parthenocissus quinquefolia,No
plant_images/8150.jpg,6,Lonicera japonica,Yes
plant_images/15992.jpg,14,Ficaria verna,Yes
plant_images/6213.jpg,3,Asimina triloba,No
plant_images/6837.jpg,14,Ficaria verna,Yes
plant_images/10935.jpg,14,Ficaria verna,Yes
plant_images/9332.jpg,14,Ficaria verna,Yes
plant_images/25033.jpg,12,Alliaria petiolata,Yes
plant_images/19902.jpg,4,Rubus phoenicolasius,Yes
plant_images/14736.jpg,14,Ficaria verna,Yes
plant_images/15268.jpg,6,Lonicera japonica,Yes
plant_images/22699.jpg,2,Elaeagnus umbellata,Yes
plant_images/11652.jpg,9,Parthenocissus quinquefolia,No
plant_images/24051.jpg,1,Rhus copallinum,No
plant_images/17042.jpg,3,Asimina triloba,No
plant_images/5557.jpg,14,Ficaria verna,Yes
plant_images/23691.jpg,14,Ficaria verna,Yes
plant_images/3040.jpg,9,Parthenocissus quinquefolia,No
plant_images/10968.jpg,14,Ficaria verna,Yes
plant_images/14388.jpg,8,Hedera helix,Yes
plant_images/15139.jpg,8,Hedera helix,Yes
plant_images/23044.jpg,10,Persicaria perfoliata,Yes
plant_images/3836.jpg,0,Ailanthus altissima,Yes
plant_images/22343.jpg,2,Elaeagnus umbellata,Yes
plant_images/24307.jpg,2,Elaeagnus umbellata,Yes
plant_images/8663.jpg,3,Asimina triloba,No
plant_images/22024.jpg,12,Alliaria petiolata,Yes
plant_images/13555.jpg,1,Rhus copallinum,No
plant_images/27262.jpg,3,Asimina triloba,No
plant_images/18396.jpg,12,Alliaria petiolata,Yes
plant_images/9036.jpg,10,Persicaria perfoliata,Yes
plant_images/25365.jpg,1,Rhus copallinum,No
plant_images/2999.jpg,9,Parthenocissus quinquefolia,No
plant_images/18894.jpg,13,Geum canadense,No
plant_images/17818.jpg,6,Lonicera japonica,Yes
plant_images/1458.jpg,5,Rubus occidentalis,No
plant_images/19913.jpg,1,Rhus copallinum,No
plant_images/19969.jpg,3,Asimina triloba,No
plant_images/12724.jpg,14,Ficaria verna,Yes
plant_images/12162.jpg,10,Persicaria perfoliata,Yes
plant_images/3830.jpg,15,Packera aurea,No
plant_images/5972.jpg,3,Asimina triloba,No
plant_images/18131.jpg,8,Hedera helix,Yes
plant_images/1885.jpg,9,Parthenocissus quinquefolia,No
plant_images/7850.jpg,9,Parthenocissus quinquefolia,No
plant_images/13987.jpg,3,Asimina triloba,No
plant_images/10101.jpg,4,Rubus phoenicolasius,Yes
plant_images/16642.jpg,9,Parthenocissus quinquefolia,No
plant_images/5690.jpg,14,Ficaria verna,Yes
plant_images/20470.jpg,0,Ailanthus altissima,Yes
plant_images/20717.jpg,3,Asimina triloba,No
plant_images/21034.jpg,4,Rubus phoenicolasius,Yes
plant_images/22083.jpg,2,Elaeagnus umbellata,Yes
plant_images/1903.jpg,9,Parthenocissus quinquefolia,No
plant_images/10100.jpg,6,Lonicera japonica,Yes
plant_images/4978.jpg,2,Elaeagnus umbellata,Yes
plant_images/10745.jpg,2,Elaeagnus umbellata,Yes
plant_images/20246.jpg,2,Elaeagnus umbellata,Yes
plant_images/16866.jpg,9,Parthenocissus quinquefolia,No
plant_images/24646.jpg,12,Alliaria petiolata,Yes
plant_images/24553.jpg,0,Ailanthus altissima,Yes
plant_images/1973.jpg,0,Ailanthus altissima,Yes
plant_images/18287.jpg,3,Asimina triloba,No
plant_images/16151.jpg,8,Hedera helix,Yes
plant_images/17827.jpg,4,Rubus phoenicolasius,Yes
plant_images/27820.jpg,7,Campsis radicans,No
plant_images/22412.jpg,3,Asimina triloba,No
plant_images/14430.jpg,14,Ficaria verna,Yes
plant_images/24453.jpg,1,Rhus copallinum,No
plant_images/18342.jpg,3,Asimina triloba,No
plant_images/19471.jpg,0,Ailanthus altissima,Yes
plant_images/23787.jpg,12,Alliaria petiolata,Yes
plant_images/25125.jpg,3,Asimina triloba,No
plant_images/7192.jpg,8,Hedera helix,Yes
plant_images/25303.jpg,0,Ailanthus altissima,Yes
plant_images/11460.jpg,2,Elaeagnus umbellata,Yes
plant_images/27739.jpg,9,Parthenocissus quinquefolia,No
plant_images/24515.jpg,7,Campsis radicans,No
plant_images/15547.jpg,7,Campsis radicans,No
plant_images/7190.jpg,12,Alliaria petiolata,Yes
plant_images/27488.jpg,9,Parthenocissus quinquefolia,No
plant_images/10511.jpg,2,Elaeagnus umbellata,Yes
plant_images/27245.jpg,3,Asimina triloba,No
plant_images/19137.jpg,0,Ailanthus altissima,Yes
plant_images/5839.jpg,0,Ailanthus altissima,Yes
plant_images/22437.jpg,0,Ailanthus altissima,Yes
plant_images/27294.jpg,4,Rubus phoenicolasius,Yes
plant_images/13453.jpg,2,Elaeagnus umbellata,Yes
plant_images/1278.jpg,8,Hedera helix,Yes
plant_images/10584.jpg,0,Ailanthus altissima,Yes
plant_images/9164.jpg,6,Lonicera japonica,Yes
plant_images/2239.jpg,12,Alliaria petiolata,Yes
plant_images/4270.jpg,6,Lonicera japonica,Yes
plant_images/5679.jpg,8,Hedera helix,Yes
plant_images/21101.jpg,15,Packera aurea,No
plant_images/25363.jpg,10,Persicaria perfoliata,Yes
plant_images/27102.jpg,4,Rubus phoenicolasius,Yes
plant_images/16953.jpg,9,Parthenocissus quinquefolia,No
plant_images/15359.jpg,10,Persicaria perfoliata,Yes
plant_images/3339.jpg,3,Asimina triloba,No
plant_images/20406.jpg,2,Elaeagnus umbellata,Yes
plant_images/3314.jpg,0,Ailanthus altissima,Yes
plant_images/25709.jpg,6,Lonicera japonica,Yes
plant_images/14580.jpg,14,Ficaria verna,Yes
plant_images/14194.jpg,1,Rhus copallinum,No
plant_images/14385.jpg,5,Rubus occidentalis,No
plant_images/7856.jpg,6,Lonicera japonica,Yes
plant_images/3563.jpg,6,Lonicera japonica,Yes
plant_images/16410.jpg,9,Parthenocissus quinquefolia,No
plant_images/26768.jpg,4,Rubus phoenicolasius,Yes
plant_images/2356.jpg,4,Rubus phoenicolasius,Yes
plant_images/19226.jpg,7,Campsis radicans,No
plant_images/25483.jpg,6,Lonicera japonica,Yes
plant_images/47.jpg,15,Packera aurea,No
plant_images/17703.jpg,13,Geum canadense,No
plant_images/8123.jpg,7,Campsis radicans,No
plant_images/5172.jpg,2,Elaeagnus umbellata,Yes
plant_images/21358.jpg,12,Alliaria petiolata,Yes
plant_images/22087.jpg,9,Parthenocissus quinquefolia,No
plant_images/27383.jpg,6,Lonicera japonica,Yes
plant_images/14537.jpg,14,Ficaria verna,Yes
plant_images/19364.jpg,4,Rubus phoenicolasius,Yes
plant_images/7163.jpg,9,Parthenocissus quinquefolia,No
plant_images/16547.jpg,9,Parthenocissus quinquefolia,No
plant_images/15700.jpg,1,Rhus copallinum,No
plant_images/1374.jpg,8,Hedera helix,Yes
plant_images/26307.jpg,7,Campsis radicans,No
plant_images/15445.jpg,4,Rubus phoenicolasius,Yes
plant_images/10379.jpg,0,Ailanthus altissima,Yes
plant_images/14074.jpg,11,Persicaria sagittata,No
plant_images/14397.jpg,14,Ficaria verna,Yes
plant_images/4593.jpg,0,Ailanthus altissima,Yes
plant_images/20568.jpg,4,Rubus phoenicolasius,Yes
plant_images/8042.jpg,13,Geum canadense,No
plant_images/19888.jpg,6,Lonicera japonica,Yes
plant_images/14970.jpg,2,Elaeagnus umbellata,Yes
plant_images/25287.jpg,9,Parthenocissus quinquefolia,No
plant_images/17253.jpg,4,Rubus phoenicolasius,Yes
plant_images/8348.jpg,8,Hedera helix,Yes
plant_images/13755.jpg,7,Campsis radicans,No
plant_images/19672.jpg,4,Rubus phoenicolasius,Yes
plant_images/8160.jpg,3,Asimina triloba,No
plant_images/10733.jpg,6,Lonicera japonica,Yes
plant_images/4866.jpg,0,Ailanthus altissima,Yes
plant_images/15082.jpg,9,Parthenocissus quinquefolia,No
plant_images/24724.jpg,2,Elaeagnus umbellata,Yes
plant_images/4352.jpg,12,Alliaria petiolata,Yes
plant_images/6234.jpg,7,Campsis radicans,No
plant_images/3099.jpg,12,Alliaria petiolata,Yes
plant_images/24447.jpg,6,Lonicera japonica,Yes
plant_images/124.jpg,12,Alliaria petiolata,Yes
plant_images/5405.jpg,10,Persicaria perfoliata,Yes
plant_images/8682.jpg,7,Campsis radicans,No
plant_images/19774.jpg,15,Packera aurea,No
plant_images/7052.jpg,2,Elaeagnus umbellata,Yes
plant_images/16045.jpg,14,Ficaria verna,Yes
plant_images/12197.jpg,7,Campsis radicans,No
plant_images/26940.jpg,14,Ficaria verna,Yes
plant_images/23218.jpg,10,Persicaria perfoliata,Yes
plant_images/19191.jpg,4,Rubus phoenicolasius,Yes
plant_images/25645.jpg,12,Alliaria petiolata,Yes
plant_images/26609.jpg,3,Asimina triloba,No
plant_images/24332.jpg,2,Elaeagnus umbellata,Yes
plant_images/5102.jpg,1,Rhus copallinum,No
plant_images/11814.jpg,1,Rhus copallinum,No
plant_images/9146.jpg,14,Ficaria verna,Yes
plant_images/1637.jpg,12,Alliaria petiolata,Yes
plant_images/25130.jpg,9,Parthenocissus quinquefolia,No
plant_images/23385.jpg,6,Lonicera japonica,Yes
plant_images/19656.jpg,11,Persicaria sagittata,No
plant_images/16075.jpg,3,Asimina triloba,No
plant_images/26436.jpg,1,Rhus copallinum,No
plant_images/19291.jpg,0,Ailanthus altissima,Yes
plant_images/10147.jpg,3,Asimina triloba,No
plant_images/16006.jpg,14,Ficaria verna,Yes
plant_images/10237.jpg,0,Ailanthus altissima,Yes
plant_images/21223.jpg,7,Campsis radicans,No
plant_images/22522.jpg,9,Parthenocissus quinquefolia,No
plant_images/20044.jpg,12,Alliaria petiolata,Yes
plant_images/26156.jpg,13,Geum canadense,No
plant_images/6390.jpg,3,Asimina triloba,No
plant_images/10230.jpg,3,Asimina triloba,No
plant_images/7069.jpg,12,Alliaria petiolata,Yes
plant_images/3101.jpg,12,Alliaria petiolata,Yes
plant_images/21425.jpg,2,Elaeagnus umbellata,Yes
plant_images/11822.jpg,10,Persicaria perfoliata,Yes
plant_images/4626.jpg,7,Campsis radicans,No
plant_images/16180.jpg,3,Asimina triloba,No
plant_images/8358.jpg,1,Rhus copallinum,No
plant_images/15643.jpg,11,Persicaria sagittata,No
plant_images/9869.jpg,9,Parthenocissus quinquefolia,No
plant_images/17969.jpg,12,Alliaria petiolata,Yes
plant_images/15212.jpg,4,Rubus phoenicolasius,Yes
plant_images/18978.jpg,12,Alliaria petiolata,Yes
plant_images/18399.jpg,9,Parthenocissus quinquefolia,No
plant_images/6121.jpg,9,Parthenocissus quinquefolia,No
plant_images/25612.jpg,2,Elaeagnus umbellata,Yes
plant_images/8615.jpg,9,Parthenocissus quinquefolia,No
plant_images/10288.jpg,4,Rubus phoenicolasius,Yes
plant_images/22235.jpg,3,Asimina triloba,No
plant_images/14044.jpg,11,Persicaria sagittata,No
plant_images/17326.jpg,3,Asimina triloba,No
plant_images/26939.jpg,3,Asimina triloba,No
plant_images/24061.jpg,3,Asimina triloba,No
plant_images/734.jpg,0,Ailanthus altissima,Yes
plant_images/11445.jpg,9,Parthenocissus quinquefolia,No
plant_images/3264.jpg,0,Ailanthus altissima,Yes
plant_images/17752.jpg,8,Hedera helix,Yes
plant_images/17349.jpg,1,Rhus copallinum,No
plant_images/8235.jpg,13,Geum canadense,No
plant_images/25494.jpg,3,Asimina triloba,No
plant_images/6296.jpg,13,Geum canadense,No
plant_images/28140.jpg,9,Parthenocissus quinquefolia,No
plant_images/14356.jpg,6,Lonicera japonica,Yes
plant_images/17086.jpg,6,Lonicera japonica,Yes
plant_images/26698.jpg,0,Ailanthus altissima,Yes
plant_images/20794.jpg,0,Ailanthus altissima,Yes
plant_images/25428.jpg,2,Elaeagnus umbellata,Yes
plant_images/19207.jpg,6,Lonicera japonica,Yes
plant_images/8687.jpg,6,Lonicera japonica,Yes
plant_images/20656.jpg,3,Asimina triloba,No
plant_images/8997.jpg,14,Ficaria verna,Yes
plant_images/14474.jpg,14,Ficaria verna,Yes
plant_images/10178.jpg,6,Lonicera japonica,Yes
plant_images/4676.jpg,4,Rubus phoenicolasius,Yes
plant_images/18971.jpg,3,Asimina triloba,No
plant_images/14126.jpg,6,Lonicera japonica,Yes
plant_images/19767.jpg,12,Alliaria petiolata,Yes
plant_images/19499.jpg,7,Campsis radicans,No
plant_images/26655.jpg,3,Asimina triloba,No
plant_images/18186.jpg,3,Asimina triloba,No
plant_images/2511.jpg,9,Parthenocissus quinquefolia,No
plant_images/18087.jpg,8,Hedera helix,Yes
plant_images/18994.jpg,6,Lonicera japonica,Yes
plant_images/16713.jpg,6,Lonicera japonica,Yes
plant_images/25637.jpg,2,Elaeagnus umbellata,Yes
plant_images/4758.jpg,7,Campsis radicans,No
plant_images/18673.jpg,9,Parthenocissus quinquefolia,No
plant_images/752.jpg,6,Lonicera japonica,Yes
plant_images/14980.jpg,4,Rubus phoenicolasius,Yes
plant_images/20223.jpg,4,Rubus phoenicolasius,Yes
plant_images/17906.jpg,8,Hedera helix,Yes
plant_images/28254.jpg,13,Geum canadense,No
plant_images/9183.jpg,12,Alliaria petiolata,Yes
plant_images/21140.jpg,9,Parthenocissus quinquefolia,No
plant_images/7689.jpg,15,Packera aurea,No
plant_images/3821.jpg,7,Campsis radicans,No
plant_images/2634.jpg,4,Rubus phoenicolasius,Yes
plant_images/10137.jpg,12,Alliaria petiolata,Yes
plant_images/972.jpg,0,Ailanthus altissima,Yes
plant_images/5139.jpg,12,Alliaria petiolata,Yes
plant_images/19856.jpg,4,Rubus phoenicolasius,Yes
plant_images/5321.jpg,0,Ailanthus altissima,Yes
plant_images/15313.jpg,5,Rubus occidentalis,No
plant_images/819.jpg,14,Ficaria verna,Yes
plant_images/20741.jpg,10,Persicaria perfoliata,Yes
plant_images/6003.jpg,2,Elaeagnus umbellata,Yes
plant_images/15443.jpg,4,Rubus phoenicolasius,Yes
plant_images/25886.jpg,2,Elaeagnus umbellata,Yes
plant_images/13277.jpg,9,Parthenocissus quinquefolia,No
plant_images/19802.jpg,9,Parthenocissus quinquefolia,No
plant_images/25935.jpg,11,Persicaria sagittata,No
plant_images/2293.jpg,8,Hedera helix,Yes
plant_images/23661.jpg,12,Alliaria petiolata,Yes
plant_images/15767.jpg,4,Rubus phoenicolasius,Yes
plant_images/13264.jpg,9,Parthenocissus quinquefolia,No
plant_images/11236.jpg,4,Rubus phoenicolasius,Yes
plant_images/9024.jpg,14,Ficaria verna,Yes
plant_images/11793.jpg,6,Lonicera japonica,Yes
plant_images/11968.jpg,10,Persicaria perfoliata,Yes
plant_images/3360.jpg,0,Ailanthus altissima,Yes
plant_images/15774.jpg,2,Elaeagnus umbellata,Yes
plant_images/23539.jpg,2,Elaeagnus umbellata,Yes
plant_images/20314.jpg,7,Campsis radicans,No
plant_images/1114.jpg,12,Alliaria petiolata,Yes
plant_images/1512.jpg,8,Hedera helix,Yes
plant_images/20062.jpg,12,Alliaria petiolata,Yes
plant_images/1106.jpg,9,Parthenocissus quinquefolia,No
plant_images/275.jpg,9,Parthenocissus quinquefolia,No
plant_images/4054.jpg,15,Packera aurea,No
plant_images/26579.jpg,13,Geum canadense,No
plant_images/25149.jpg,6,Lonicera japonica,Yes
plant_images/12063.jpg,3,Asimina triloba,No
plant_images/13085.jpg,3,Asimina triloba,No
plant_images/22957.jpg,6,Lonicera japonica,Yes
plant_images/18419.jpg,7,Campsis radicans,No
plant_images/12443.jpg,6,Lonicera japonica,Yes
plant_images/5416.jpg,10,Persicaria perfoliata,Yes
plant_images/13324.jpg,6,Lonicera japonica,Yes
plant_images/3050.jpg,4,Rubus phoenicolasius,Yes
plant_images/6820.jpg,12,Alliaria petiolata,Yes
plant_images/21701.jpg,4,Rubus phoenicolasius,Yes
plant_images/27163.jpg,6,Lonicera japonica,Yes
plant_images/8271.jpg,13,Geum canadense,No
plant_images/20531.jpg,4,Rubus phoenicolasius,Yes
plant_images/17234.jpg,9,Parthenocissus quinquefolia,No
plant_images/19124.jpg,3,Asimina triloba,No
plant_images/730.jpg,4,Rubus phoenicolasius,Yes
plant_images/3390.jpg,10,Persicaria perfoliata,Yes
plant_images/8490.jpg,6,Lonicera japonica,Yes
plant_images/14360.jpg,3,Asimina triloba,No
plant_images/21266.jpg,3,Asimina triloba,No
plant_images/27529.jpg,8,Hedera helix,Yes
plant_images/17318.jpg,7,Campsis radicans,No
plant_images/19567.jpg,7,Campsis radicans,No
plant_images/26426.jpg,9,Parthenocissus quinquefolia,No
plant_images/10828.jpg,4,Rubus phoenicolasius,Yes
plant_images/18732.jpg,2,Elaeagnus umbellata,Yes
plant_images/16711.jpg,6,Lonicera japonica,Yes
plant_images/17250.jpg,12,Alliaria petiolata,Yes
plant_images/5289.jpg,7,Campsis radicans,No
plant_images/26958.jpg,4,Rubus phoenicolasius,Yes
plant_images/27250.jpg,4,Rubus phoenicolasius,Yes
plant_images/646.jpg,15,Packera aurea,No
plant_images/18972.jpg,4,Rubus phoenicolasius,Yes
plant_images/18621.jpg,14,Ficaria verna,Yes
plant_images/4266.jpg,4,Rubus phoenicolasius,Yes
plant_images/22092.jpg,3,Asimina triloba,No
plant_images/7673.jpg,3,Asimina triloba,No
plant_images/17472.jpg,3,Asimina triloba,No
plant_images/11554.jpg,9,Parthenocissus quinquefolia,No
plant_images/2093.jpg,12,Alliaria petiolata,Yes
plant_images/16716.jpg,7,Campsis radicans,No
plant_images/24725.jpg,2,Elaeagnus umbellata,Yes
plant_images/4800.jpg,12,Alliaria petiolata,Yes
plant_images/21046.jpg,3,Asimina triloba,No
plant_images/28123.jpg,6,Lonicera japonica,Yes
plant_images/8918.jpg,14,Ficaria verna,Yes
plant_images/9404.jpg,12,Alliaria petiolata,Yes
plant_images/8850.jpg,4,Rubus phoenicolasius,Yes
plant_images/9318.jpg,4,Rubus phoenicolasius,Yes
plant_images/12280.jpg,3,Asimina triloba,No
plant_images/23368.jpg,3,Asimina triloba,No
plant_images/25325.jpg,3,Asimina triloba,No
plant_images/160.jpg,14,Ficaria verna,Yes
plant_images/8862.jpg,2,Elaeagnus umbellata,Yes
plant_images/916.jpg,4,Rubus phoenicolasius,Yes
plant_images/13260.jpg,6,Lonicera japonica,Yes
plant_images/24694.jpg,2,Elaeagnus umbellata,Yes
plant_images/8737.jpg,3,Asimina triloba,No
plant_images/3688.jpg,3,Asimina triloba,No
plant_images/27415.jpg,3,Asimina triloba,No
plant_images/25937.jpg,10,Persicaria perfoliata,Yes
plant_images/18100.jpg,6,Lonicera japonica,Yes
plant_images/17890.jpg,14,Ficaria verna,Yes
plant_images/23408.jpg,10,Persicaria perfoliata,Yes
plant_images/14001.jpg,3,Asimina triloba,No
plant_images/17466.jpg,3,Asimina triloba,No
plant_images/1789.jpg,3,Asimina triloba,No
plant_images/1542.jpg,14,Ficaria verna,Yes
plant_images/5071.jpg,15,Packera aurea,No
plant_images/14437.jpg,14,Ficaria verna,Yes
plant_images/11417.jpg,9,Parthenocissus quinquefolia,No
plant_images/27859.jpg,3,Asimina triloba,No
plant_images/25465.jpg,6,Lonicera japonica,Yes
plant_images/25092.jpg,4,Rubus phoenicolasius,Yes
plant_images/4083.jpg,14,Ficaria verna,Yes
plant_images/16232.jpg,6,Lonicera japonica,Yes
plant_images/24449.jpg,4,Rubus phoenicolasius,Yes
plant_images/4637.jpg,4,Rubus phoenicolasius,Yes
plant_images/22458.jpg,3,Asimina triloba,No
plant_images/1939.jpg,9,Parthenocissus quinquefolia,No
plant_images/8265.jpg,3,Asimina triloba,No
plant_images/4245.jpg,3,Asimina triloba,No
plant_images/7090.jpg,6,Lonicera japonica,Yes
plant_images/14136.jpg,0,Ailanthus altissima,Yes
plant_images/17625.jpg,11,Persicaria sagittata,No
plant_images/285.jpg,12,Alliaria petiolata,Yes
plant_images/27948.jpg,0,Ailanthus altissima,Yes
plant_images/19280.jpg,7,Campsis radicans,No
plant_images/12467.jpg,10,Persicaria perfoliata,Yes
plant_images/6254.jpg,6,Lonicera japonica,Yes
plant_images/26810.jpg,12,Alliaria petiolata,Yes
plant_images/26737.jpg,2,Elaeagnus umbellata,Yes
plant_images/3847.jpg,3,Asimina triloba,No
plant_images/16250.jpg,12,Alliaria petiolata,Yes
plant_images/25357.jpg,10,Persicaria perfoliata,Yes
plant_images/5744.jpg,6,Lonicera japonica,Yes
plant_images/16972.jpg,9,Parthenocissus quinquefolia,No
plant_images/13045.jpg,12,Alliaria petiolata,Yes
plant_images/5695.jpg,6,Lonicera japonica,Yes
plant_images/20651.jpg,10,Persicaria perfoliata,Yes
plant_images/25204.jpg,0,Ailanthus altissima,Yes
plant_images/3301.jpg,4,Rubus phoenicolasius,Yes
plant_images/26549.jpg,6,Lonicera japonica,Yes
plant_images/17299.jpg,7,Campsis radicans,No
plant_images/6632.jpg,8,Hedera helix,Yes
plant_images/15064.jpg,7,Campsis radicans,No
plant_images/20201.jpg,9,Parthenocissus quinquefolia,No
plant_images/5057.jpg,13,Geum canadense,No
plant_images/15097.jpg,12,Alliaria petiolata,Yes
plant_images/9515.jpg,12,Alliaria petiolata,Yes
plant_images/18630.jpg,15,Packera aurea,No
plant_images/8161.jpg,9,Parthenocissus quinquefolia,No
plant_images/2735.jpg,9,Parthenocissus quinquefolia,No
plant_images/9080.jpg,14,Ficaria verna,Yes
plant_images/9516.jpg,12,Alliaria petiolata,Yes
plant_images/10794.jpg,8,Hedera helix,Yes
plant_images/10726.jpg,1,Rhus copallinum,No
plant_images/1867.jpg,4,Rubus phoenicolasius,Yes
plant_images/21183.jpg,7,Campsis radicans,No
plant_images/4925.jpg,8,Hedera helix,Yes
plant_images/17834.jpg,7,Campsis radicans,No
plant_images/2665.jpg,9,Parthenocissus quinquefolia,No
plant_images/15941.jpg,14,Ficaria verna,Yes
plant_images/24157.jpg,6,Lonicera japonica,Yes
plant_images/25388.jpg,1,Rhus copallinum,No
plant_images/12530.jpg,6,Lonicera japonica,Yes
plant_images/23609.jpg,12,Alliaria petiolata,Yes
plant_images/595.jpg,12,Alliaria petiolata,Yes
plant_images/16630.jpg,10,Persicaria perfoliata,Yes
plant_images/14121.jpg,0,Ailanthus altissima,Yes
plant_images/2775.jpg,9,Parthenocissus quinquefolia,No
plant_images/13542.jpg,4,Rubus phoenicolasius,Yes
plant_images/14865.jpg,14,Ficaria verna,Yes
plant_images/27839.jpg,10,Persicaria perfoliata,Yes
plant_images/10181.jpg,4,Rubus phoenicolasius,Yes
plant_images/6919.jpg,14,Ficaria verna,Yes
plant_images/351.jpg,9,Parthenocissus quinquefolia,No
plant_images/20347.jpg,7,Campsis radicans,No
plant_images/2216.jpg,12,Alliaria petiolata,Yes
plant_images/13522.jpg,8,Hedera helix,Yes
plant_images/15682.jpg,8,Hedera helix,Yes
plant_images/11586.jpg,9,Parthenocissus quinquefolia,No
plant_images/546.jpg,3,Asimina triloba,No
plant_images/1096.jpg,9,Parthenocissus quinquefolia,No
plant_images/18884.jpg,9,Parthenocissus quinquefolia,No
plant_images/5013.jpg,9,Parthenocissus quinquefolia,No
plant_images/1102.jpg,8,Hedera helix,Yes
plant_images/3959.jpg,9,Parthenocissus quinquefolia,No
plant_images/27370.jpg,3,Asimina triloba,No
plant_images/23500.jpg,7,Campsis radicans,No
plant_images/24963.jpg,2,Elaeagnus umbellata,Yes
plant_images/19790.jpg,4,Rubus phoenicolasius,Yes
plant_images/8334.jpg,4,Rubus phoenicolasius,Yes
plant_images/23150.jpg,4,Rubus phoenicolasius,Yes
plant_images/13826.jpg,7,Campsis radicans,No
plant_images/16374.jpg,9,Parthenocissus quinquefolia,No
plant_images/6077.jpg,12,Alliaria petiolata,Yes
plant_images/22362.jpg,2,Elaeagnus umbellata,Yes
plant_images/16128.jpg,15,Packera aurea,No
plant_images/7152.jpg,14,Ficaria verna,Yes
plant_images/8198.jpg,15,Packera aurea,No
plant_images/11260.jpg,9,Parthenocissus quinquefolia,No
plant_images/2462.jpg,8,Hedera helix,Yes
plant_images/1627.jpg,6,Lonicera japonica,Yes
plant_images/18404.jpg,13,Geum canadense,No
plant_images/5685.jpg,15,Packera aurea,No
plant_images/3061.jpg,9,Parthenocissus quinquefolia,No
plant_images/18432.jpg,12,Alliaria petiolata,Yes
plant_images/23154.jpg,10,Persicaria perfoliata,Yes
plant_images/9691.jpg,6,Lonicera japonica,Yes
plant_images/10320.jpg,8,Hedera helix,Yes
plant_images/10010.jpg,9,Parthenocissus quinquefolia,No
plant_images/26040.jpg,12,Alliaria petiolata,Yes
plant_images/16185.jpg,3,Asimina triloba,No
plant_images/20962.jpg,4,Rubus phoenicolasius,Yes
plant_images/13182.jpg,2,Elaeagnus umbellata,Yes
plant_images/19884.jpg,5,Rubus occidentalis,No
plant_images/847.jpg,14,Ficaria verna,Yes
plant_images/15597.jpg,6,Lonicera japonica,Yes
plant_images/16528.jpg,8,Hedera helix,Yes
plant_images/4769.jpg,8,Hedera helix,Yes
plant_images/4547.jpg,0,Ailanthus altissima,Yes
plant_images/7013.jpg,14,Ficaria verna,Yes
plant_images/26718.jpg,1,Rhus copallinum,No
plant_images/15175.jpg,6,Lonicera japonica,Yes
plant_images/6309.jpg,7,Campsis radicans,No
plant_images/10095.jpg,10,Persicaria perfoliata,Yes
plant_images/7813.jpg,0,Ailanthus altissima,Yes
plant_images/11041.jpg,14,Ficaria verna,Yes
plant_images/21133.jpg,4,Rubus phoenicolasius,Yes
plant_images/13709.jpg,3,Asimina triloba,No
plant_images/13830.jpg,6,Lonicera japonica,Yes
plant_images/1017.jpg,0,Ailanthus altissima,Yes
plant_images/27830.jpg,7,Campsis radicans,No
plant_images/10835.jpg,14,Ficaria verna,Yes
plant_images/12745.jpg,14,Ficaria verna,Yes
plant_images/21853.jpg,6,Lonicera japonica,Yes
plant_images/1834.jpg,10,Persicaria perfoliata,Yes
plant_images/16003.jpg,14,Ficaria verna,Yes
plant_images/18685.jpg,6,Lonicera japonica,Yes
plant_images/20180.jpg,9,Parthenocissus quinquefolia,No
plant_images/24441.jpg,2,Elaeagnus umbellata,Yes
plant_images/6598.jpg,2,Elaeagnus umbellata,Yes
plant_images/8276.jpg,1,Rhus copallinum,No
plant_images/11110.jpg,12,Alliaria petiolata,Yes
plant_images/17986.jpg,8,Hedera helix,Yes
plant_images/22709.jpg,9,Parthenocissus quinquefolia,No
plant_images/13562.jpg,0,Ailanthus altissima,Yes
plant_images/20154.jpg,12,Alliaria petiolata,Yes
plant_images/18779.jpg,2,Elaeagnus umbellata,Yes
plant_images/2062.jpg,12,Alliaria petiolata,Yes
plant_images/5462.jpg,8,Hedera helix,Yes
plant_images/28144.jpg,2,Elaeagnus umbellata,Yes
plant_images/11971.jpg,0,Ailanthus altissima,Yes
plant_images/15716.jpg,1,Rhus copallinum,No
plant_images/11320.jpg,9,Parthenocissus quinquefolia,No
plant_images/4804.jpg,12,Alliaria petiolata,Yes
plant_images/14205.jpg,9,Parthenocissus quinquefolia,No
plant_images/8287.jpg,0,Ailanthus altissima,Yes
plant_images/24321.jpg,12,Alliaria petiolata,Yes
plant_images/16804.jpg,6,Lonicera japonica,Yes
plant_images/7653.jpg,8,Hedera helix,Yes
plant_images/8846.jpg,14,Ficaria verna,Yes
plant_images/20182.jpg,4,Rubus phoenicolasius,Yes
plant_images/6686.jpg,14,Ficaria verna,Yes
plant_images/14759.jpg,3,Asimina triloba,No
plant_images/14373.jpg,6,Lonicera japonica,Yes
plant_images/16011.jpg,14,Ficaria verna,Yes
plant_images/18582.jpg,6,Lonicera japonica,Yes
plant_images/7784.jpg,6,Lonicera japonica,Yes
plant_images/10614.jpg,10,Persicaria perfoliata,Yes
plant_images/3442.jpg,12,Alliaria petiolata,Yes
plant_images/4445.jpg,9,Parthenocissus quinquefolia,No
plant_images/17833.jpg,7,Campsis radicans,No
plant_images/6316.jpg,4,Rubus phoenicolasius,Yes
plant_images/19204.jpg,12,Alliaria petiolata,Yes
plant_images/4294.jpg,12,Alliaria petiolata,Yes
plant_images/13995.jpg,6,Lonicera japonica,Yes
plant_images/27791.jpg,10,Persicaria perfoliata,Yes
plant_images/9401.jpg,12,Alliaria petiolata,Yes
plant_images/20637.jpg,4,Rubus phoenicolasius,Yes
plant_images/3476.jpg,14,Ficaria verna,Yes
plant_images/25677.jpg,3,Asimina triloba,No
plant_images/6580.jpg,3,Asimina triloba,No
plant_images/260.jpg,9,Parthenocissus quinquefolia,No
plant_images/19402.jpg,7,Campsis radicans,No
plant_images/25631.jpg,9,Parthenocissus quinquefolia,No
plant_images/8135.jpg,7,Campsis radicans,No
plant_images/12943.jpg,14,Ficaria verna,Yes
plant_images/21198.jpg,9,Parthenocissus quinquefolia,No
plant_images/25334.jpg,9,Parthenocissus quinquefolia,No
plant_images/1723.jpg,0,Ailanthus altissima,Yes
plant_images/14956.jpg,9,Parthenocissus quinquefolia,No
plant_images/11458.jpg,4,Rubus phoenicolasius,Yes
plant_images/27761.jpg,13,Geum canadense,No
plant_images/1577.jpg,12,Alliaria petiolata,Yes
plant_images/8807.jpg,4,Rubus phoenicolasius,Yes
plant_images/12353.jpg,8,Hedera helix,Yes
plant_images/25478.jpg,13,Geum canadense,No
plant_images/21368.jpg,6,Lonicera japonica,Yes
plant_images/6418.jpg,8,Hedera helix,Yes
plant_images/18408.jpg,2,Elaeagnus umbellata,Yes
plant_images/24491.jpg,7,Campsis radicans,No
plant_images/6379.jpg,3,Asimina triloba,No
plant_images/3415.jpg,15,Packera aurea,No
plant_images/11562.jpg,14,Ficaria verna,Yes
plant_images/3904.jpg,3,Asimina triloba,No
plant_images/25697.jpg,6,Lonicera japonica,Yes
plant_images/461.jpg,8,Hedera helix,Yes
plant_images/6607.jpg,0,Ailanthus altissima,Yes
plant_images/20518.jpg,5,Rubus occidentalis,No
plant_images/27442.jpg,14,Ficaria verna,Yes
plant_images/3286.jpg,7,Campsis radicans,No
plant_images/4184.jpg,9,Parthenocissus quinquefolia,No
plant_images/13282.jpg,4,Rubus phoenicolasius,Yes
plant_images/27204.jpg,5,Rubus occidentalis,No
plant_images/2970.jpg,3,Asimina triloba,No
plant_images/8882.jpg,8,Hedera helix,Yes
plant_images/22600.jpg,13,Geum canadense,No
plant_images/11913.jpg,4,Rubus phoenicolasius,Yes
plant_images/17736.jpg,13,Geum canadense,No
plant_images/16549.jpg,6,Lonicera japonica,Yes
plant_images/805.jpg,14,Ficaria verna,Yes
plant_images/21377.jpg,10,Persicaria perfoliata,Yes
plant_images/13552.jpg,11,Persicaria sagittata,No
plant_images/18515.jpg,9,Parthenocissus quinquefolia,No
plant_images/26114.jpg,6,Lonicera japonica,Yes
plant_images/2435.jpg,4,Rubus phoenicolasius,Yes
plant_images/21896.jpg,4,Rubus phoenicolasius,Yes
plant_images/11869.jpg,7,Campsis radicans,No
plant_images/9906.jpg,12,Alliaria petiolata,Yes
plant_images/9533.jpg,9,Parthenocissus quinquefolia,No
plant_images/20438.jpg,10,Persicaria perfoliata,Yes
plant_images/20837.jpg,2,Elaeagnus umbellata,Yes
plant_images/16793.jpg,9,Parthenocissus quinquefolia,No
plant_images/23239.jpg,10,Persicaria perfoliata,Yes
plant_images/18981.jpg,6,Lonicera japonica,Yes
plant_images/23151.jpg,3,Asimina triloba,No
plant_images/6848.jpg,12,Alliaria petiolata,Yes
plant_images/557.jpg,15,Packera aurea,No
plant_images/24244.jpg,6,Lonicera japonica,Yes
plant_images/8585.jpg,13,Geum canadense,No
plant_images/777.jpg,9,Parthenocissus quinquefolia,No
plant_images/25431.jpg,1,Rhus copallinum,No
plant_images/13940.jpg,8,Hedera helix,Yes
plant_images/25790.jpg,3,Asimina triloba,No
plant_images/17508.jpg,6,Lonicera japonica,Yes
plant_images/21210.jpg,4,Rubus phoenicolasius,Yes
plant_images/13934.jpg,0,Ailanthus altissima,Yes
plant_images/16070.jpg,12,Alliaria petiolata,Yes
plant_images/6904.jpg,14,Ficaria verna,Yes
plant_images/231.jpg,12,Alliaria petiolata,Yes
plant_images/4514.jpg,9,Parthenocissus quinquefolia,No
plant_images/5629.jpg,14,Ficaria verna,Yes
plant_images/4145.jpg,4,Rubus phoenicolasius,Yes
plant_images/22245.jpg,4,Rubus phoenicolasius,Yes
plant_images/3720.jpg,7,Campsis radicans,No
plant_images/22998.jpg,4,Rubus phoenicolasius,Yes
plant_images/5284.jpg,11,Persicaria sagittata,No
plant_images/26120.jpg,6,Lonicera japonica,Yes
plant_images/1293.jpg,3,Asimina triloba,No
plant_images/23198.jpg,9,Parthenocissus quinquefolia,No
plant_images/22568.jpg,4,Rubus phoenicolasius,Yes
plant_images/20576.jpg,12,Alliaria petiolata,Yes
plant_images/10611.jpg,2,Elaeagnus umbellata,Yes
plant_images/4686.jpg,4,Rubus phoenicolasius,Yes
plant_images/11270.jpg,4,Rubus phoenicolasius,Yes
plant_images/28130.jpg,9,Parthenocissus quinquefolia,No
plant_images/9508.jpg,2,Elaeagnus umbellata,Yes
plant_images/5552.jpg,14,Ficaria verna,Yes
plant_images/7707.jpg,0,Ailanthus altissima,Yes
plant_images/4671.jpg,0,Ailanthus altissima,Yes
plant_images/1369.jpg,3,Asimina triloba,No
plant_images/23160.jpg,4,Rubus phoenicolasius,Yes
plant_images/6433.jpg,2,Elaeagnus umbellata,Yes
plant_images/24137.jpg,6,Lonicera japonica,Yes
plant_images/9001.jpg,14,Ficaria verna,Yes
plant_images/14498.jpg,12,Alliaria petiolata,Yes
plant_images/5083.jpg,6,Lonicera japonica,Yes
plant_images/18528.jpg,2,Elaeagnus umbellata,Yes
plant_images/2832.jpg,12,Alliaria petiolata,Yes
plant_images/12949.jpg,15,Packera aurea,No
plant_images/9065.jpg,12,Alliaria petiolata,Yes
plant_images/22626.jpg,4,Rubus phoenicolasius,Yes
plant_images/11190.jpg,12,Alliaria petiolata,Yes
plant_images/21617.jpg,12,Alliaria petiolata,Yes
plant_images/3652.jpg,9,Parthenocissus quinquefolia,No
plant_images/18403.jpg,3,Asimina triloba,No
plant_images/22670.jpg,4,Rubus phoenicolasius,Yes
plant_images/12713.jpg,14,Ficaria verna,Yes
plant_images/20268.jpg,9,Parthenocissus quinquefolia,No
plant_images/11298.jpg,9,Parthenocissus quinquefolia,No
plant_images/22523.jpg,3,Asimina triloba,No
plant_images/5921.jpg,14,Ficaria verna,Yes
plant_images/26636.jpg,8,Hedera helix,Yes
plant_images/24943.jpg,2,Elaeagnus umbellata,Yes
plant_images/16570.jpg,15,Packera aurea,No
plant_images/9815.jpg,9,Parthenocissus quinquefolia,No
plant_images/21007.jpg,3,Asimina triloba,No
plant_images/2073.jpg,12,Alliaria petiolata,Yes
plant_images/9609.jpg,9,Parthenocissus quinquefolia,No
plant_images/11116.jpg,2,Elaeagnus umbellata,Yes
plant_images/20245.jpg,4,Rubus phoenicolasius,Yes
plant_images/21873.jpg,4,Rubus phoenicolasius,Yes
plant_images/13829.jpg,6,Lonicera japonica,Yes
plant_images/15949.jpg,14,Ficaria verna,Yes
plant_images/26297.jpg,7,Campsis radicans,No
plant_images/17498.jpg,9,Parthenocissus quinquefolia,No
plant_images/18936.jpg,4,Rubus phoenicolasius,Yes
plant_images/11802.jpg,2,Elaeagnus umbellata,Yes
plant_images/13894.jpg,7,Campsis radicans,No
plant_images/19380.jpg,9,Parthenocissus quinquefolia,No
plant_images/21833.jpg,2,Elaeagnus umbellata,Yes
plant_images/15644.jpg,0,Ailanthus altissima,Yes
plant_images/23127.jpg,6,Lonicera japonica,Yes
plant_images/15273.jpg,9,Parthenocissus quinquefolia,No
plant_images/12754.jpg,14,Ficaria verna,Yes
plant_images/21878.jpg,6,Lonicera japonica,Yes
plant_images/17403.jpg,10,Persicaria perfoliata,Yes
plant_images/19018.jpg,7,Campsis radicans,No
plant_images/6914.jpg,2,Elaeagnus umbellata,Yes
plant_images/1188.jpg,13,Geum canadense,No
plant_images/13365.jpg,15,Packera aurea,No
plant_images/25987.jpg,6,Lonicera japonica,Yes
plant_images/3835.jpg,0,Ailanthus altissima,Yes
plant_images/7378.jpg,8,Hedera helix,Yes
plant_images/5222.jpg,5,Rubus occidentalis,No
plant_images/12595.jpg,14,Ficaria verna,Yes
plant_images/13549.jpg,2,Elaeagnus umbellata,Yes
plant_images/25328.jpg,3,Asimina triloba,No
plant_images/25488.jpg,14,Ficaria verna,Yes
plant_images/4171.jpg,9,Parthenocissus quinquefolia,No
plant_images/666.jpg,12,Alliaria petiolata,Yes
plant_images/7924.jpg,7,Campsis radicans,No
plant_images/2024.jpg,15,Packera aurea,No
plant_images/26094.jpg,9,Parthenocissus quinquefolia,No
plant_images/2127.jpg,13,Geum canadense,No
plant_images/5317.jpg,0,Ailanthus altissima,Yes
plant_images/9608.jpg,14,Ficaria verna,Yes
plant_images/24392.jpg,6,Lonicera japonica,Yes
plant_images/19017.jpg,2,Elaeagnus umbellata,Yes
plant_images/24824.jpg,9,Parthenocissus quinquefolia,No
plant_images/21122.jpg,4,Rubus phoenicolasius,Yes
plant_images/9993.jpg,2,Elaeagnus umbellata,Yes
plant_images/8443.jpg,4,Rubus phoenicolasius,Yes
plant_images/7939.jpg,4,Rubus phoenicolasius,Yes
plant_images/6569.jpg,1,Rhus copallinum,No
plant_images/26965.jpg,14,Ficaria verna,Yes
plant_images/13924.jpg,14,Ficaria verna,Yes
plant_images/19039.jpg,3,Asimina triloba,No
plant_images/9301.jpg,12,Alliaria petiolata,Yes
plant_images/9808.jpg,6,Lonicera japonica,Yes
plant_images/28117.jpg,12,Alliaria petiolata,Yes
plant_images/984.jpg,9,Parthenocissus quinquefolia,No
plant_images/22760.jpg,6,Lonicera japonica,Yes
plant_images/2235.jpg,15,Packera aurea,No
plant_images/14026.jpg,1,Rhus copallinum,No
plant_images/5887.jpg,8,Hedera helix,Yes
plant_images/20625.jpg,12,Alliaria petiolata,Yes
plant_images/10607.jpg,8,Hedera helix,Yes
plant_images/6734.jpg,12,Alliaria petiolata,Yes
plant_images/655.jpg,8,Hedera helix,Yes
plant_images/6957.jpg,6,Lonicera japonica,Yes
plant_images/26758.jpg,0,Ailanthus altissima,Yes
plant_images/21078.jpg,6,Lonicera japonica,Yes
plant_images/2943.jpg,12,Alliaria petiolata,Yes
plant_images/475.jpg,12,Alliaria petiolata,Yes
plant_images/18499.jpg,15,Packera aurea,No
plant_images/11659.jpg,1,Rhus copallinum,No
plant_images/7332.jpg,2,Elaeagnus umbellata,Yes
plant_images/20442.jpg,3,Asimina triloba,No
plant_images/1022.jpg,8,Hedera helix,Yes
plant_images/22618.jpg,14,Ficaria verna,Yes
plant_images/20181.jpg,2,Elaeagnus umbellata,Yes
plant_images/6759.jpg,12,Alliaria petiolata,Yes
plant_images/25946.jpg,2,Elaeagnus umbellata,Yes
plant_images/16022.jpg,14,Ficaria verna,Yes
plant_images/87.jpg,9,Parthenocissus quinquefolia,No
plant_images/26034.jpg,14,Ficaria verna,Yes
plant_images/16623.jpg,15,Packera aurea,No
plant_images/14108.jpg,4,Rubus phoenicolasius,Yes
plant_images/14595.jpg,12,Alliaria petiolata,Yes
plant_images/9531.jpg,12,Alliaria petiolata,Yes
plant_images/3069.jpg,8,Hedera helix,Yes
plant_images/12718.jpg,14,Ficaria verna,Yes
plant_images/16255.jpg,12,Alliaria petiolata,Yes
plant_images/9821.jpg,14,Ficaria verna,Yes
plant_images/3155.jpg,14,Ficaria verna,Yes
plant_images/17645.jpg,2,Elaeagnus umbellata,Yes
plant_images/19038.jpg,12,Alliaria petiolata,Yes
plant_images/6410.jpg,1,Rhus copallinum,No
plant_images/4373.jpg,13,Geum canadense,No
plant_images/18425.jpg,9,Parthenocissus quinquefolia,No
plant_images/2662.jpg,13,Geum canadense,No
plant_images/17404.jpg,3,Asimina triloba,No
plant_images/27738.jpg,7,Campsis radicans,No
plant_images/4603.jpg,0,Ailanthus altissima,Yes
plant_images/12909.jpg,3,Asimina triloba,No
plant_images/20868.jpg,3,Asimina triloba,No
plant_images/14940.jpg,9,Parthenocissus quinquefolia,No
plant_images/22076.jpg,12,Alliaria petiolata,Yes
plant_images/5688.jpg,3,Asimina triloba,No
plant_images/9657.jpg,7,Campsis radicans,No
plant_images/23875.jpg,9,Parthenocissus quinquefolia,No
plant_images/1509.jpg,12,Alliaria petiolata,Yes
plant_images/24948.jpg,12,Alliaria petiolata,Yes
plant_images/12272.jpg,2,Elaeagnus umbellata,Yes
plant_images/14903.jpg,9,Parthenocissus quinquefolia,No
plant_images/15476.jpg,14,Ficaria verna,Yes
plant_images/5347.jpg,0,Ailanthus altissima,Yes
plant_images/25230.jpg,7,Campsis radicans,No
plant_images/14557.jpg,14,Ficaria verna,Yes
plant_images/5664.jpg,14,Ficaria verna,Yes
plant_images/3246.jpg,9,Parthenocissus quinquefolia,No
plant_images/1517.jpg,14,Ficaria verna,Yes
plant_images/23503.jpg,2,Elaeagnus umbellata,Yes
plant_images/23045.jpg,3,Asimina triloba,No
plant_images/3973.jpg,6,Lonicera japonica,Yes
plant_images/25966.jpg,1,Rhus copallinum,No
plant_images/11207.jpg,9,Parthenocissus quinquefolia,No
plant_images/17061.jpg,13,Geum canadense,No
plant_images/8771.jpg,2,Elaeagnus umbellata,Yes
plant_images/11513.jpg,13,Geum canadense,No
plant_images/13130.jpg,9,Parthenocissus quinquefolia,No
plant_images/9599.jpg,4,Rubus phoenicolasius,Yes
plant_images/16696.jpg,3,Asimina triloba,No
plant_images/7476.jpg,15,Packera aurea,No
plant_images/21316.jpg,2,Elaeagnus umbellata,Yes
plant_images/17974.jpg,6,Lonicera japonica,Yes
plant_images/2080.jpg,4,Rubus phoenicolasius,Yes
plant_images/852.jpg,12,Alliaria petiolata,Yes
plant_images/7145.jpg,4,Rubus phoenicolasius,Yes
plant_images/592.jpg,15,Packera aurea,No
plant_images/5023.jpg,9,Parthenocissus quinquefolia,No
plant_images/22022.jpg,15,Packera aurea,No
plant_images/25743.jpg,7,Campsis radicans,No
plant_images/9547.jpg,4,Rubus phoenicolasius,Yes
plant_images/25901.jpg,2,Elaeagnus umbellata,Yes
plant_images/13601.jpg,9,Parthenocissus quinquefolia,No
plant_images/9640.jpg,9,Parthenocissus quinquefolia,No
plant_images/12630.jpg,14,Ficaria verna,Yes
plant_images/23864.jpg,6,Lonicera japonica,Yes
plant_images/3312.jpg,0,Ailanthus altissima,Yes
plant_images/9803.jpg,10,Persicaria perfoliata,Yes
plant_images/4418.jpg,9,Parthenocissus quinquefolia,No
plant_images/23115.jpg,2,Elaeagnus umbellata,Yes
plant_images/25331.jpg,0,Ailanthus altissima,Yes
plant_images/17828.jpg,8,Hedera helix,Yes
plant_images/27462.jpg,6,Lonicera japonica,Yes
plant_images/13548.jpg,10,Persicaria perfoliata,Yes
plant_images/17987.jpg,14,Ficaria verna,Yes
plant_images/27144.jpg,4,Rubus phoenicolasius,Yes
plant_images/13766.jpg,5,Rubus occidentalis,No
plant_images/1792.jpg,4,Rubus phoenicolasius,Yes
plant_images/21861.jpg,1,Rhus copallinum,No
plant_images/1642.jpg,15,Packera aurea,No
plant_images/21549.jpg,6,Lonicera japonica,Yes
plant_images/24807.jpg,2,Elaeagnus umbellata,Yes
plant_images/10123.jpg,7,Campsis radicans,No
plant_images/25543.jpg,2,Elaeagnus umbellata,Yes
plant_images/14421.jpg,8,Hedera helix,Yes
plant_images/7882.jpg,6,Lonicera japonica,Yes
plant_images/20547.jpg,14,Ficaria verna,Yes
plant_images/7117.jpg,12,Alliaria petiolata,Yes
plant_images/8847.jpg,14,Ficaria verna,Yes
plant_images/14142.jpg,10,Persicaria perfoliata,Yes
plant_images/14890.jpg,3,Asimina triloba,No
plant_images/26555.jpg,9,Parthenocissus quinquefolia,No
plant_images/24411.jpg,2,Elaeagnus umbellata,Yes
plant_images/28221.jpg,4,Rubus phoenicolasius,Yes
plant_images/24230.jpg,2,Elaeagnus umbellata,Yes
plant_images/7353.jpg,8,Hedera helix,Yes
plant_images/22941.jpg,10,Persicaria perfoliata,Yes
plant_images/1287.jpg,4,Rubus phoenicolasius,Yes
plant_images/20869.jpg,9,Parthenocissus quinquefolia,No
plant_images/5658.jpg,14,Ficaria verna,Yes
plant_images/20661.jpg,0,Ailanthus altissima,Yes
plant_images/12981.jpg,3,Asimina triloba,No
plant_images/25085.jpg,8,Hedera helix,Yes
plant_images/13703.jpg,0,Ailanthus altissima,Yes
plant_images/24482.jpg,11,Persicaria sagittata,No
plant_images/20764.jpg,8,Hedera helix,Yes
plant_images/14617.jpg,14,Ficaria verna,Yes
plant_images/2698.jpg,12,Alliaria petiolata,Yes
plant_images/21381.jpg,4,Rubus phoenicolasius,Yes
plant_images/21389.jpg,10,Persicaria perfoliata,Yes
plant_images/7833.jpg,6,Lonicera japonica,Yes
plant_images/12915.jpg,12,Alliaria petiolata,Yes
plant_images/4924.jpg,4,Rubus phoenicolasius,Yes
plant_images/25892.jpg,3,Asimina triloba,No
plant_images/21374.jpg,1,Rhus copallinum,No
plant_images/21053.jpg,2,Elaeagnus umbellata,Yes
plant_images/20590.jpg,4,Rubus phoenicolasius,Yes
plant_images/21889.jpg,0,Ailanthus altissima,Yes
plant_images/24891.jpg,12,Alliaria petiolata,Yes
plant_images/24001.jpg,13,Geum canadense,No
plant_images/18967.jpg,12,Alliaria petiolata,Yes
plant_images/26467.jpg,3,Asimina triloba,No
plant_images/7437.jpg,6,Lonicera japonica,Yes
plant_images/26295.jpg,9,Parthenocissus quinquefolia,No
plant_images/563.jpg,8,Hedera helix,Yes
plant_images/4323.jpg,12,Alliaria petiolata,Yes
plant_images/10150.jpg,10,Persicaria perfoliata,Yes
plant_images/8299.jpg,9,Parthenocissus quinquefolia,No
plant_images/5886.jpg,9,Parthenocissus quinquefolia,No
plant_images/11255.jpg,15,Packera aurea,No
plant_images/8570.jpg,13,Geum canadense,No
plant_images/15634.jpg,6,Lonicera japonica,Yes
plant_images/7593.jpg,14,Ficaria verna,Yes
plant_images/1117.jpg,15,Packera aurea,No
plant_images/17363.jpg,8,Hedera helix,Yes
plant_images/4391.jpg,7,Campsis radicans,No
plant_images/10412.jpg,4,Rubus phoenicolasius,Yes
plant_images/16300.jpg,4,Rubus phoenicolasius,Yes
plant_images/14728.jpg,6,Lonicera japonica,Yes
plant_images/14609.jpg,2,Elaeagnus umbellata,Yes
plant_images/3703.jpg,0,Ailanthus altissima,Yes
plant_images/25103.jpg,12,Alliaria petiolata,Yes
plant_images/6299.jpg,4,Rubus phoenicolasius,Yes
plant_images/24262.jpg,4,Rubus phoenicolasius,Yes
plant_images/1709.jpg,3,Asimina triloba,No
plant_images/1682.jpg,9,Parthenocissus quinquefolia,No
plant_images/9977.jpg,9,Parthenocissus quinquefolia,No
plant_images/16442.jpg,6,Lonicera japonica,Yes
plant_images/12750.jpg,12,Alliaria petiolata,Yes
plant_images/10356.jpg,3,Asimina triloba,No
plant_images/27363.jpg,3,Asimina triloba,No
plant_images/14086.jpg,1,Rhus copallinum,No
plant_images/5579.jpg,8,Hedera helix,Yes
plant_images/7350.jpg,6,Lonicera japonica,Yes
plant_images/14191.jpg,6,Lonicera japonica,Yes
plant_images/4287.jpg,0,Ailanthus altissima,Yes
plant_images/23459.jpg,4,Rubus phoenicolasius,Yes
plant_images/27.jpg,10,Persicaria perfoliata,Yes
plant_images/7663.jpg,3,Asimina triloba,No
plant_images/14034.jpg,6,Lonicera japonica,Yes
plant_images/15727.jpg,3,Asimina triloba,No
plant_images/5227.jpg,4,Rubus phoenicolasius,Yes
plant_images/864.jpg,9,Parthenocissus quinquefolia,No
plant_images/4354.jpg,8,Hedera helix,Yes
plant_images/81.jpg,12,Alliaria petiolata,Yes
plant_images/18488.jpg,6,Lonicera japonica,Yes
plant_images/7491.jpg,14,Ficaria verna,Yes
plant_images/16159.jpg,15,Packera aurea,No
plant_images/23972.jpg,0,Ailanthus altissima,Yes
plant_images/26169.jpg,3,Asimina triloba,No
plant_images/26720.jpg,4,Rubus phoenicolasius,Yes
plant_images/5140.jpg,7,Campsis radicans,No
plant_images/14567.jpg,14,Ficaria verna,Yes
plant_images/10375.jpg,4,Rubus phoenicolasius,Yes
plant_images/27207.jpg,5,Rubus occidentalis,No
plant_images/2526.jpg,9,Parthenocissus quinquefolia,No
plant_images/27267.jpg,2,Elaeagnus umbellata,Yes
plant_images/8985.jpg,12,Alliaria petiolata,Yes
plant_images/9400.jpg,15,Packera aurea,No
plant_images/457.jpg,6,Lonicera japonica,Yes
plant_images/18826.jpg,2,Elaeagnus umbellata,Yes
plant_images/15447.jpg,12,Alliaria petiolata,Yes
plant_images/10783.jpg,2,Elaeagnus umbellata,Yes
plant_images/20895.jpg,4,Rubus phoenicolasius,Yes
plant_images/12543.jpg,14,Ficaria verna,Yes
plant_images/23724.jpg,9,Parthenocissus quinquefolia,No
plant_images/13993.jpg,11,Persicaria sagittata,No
plant_images/13471.jpg,1,Rhus copallinum,No
plant_images/2717.jpg,8,Hedera helix,Yes
plant_images/24710.jpg,2,Elaeagnus umbellata,Yes
plant_images/27918.jpg,8,Hedera helix,Yes
plant_images/1066.jpg,9,Parthenocissus quinquefolia,No
plant_images/10090.jpg,9,Parthenocissus quinquefolia,No
plant_images/8324.jpg,7,Campsis radicans,No
plant_images/8014.jpg,7,Campsis radicans,No
plant_images/21117.jpg,7,Campsis radicans,No
plant_images/18228.jpg,12,Alliaria petiolata,Yes
plant_images/13584.jpg,3,Asimina triloba,No
plant_images/10932.jpg,14,Ficaria verna,Yes
plant_images/26876.jpg,2,Elaeagnus umbellata,Yes
plant_images/24701.jpg,3,Asimina triloba,No
plant_images/14358.jpg,12,Alliaria petiolata,Yes
plant_images/373.jpg,6,Lonicera japonica,Yes
plant_images/10033.jpg,4,Rubus phoenicolasius,Yes
plant_images/1225.jpg,3,Asimina triloba,No
plant_images/4942.jpg,2,Elaeagnus umbellata,Yes
plant_images/20015.jpg,4,Rubus phoenicolasius,Yes
plant_images/22755.jpg,4,Rubus phoenicolasius,Yes
plant_images/2980.jpg,12,Alliaria petiolata,Yes
plant_images/15144.jpg,8,Hedera helix,Yes
plant_images/24896.jpg,2,Elaeagnus umbellata,Yes
plant_images/27911.jpg,1,Rhus copallinum,No
plant_images/8707.jpg,1,Rhus copallinum,No
plant_images/27110.jpg,6,Lonicera japonica,Yes
plant_images/20950.jpg,12,Alliaria petiolata,Yes
plant_images/10289.jpg,8,Hedera helix,Yes
plant_images/22944.jpg,6,Lonicera japonica,Yes
plant_images/2148.jpg,15,Packera aurea,No
plant_images/11153.jpg,2,Elaeagnus umbellata,Yes
plant_images/16677.jpg,7,Campsis radicans,No
plant_images/25188.jpg,0,Ailanthus altissima,Yes
plant_images/27898.jpg,3,Asimina triloba,No
plant_images/20634.jpg,3,Asimina triloba,No
plant_images/20638.jpg,12,Alliaria petiolata,Yes
plant_images/22208.jpg,6,Lonicera japonica,Yes
plant_images/6203.jpg,9,Parthenocissus quinquefolia,No
plant_images/5151.jpg,15,Packera aurea,No
plant_images/14036.jpg,8,Hedera helix,Yes
plant_images/12556.jpg,8,Hedera helix,Yes
plant_images/25177.jpg,13,Geum canadense,No
plant_images/11763.jpg,9,Parthenocissus quinquefolia,No
plant_images/15346.jpg,0,Ailanthus altissima,Yes
plant_images/17043.jpg,3,Asimina triloba,No
plant_images/389.jpg,0,Ailanthus altissima,Yes
plant_images/21677.jpg,9,Parthenocissus quinquefolia,No
plant_images/26183.jpg,2,Elaeagnus umbellata,Yes
plant_images/8783.jpg,6,Lonicera japonica,Yes
plant_images/23010.jpg,7,Campsis radicans,No
plant_images/5882.jpg,9,Parthenocissus quinquefolia,No
plant_images/19.jpg,3,Asimina triloba,No
plant_images/14270.jpg,6,Lonicera japonica,Yes
plant_images/14085.jpg,3,Asimina triloba,No
plant_images/7615.jpg,8,Hedera helix,Yes
plant_images/8555.jpg,9,Parthenocissus quinquefolia,No
plant_images/27007.jpg,8,Hedera helix,Yes
plant_images/21401.jpg,1,Rhus copallinum,No
plant_images/21303.jpg,2,Elaeagnus umbellata,Yes
plant_images/14.jpg,12,Alliaria petiolata,Yes
plant_images/16515.jpg,9,Parthenocissus quinquefolia,No
plant_images/24324.jpg,14,Ficaria verna,Yes
plant_images/5619.jpg,2,Elaeagnus umbellata,Yes
plant_images/9061.jpg,14,Ficaria verna,Yes
plant_images/10064.jpg,2,Elaeagnus umbellata,Yes
plant_images/26368.jpg,9,Parthenocissus quinquefolia,No
plant_images/12758.jpg,6,Lonicera japonica,Yes
plant_images/1804.jpg,8,Hedera helix,Yes
plant_images/4355.jpg,9,Parthenocissus quinquefolia,No
plant_images/18120.jpg,14,Ficaria verna,Yes
plant_images/1177.jpg,13,Geum canadense,No
plant_images/2405.jpg,14,Ficaria verna,Yes
plant_images/2381.jpg,13,Geum canadense,No
plant_images/18039.jpg,14,Ficaria verna,Yes
plant_images/15605.jpg,13,Geum canadense,No
plant_images/20813.jpg,0,Ailanthus altissima,Yes
plant_images/19468.jpg,12,Alliaria petiolata,Yes
plant_images/10888.jpg,14,Ficaria verna,Yes
plant_images/16.jpg,3,Asimina triloba,No
plant_images/4643.jpg,7,Campsis radicans,No
plant_images/10987.jpg,3,Asimina triloba,No
plant_images/7228.jpg,2,Elaeagnus umbellata,Yes
plant_images/10634.jpg,9,Parthenocissus quinquefolia,No
plant_images/8045.jpg,3,Asimina triloba,No
plant_images/15975.jpg,14,Ficaria verna,Yes
plant_images/22956.jpg,0,Ailanthus altissima,Yes
plant_images/15626.jpg,11,Persicaria sagittata,No
plant_images/19347.jpg,1,Rhus copallinum,No
plant_images/20727.jpg,2,Elaeagnus umbellata,Yes
plant_images/16809.jpg,6,Lonicera japonica,Yes
plant_images/20359.jpg,3,Asimina triloba,No
plant_images/3369.jpg,4,Rubus phoenicolasius,Yes
plant_images/3577.jpg,10,Persicaria perfoliata,Yes
plant_images/5958.jpg,6,Lonicera japonica,Yes
plant_images/18249.jpg,12,Alliaria petiolata,Yes
plant_images/23461.jpg,4,Rubus phoenicolasius,Yes
plant_images/19689.jpg,12,Alliaria petiolata,Yes
plant_images/13964.jpg,9,Parthenocissus quinquefolia,No
plant_images/28249.jpg,1,Rhus copallinum,No
plant_images/26179.jpg,12,Alliaria petiolata,Yes
plant_images/27510.jpg,12,Alliaria petiolata,Yes
plant_images/28305.jpg,1,Rhus copallinum,No
plant_images/11014.jpg,4,Rubus phoenicolasius,Yes
plant_images/2120.jpg,8,Hedera helix,Yes
plant_images/22966.jpg,13,Geum canadense,No
plant_images/27282.jpg,12,Alliaria petiolata,Yes
plant_images/442.jpg,8,Hedera helix,Yes
plant_images/17237.jpg,9,Parthenocissus quinquefolia,No
plant_images/18045.jpg,3,Asimina triloba,No
plant_images/26129.jpg,9,Parthenocissus quinquefolia,No
plant_images/21893.jpg,4,Rubus phoenicolasius,Yes
plant_images/42.jpg,8,Hedera helix,Yes
plant_images/6987.jpg,12,Alliaria petiolata,Yes
plant_images/16906.jpg,5,Rubus occidentalis,No
plant_images/10752.jpg,3,Asimina triloba,No
plant_images/4491.jpg,0,Ailanthus altissima,Yes
plant_images/22610.jpg,14,Ficaria verna,Yes
plant_images/19508.jpg,0,Ailanthus altissima,Yes
plant_images/8472.jpg,3,Asimina triloba,No
plant_images/21506.jpg,0,Ailanthus altissima,Yes
plant_images/18664.jpg,3,Asimina triloba,No
plant_images/11720.jpg,6,Lonicera japonica,Yes
plant_images/17294.jpg,1,Rhus copallinum,No
plant_images/27139.jpg,9,Parthenocissus quinquefolia,No
plant_images/23191.jpg,4,Rubus phoenicolasius,Yes
plant_images/4526.jpg,4,Rubus phoenicolasius,Yes
plant_images/27621.jpg,12,Alliaria petiolata,Yes
plant_images/7372.jpg,3,Asimina triloba,No
plant_images/9040.jpg,14,Ficaria verna,Yes
plant_images/11210.jpg,14,Ficaria verna,Yes
plant_images/8418.jpg,1,Rhus copallinum,No
plant_images/1533.jpg,14,Ficaria verna,Yes
plant_images/14445.jpg,14,Ficaria verna,Yes
plant_images/24768.jpg,9,Parthenocissus quinquefolia,No
plant_images/25856.jpg,1,Rhus copallinum,No
plant_images/21329.jpg,10,Persicaria perfoliata,Yes
plant_images/5669.jpg,12,Alliaria petiolata,Yes
plant_images/18757.jpg,15,Packera aurea,No
plant_images/18943.jpg,9,Parthenocissus quinquefolia,No
plant_images/4443.jpg,9,Parthenocissus quinquefolia,No
plant_images/13912.jpg,13,Geum canadense,No
plant_images/16349.jpg,12,Alliaria petiolata,Yes
plant_images/10563.jpg,0,Ailanthus altissima,Yes
plant_images/10710.jpg,3,Asimina triloba,No
plant_images/26563.jpg,5,Rubus occidentalis,No
plant_images/5477.jpg,0,Ailanthus altissima,Yes
plant_images/27828.jpg,0,Ailanthus altissima,Yes
plant_images/15617.jpg,10,Persicaria perfoliata,Yes
plant_images/25241.jpg,7,Campsis radicans,No
plant_images/16894.jpg,3,Asimina triloba,No
plant_images/2231.jpg,3,Asimina triloba,No
plant_images/12953.jpg,14,Ficaria verna,Yes
plant_images/16874.jpg,3,Asimina triloba,No
plant_images/9153.jpg,7,Campsis radicans,No
plant_images/23184.jpg,2,Elaeagnus umbellata,Yes
plant_images/3723.jpg,15,Packera aurea,No
plant_images/18533.jpg,8,Hedera helix,Yes
plant_images/19048.jpg,4,Rubus phoenicolasius,Yes
plant_images/14783.jpg,9,Parthenocissus quinquefolia,No
plant_images/5750.jpg,9,Parthenocissus quinquefolia,No
plant_images/17021.jpg,10,Persicaria perfoliata,Yes
plant_images/12341.jpg,1,Rhus copallinum,No
plant_images/3472.jpg,14,Ficaria verna,Yes
plant_images/13137.jpg,9,Parthenocissus quinquefolia,No
plant_images/15367.jpg,6,Lonicera japonica,Yes
plant_images/10894.jpg,14,Ficaria verna,Yes
plant_images/13254.jpg,9,Parthenocissus quinquefolia,No
plant_images/21723.jpg,4,Rubus phoenicolasius,Yes
plant_images/13410.jpg,2,Elaeagnus umbellata,Yes
plant_images/7835.jpg,6,Lonicera japonica,Yes
plant_images/19033.jpg,4,Rubus phoenicolasius,Yes
plant_images/20993.jpg,12,Alliaria petiolata,Yes
plant_images/4466.jpg,7,Campsis radicans,No
plant_images/17456.jpg,9,Parthenocissus quinquefolia,No
plant_images/27745.jpg,3,Asimina triloba,No
plant_images/3636.jpg,4,Rubus phoenicolasius,Yes
plant_images/24259.jpg,3,Asimina triloba,No
plant_images/20564.jpg,12,Alliaria petiolata,Yes
plant_images/2106.jpg,15,Packera aurea,No
plant_images/23372.jpg,4,Rubus phoenicolasius,Yes
plant_images/12583.jpg,14,Ficaria verna,Yes
plant_images/14458.jpg,14,Ficaria verna,Yes
plant_images/22181.jpg,10,Persicaria perfoliata,Yes
plant_images/5696.jpg,4,Rubus phoenicolasius,Yes
plant_images/23017.jpg,7,Campsis radicans,No
plant_images/3086.jpg,7,Campsis radicans,No
plant_images/5354.jpg,0,Ailanthus altissima,Yes
plant_images/7485.jpg,12,Alliaria petiolata,Yes
plant_images/1663.jpg,14,Ficaria verna,Yes
plant_images/24556.jpg,6,Lonicera japonica,Yes
plant_images/6441.jpg,11,Persicaria sagittata,No
plant_images/9213.jpg,15,Packera aurea,No
plant_images/10620.jpg,2,Elaeagnus umbellata,Yes
plant_images/8516.jpg,8,Hedera helix,Yes
plant_images/17754.jpg,8,Hedera helix,Yes
plant_images/21328.jpg,3,Asimina triloba,No
plant_images/5198.jpg,0,Ailanthus altissima,Yes
plant_images/17425.jpg,6,Lonicera japonica,Yes
plant_images/6206.jpg,4,Rubus phoenicolasius,Yes
plant_images/3420.jpg,12,Alliaria petiolata,Yes
plant_images/236.jpg,3,Asimina triloba,No
plant_images/7954.jpg,12,Alliaria petiolata,Yes
plant_images/26583.jpg,15,Packera aurea,No
plant_images/12573.jpg,8,Hedera helix,Yes
plant_images/3221.jpg,9,Parthenocissus quinquefolia,No
plant_images/4690.jpg,14,Ficaria verna,Yes
plant_images/25558.jpg,7,Campsis radicans,No
plant_images/21879.jpg,10,Persicaria perfoliata,Yes
plant_images/2945.jpg,12,Alliaria petiolata,Yes
plant_images/2682.jpg,4,Rubus phoenicolasius,Yes
plant_images/17166.jpg,7,Campsis radicans,No
plant_images/10003.jpg,10,Persicaria perfoliata,Yes
plant_images/11831.jpg,2,Elaeagnus umbellata,Yes
plant_images/3321.jpg,8,Hedera helix,Yes
plant_images/19053.jpg,4,Rubus phoenicolasius,Yes
plant_images/26601.jpg,3,Asimina triloba,No
plant_images/4388.jpg,0,Ailanthus altissima,Yes
plant_images/9781.jpg,4,Rubus phoenicolasius,Yes
plant_images/27047.jpg,9,Parthenocissus quinquefolia,No
plant_images/1029.jpg,12,Alliaria petiolata,Yes
plant_images/4656.jpg,0,Ailanthus altissima,Yes
plant_images/27230.jpg,6,Lonicera japonica,Yes
plant_images/27109.jpg,9,Parthenocissus quinquefolia,No
plant_images/4549.jpg,4,Rubus phoenicolasius,Yes
plant_images/19340.jpg,4,Rubus phoenicolasius,Yes
plant_images/9756.jpg,0,Ailanthus altissima,Yes
plant_images/5780.jpg,12,Alliaria petiolata,Yes
plant_images/2718.jpg,9,Parthenocissus quinquefolia,No
plant_images/18987.jpg,3,Asimina triloba,No
plant_images/26339.jpg,7,Campsis radicans,No
plant_images/25183.jpg,0,Ailanthus altissima,Yes
plant_images/15952.jpg,8,Hedera helix,Yes
plant_images/12392.jpg,10,Persicaria perfoliata,Yes
plant_images/21415.jpg,6,Lonicera japonica,Yes
plant_images/17898.jpg,14,Ficaria verna,Yes
plant_images/25337.jpg,10,Persicaria perfoliata,Yes
plant_images/3027.jpg,8,Hedera helix,Yes
plant_images/1909.jpg,0,Ailanthus altissima,Yes
plant_images/7895.jpg,9,Parthenocissus quinquefolia,No
plant_images/2979.jpg,4,Rubus phoenicolasius,Yes
plant_images/27417.jpg,6,Lonicera japonica,Yes
plant_images/6201.jpg,10,Persicaria perfoliata,Yes
plant_images/20685.jpg,3,Asimina triloba,No
plant_images/10536.jpg,0,Ailanthus altissima,Yes
plant_images/20941.jpg,8,Hedera helix,Yes
plant_images/5847.jpg,15,Packera aurea,No
plant_images/25364.jpg,8,Hedera helix,Yes
plant_images/23540.jpg,2,Elaeagnus umbellata,Yes
plant_images/7373.jpg,0,Ailanthus altissima,Yes
plant_images/3280.jpg,4,Rubus phoenicolasius,Yes
plant_images/18500.jpg,2,Elaeagnus umbellata,Yes
plant_images/4499.jpg,9,Parthenocissus quinquefolia,No
plant_images/27353.jpg,6,Lonicera japonica,Yes
plant_images/15726.jpg,1,Rhus copallinum,No
plant_images/13440.jpg,10,Persicaria perfoliata,Yes
plant_images/10931.jpg,12,Alliaria petiolata,Yes
plant_images/13707.jpg,0,Ailanthus altissima,Yes
plant_images/16797.jpg,4,Rubus phoenicolasius,Yes
plant_images/5436.jpg,8,Hedera helix,Yes
plant_images/61.jpg,12,Alliaria petiolata,Yes
plant_images/24417.jpg,9,Parthenocissus quinquefolia,No
plant_images/967.jpg,12,Alliaria petiolata,Yes
plant_images/23192.jpg,1,Rhus copallinum,No
plant_images/9003.jpg,14,Ficaria verna,Yes
plant_images/4153.jpg,9,Parthenocissus quinquefolia,No
plant_images/26332.jpg,9,Parthenocissus quinquefolia,No
plant_images/12173.jpg,7,Campsis radicans,No
plant_images/26086.jpg,2,Elaeagnus umbellata,Yes
plant_images/26799.jpg,3,Asimina triloba,No
plant_images/17847.jpg,12,Alliaria petiolata,Yes
plant_images/761.jpg,13,Geum canadense,No
plant_images/1898.jpg,4,Rubus phoenicolasius,Yes
plant_images/11142.jpg,14,Ficaria verna,Yes
plant_images/13541.jpg,12,Alliaria petiolata,Yes
plant_images/16938.jpg,6,Lonicera japonica,Yes
plant_images/5869.jpg,9,Parthenocissus quinquefolia,No
plant_images/12810.jpg,14,Ficaria verna,Yes
plant_images/3132.jpg,9,Parthenocissus quinquefolia,No
plant_images/12465.jpg,4,Rubus phoenicolasius,Yes
plant_images/24915.jpg,6,Lonicera japonica,Yes
plant_images/24450.jpg,12,Alliaria petiolata,Yes
plant_images/10262.jpg,3,Asimina triloba,No
plant_images/20155.jpg,4,Rubus phoenicolasius,Yes
plant_images/26443.jpg,9,Parthenocissus quinquefolia,No
plant_images/26925.jpg,8,Hedera helix,Yes
plant_images/9891.jpg,10,Persicaria perfoliata,Yes
plant_images/16855.jpg,6,Lonicera japonica,Yes
plant_images/26748.jpg,7,Campsis radicans,No
plant_images/10653.jpg,6,Lonicera japonica,Yes
plant_images/1902.jpg,4,Rubus phoenicolasius,Yes
plant_images/13366.jpg,9,Parthenocissus quinquefolia,No
plant_images/9454.jpg,4,Rubus phoenicolasius,Yes
plant_images/15422.jpg,3,Asimina triloba,No
plant_images/20270.jpg,6,Lonicera japonica,Yes
plant_images/27519.jpg,3,Asimina triloba,No
plant_images/17628.jpg,10,Persicaria perfoliata,Yes
plant_images/16452.jpg,8,Hedera helix,Yes
plant_images/1112.jpg,15,Packera aurea,No
plant_images/16099.jpg,3,Asimina triloba,No
plant_images/13729.jpg,9,Parthenocissus quinquefolia,No
plant_images/25210.jpg,10,Persicaria perfoliata,Yes
plant_images/3120.jpg,3,Asimina triloba,No
plant_images/19147.jpg,9,Parthenocissus quinquefolia,No
plant_images/12241.jpg,1,Rhus copallinum,No
plant_images/3010.jpg,15,Packera aurea,No
plant_images/4122.jpg,6,Lonicera japonica,Yes
plant_images/24178.jpg,3,Asimina triloba,No
plant_images/25842.jpg,11,Persicaria sagittata,No
plant_images/21070.jpg,0,Ailanthus altissima,Yes
plant_images/26294.jpg,7,Campsis radicans,No
plant_images/4.jpg,14,Ficaria verna,Yes
plant_images/4262.jpg,2,Elaeagnus umbellata,Yes
plant_images/22779.jpg,6,Lonicera japonica,Yes
plant_images/10740.jpg,11,Persicaria sagittata,No
plant_images/8668.jpg,1,Rhus copallinum,No
plant_images/24507.jpg,7,Campsis radicans,No
plant_images/22312.jpg,2,Elaeagnus umbellata,Yes
plant_images/3800.jpg,0,Ailanthus altissima,Yes
plant_images/27656.jpg,3,Asimina triloba,No
plant_images/22409.jpg,3,Asimina triloba,No
plant_images/18534.jpg,14,Ficaria verna,Yes
plant_images/1077.jpg,4,Rubus phoenicolasius,Yes
plant_images/25006.jpg,2,Elaeagnus umbellata,Yes
plant_images/5203.jpg,4,Rubus phoenicolasius,Yes
plant_images/13278.jpg,9,Parthenocissus quinquefolia,No
plant_images/12176.jpg,9,Parthenocissus quinquefolia,No
plant_images/11527.jpg,2,Elaeagnus umbellata,Yes
plant_images/10773.jpg,6,Lonicera japonica,Yes
plant_images/10347.jpg,7,Campsis radicans,No
plant_images/7759.jpg,7,Campsis radicans,No
plant_images/3678.jpg,4,Rubus phoenicolasius,Yes
plant_images/4166.jpg,3,Asimina triloba,No
plant_images/17982.jpg,14,Ficaria verna,Yes
plant_images/21936.jpg,3,Asimina triloba,No
plant_images/10718.jpg,12,Alliaria petiolata,Yes
plant_images/4629.jpg,7,Campsis radicans,No
plant_images/24249.jpg,6,Lonicera japonica,Yes
plant_images/1148.jpg,0,Ailanthus altissima,Yes
plant_images/7933.jpg,4,Rubus phoenicolasius,Yes
plant_images/20381.jpg,7,Campsis radicans,No
plant_images/19641.jpg,14,Ficaria verna,Yes
plant_images/16063.jpg,14,Ficaria verna,Yes
plant_images/341.jpg,6,Lonicera japonica,Yes
plant_images/24780.jpg,2,Elaeagnus umbellata,Yes
plant_images/17180.jpg,3,Asimina triloba,No
plant_images/25638.jpg,3,Asimina triloba,No
plant_images/23177.jpg,3,Asimina triloba,No
plant_images/3289.jpg,13,Geum canadense,No
plant_images/13923.jpg,9,Parthenocissus quinquefolia,No
plant_images/14819.jpg,12,Alliaria petiolata,Yes
plant_images/23629.jpg,12,Alliaria petiolata,Yes
plant_images/2134.jpg,8,Hedera helix,Yes
plant_images/11740.jpg,6,Lonicera japonica,Yes
plant_images/27304.jpg,7,Campsis radicans,No
plant_images/4777.jpg,13,Geum canadense,No
plant_images/8091.jpg,9,Parthenocissus quinquefolia,No
plant_images/17197.jpg,11,Persicaria sagittata,No
plant_images/11090.jpg,14,Ficaria verna,Yes
plant_images/21978.jpg,8,Hedera helix,Yes
plant_images/15185.jpg,4,Rubus phoenicolasius,Yes
plant_images/16657.jpg,9,Parthenocissus quinquefolia,No
plant_images/9383.jpg,12,Alliaria petiolata,Yes
plant_images/19255.jpg,6,Lonicera japonica,Yes
plant_images/17476.jpg,6,Lonicera japonica,Yes
plant_images/21212.jpg,10,Persicaria perfoliata,Yes
plant_images/9847.jpg,12,Alliaria petiolata,Yes
plant_images/5945.jpg,14,Ficaria verna,Yes
plant_images/26127.jpg,9,Parthenocissus quinquefolia,No
plant_images/6629.jpg,13,Geum canadense,No
plant_images/11538.jpg,12,Alliaria petiolata,Yes
plant_images/19970.jpg,12,Alliaria petiolata,Yes
plant_images/4707.jpg,6,Lonicera japonica,Yes
plant_images/12070.jpg,0,Ailanthus altissima,Yes
plant_images/2108.jpg,12,Alliaria petiolata,Yes
plant_images/10802.jpg,3,Asimina triloba,No
plant_images/25209.jpg,2,Elaeagnus umbellata,Yes
plant_images/10722.jpg,1,Rhus copallinum,No
plant_images/23141.jpg,4,Rubus phoenicolasius,Yes
plant_images/16865.jpg,0,Ailanthus altissima,Yes
plant_images/14424.jpg,13,Geum canadense,No
plant_images/8816.jpg,2,Elaeagnus umbellata,Yes
plant_images/13543.jpg,9,Parthenocissus quinquefolia,No
plant_images/8255.jpg,3,Asimina triloba,No
plant_images/26888.jpg,9,Parthenocissus quinquefolia,No
plant_images/15663.jpg,3,Asimina triloba,No
plant_images/28091.jpg,2,Elaeagnus umbellata,Yes
plant_images/14611.jpg,14,Ficaria verna,Yes
plant_images/15756.jpg,7,Campsis radicans,No
plant_images/13546.jpg,14,Ficaria verna,Yes
plant_images/22319.jpg,4,Rubus phoenicolasius,Yes
plant_images/23419.jpg,6,Lonicera japonica,Yes
plant_images/24775.jpg,0,Ailanthus altissima,Yes
plant_images/21043.jpg,6,Lonicera japonica,Yes
plant_images/19730.jpg,10,Persicaria perfoliata,Yes
plant_images/5631.jpg,14,Ficaria verna,Yes
plant_images/13698.jpg,0,Ailanthus altissima,Yes
plant_images/23513.jpg,4,Rubus phoenicolasius,Yes
plant_images/17085.jpg,0,Ailanthus altissima,Yes
plant_images/13109.jpg,14,Ficaria verna,Yes
plant_images/1747.jpg,8,Hedera helix,Yes
plant_images/18009.jpg,14,Ficaria verna,Yes
plant_images/14468.jpg,13,Geum canadense,No
plant_images/228.jpg,9,Parthenocissus quinquefolia,No
plant_images/25716.jpg,3,Asimina triloba,No
plant_images/19040.jpg,6,Lonicera japonica,Yes
plant_images/5147.jpg,3,Asimina triloba,No
plant_images/8186.jpg,2,Elaeagnus umbellata,Yes
plant_images/2254.jpg,4,Rubus phoenicolasius,Yes
plant_images/13370.jpg,2,Elaeagnus umbellata,Yes
plant_images/6346.jpg,3,Asimina triloba,No
plant_images/13725.jpg,14,Ficaria verna,Yes
plant_images/26841.jpg,1,Rhus copallinum,No
plant_images/22178.jpg,6,Lonicera japonica,Yes
plant_images/8576.jpg,2,Elaeagnus umbellata,Yes
plant_images/17229.jpg,2,Elaeagnus umbellata,Yes
plant_images/473.jpg,14,Ficaria verna,Yes
plant_images/12039.jpg,3,Asimina triloba,No
plant_images/28291.jpg,2,Elaeagnus umbellata,Yes
plant_images/14440.jpg,14,Ficaria verna,Yes
plant_images/10130.jpg,6,Lonicera japonica,Yes
plant_images/12379.jpg,2,Elaeagnus umbellata,Yes
plant_images/21275.jpg,10,Persicaria perfoliata,Yes
plant_images/18154.jpg,5,Rubus occidentalis,No
plant_images/14709.jpg,6,Lonicera japonica,Yes
plant_images/4140.jpg,15,Packera aurea,No
plant_images/25673.jpg,9,Parthenocissus quinquefolia,No
plant_images/24471.jpg,10,Persicaria perfoliata,Yes
plant_images/20573.jpg,2,Elaeagnus umbellata,Yes
plant_images/14392.jpg,9,Parthenocissus quinquefolia,No
plant_images/12338.jpg,6,Lonicera japonica,Yes
plant_images/9286.jpg,8,Hedera helix,Yes
plant_images/22176.jpg,6,Lonicera japonica,Yes
plant_images/26430.jpg,9,Parthenocissus quinquefolia,No
plant_images/3674.jpg,3,Asimina triloba,No
plant_images/26077.jpg,12,Alliaria petiolata,Yes
plant_images/15577.jpg,9,Parthenocissus quinquefolia,No
plant_images/2752.jpg,13,Geum canadense,No
plant_images/19614.jpg,3,Asimina triloba,No
plant_images/1422.jpg,8,Hedera helix,Yes
plant_images/12930.jpg,3,Asimina triloba,No
plant_images/2625.jpg,3,Asimina triloba,No
plant_images/21286.jpg,11,Persicaria sagittata,No
plant_images/10409.jpg,7,Campsis radicans,No
plant_images/15094.jpg,12,Alliaria petiolata,Yes
plant_images/17672.jpg,8,Hedera helix,Yes
plant_images/25473.jpg,4,Rubus phoenicolasius,Yes
plant_images/17346.jpg,10,Persicaria perfoliata,Yes
plant_images/26902.jpg,7,Campsis radicans,No
plant_images/12203.jpg,2,Elaeagnus umbellata,Yes
plant_images/4008.jpg,14,Ficaria verna,Yes
plant_images/24834.jpg,9,Parthenocissus quinquefolia,No
plant_images/1268.jpg,10,Persicaria perfoliata,Yes
plant_images/10551.jpg,3,Asimina triloba,No
plant_images/11605.jpg,12,Alliaria petiolata,Yes
plant_images/5694.jpg,12,Alliaria petiolata,Yes
plant_images/2186.jpg,0,Ailanthus altissima,Yes
plant_images/9316.jpg,4,Rubus phoenicolasius,Yes
plant_images/6646.jpg,6,Lonicera japonica,Yes
plant_images/23945.jpg,3,Asimina triloba,No
plant_images/21525.jpg,13,Geum canadense,No
plant_images/23606.jpg,4,Rubus phoenicolasius,Yes
plant_images/15161.jpg,9,Parthenocissus quinquefolia,No
plant_images/1640.jpg,12,Alliaria petiolata,Yes
plant_images/689.jpg,4,Rubus phoenicolasius,Yes
plant_images/14854.jpg,14,Ficaria verna,Yes
plant_images/26277.jpg,6,Lonicera japonica,Yes
plant_images/13525.jpg,14,Ficaria verna,Yes
plant_images/10546.jpg,2,Elaeagnus umbellata,Yes
plant_images/16851.jpg,9,Parthenocissus quinquefolia,No
plant_images/11943.jpg,0,Ailanthus altissima,Yes
plant_images/26358.jpg,10,Persicaria perfoliata,Yes
plant_images/3523.jpg,14,Ficaria verna,Yes
plant_images/19136.jpg,3,Asimina triloba,No
plant_images/3416.jpg,8,Hedera helix,Yes
plant_images/13255.jpg,9,Parthenocissus quinquefolia,No
plant_images/15954.jpg,14,Ficaria verna,Yes
plant_images/23373.jpg,7,Campsis radicans,No
plant_images/9331.jpg,12,Alliaria petiolata,Yes
plant_images/2667.jpg,13,Geum canadense,No
plant_images/19882.jpg,12,Alliaria petiolata,Yes
plant_images/9019.jpg,14,Ficaria verna,Yes
plant_images/24511.jpg,6,Lonicera japonica,Yes
plant_images/27732.jpg,4,Rubus phoenicolasius,Yes
plant_images/17562.jpg,10,Persicaria perfoliata,Yes
plant_images/20090.jpg,3,Asimina triloba,No
plant_images/21384.jpg,10,Persicaria perfoliata,Yes
plant_images/8822.jpg,6,Lonicera japonica,Yes
plant_images/1294.jpg,6,Lonicera japonica,Yes
plant_images/23142.jpg,0,Ailanthus altissima,Yes
plant_images/6958.jpg,4,Rubus phoenicolasius,Yes
plant_images/6542.jpg,1,Rhus copallinum,No
plant_images/25286.jpg,7,Campsis radicans,No
plant_images/21505.jpg,9,Parthenocissus quinquefolia,No
plant_images/545.jpg,3,Asimina triloba,No
plant_images/25950.jpg,1,Rhus copallinum,No
plant_images/4790.jpg,8,Hedera helix,Yes
plant_images/15327.jpg,4,Rubus phoenicolasius,Yes
plant_images/16786.jpg,6,Lonicera japonica,Yes
plant_images/189.jpg,4,Rubus phoenicolasius,Yes
plant_images/5870.jpg,12,Alliaria petiolata,Yes
plant_images/17416.jpg,2,Elaeagnus umbellata,Yes
plant_images/6283.jpg,7,Campsis radicans,No
plant_images/22650.jpg,0,Ailanthus altissima,Yes
plant_images/11825.jpg,10,Persicaria perfoliata,Yes
plant_images/11588.jpg,15,Packera aurea,No
plant_images/19396.jpg,9,Parthenocissus quinquefolia,No
plant_images/15703.jpg,6,Lonicera japonica,Yes
plant_images/20654.jpg,3,Asimina triloba,No
plant_images/13937.jpg,7,Campsis radicans,No
plant_images/10411.jpg,4,Rubus phoenicolasius,Yes
plant_images/27125.jpg,2,Elaeagnus umbellata,Yes
plant_images/1252.jpg,0,Ailanthus altissima,Yes
plant_images/18948.jpg,12,Alliaria petiolata,Yes
plant_images/1387.jpg,9,Parthenocissus quinquefolia,No
plant_images/15394.jpg,13,Geum canadense,No
plant_images/8946.jpg,12,Alliaria petiolata,Yes
plant_images/13379.jpg,9,Parthenocissus quinquefolia,No
plant_images/19982.jpg,6,Lonicera japonica,Yes
plant_images/13458.jpg,8,Hedera helix,Yes
plant_images/1436.jpg,4,Rubus phoenicolasius,Yes
plant_images/15919.jpg,14,Ficaria verna,Yes
plant_images/15810.jpg,7,Campsis radicans,No
plant_images/22658.jpg,0,Ailanthus altissima,Yes
plant_images/28311.jpg,1,Rhus copallinum,No
plant_images/1449.jpg,9,Parthenocissus quinquefolia,No
plant_images/14676.jpg,14,Ficaria verna,Yes
plant_images/7600.jpg,2,Elaeagnus umbellata,Yes
plant_images/12412.jpg,4,Rubus phoenicolasius,Yes
plant_images/2777.jpg,3,Asimina triloba,No
plant_images/2677.jpg,12,Alliaria petiolata,Yes
plant_images/26881.jpg,1,Rhus copallinum,No
plant_images/23635.jpg,14,Ficaria verna,Yes
plant_images/22370.jpg,1,Rhus copallinum,No
plant_images/6939.jpg,2,Elaeagnus umbellata,Yes
plant_images/26100.jpg,12,Alliaria petiolata,Yes
plant_images/11189.jpg,3,Asimina triloba,No
plant_images/19055.jpg,9,Parthenocissus quinquefolia,No
plant_images/27135.jpg,6,Lonicera japonica,Yes
plant_images/22733.jpg,6,Lonicera japonica,Yes
plant_images/20846.jpg,3,Asimina triloba,No
plant_images/14591.jpg,14,Ficaria verna,Yes
plant_images/28236.jpg,1,Rhus copallinum,No
plant_images/27801.jpg,4,Rubus phoenicolasius,Yes
plant_images/23093.jpg,3,Asimina triloba,No
plant_images/15278.jpg,6,Lonicera japonica,Yes
plant_images/27786.jpg,3,Asimina triloba,No
plant_images/327.jpg,12,Alliaria petiolata,Yes
plant_images/7957.jpg,6,Lonicera japonica,Yes
plant_images/18.jpg,12,Alliaria petiolata,Yes
plant_images/26074.jpg,3,Asimina triloba,No
plant_images/1544.jpg,8,Hedera helix,Yes
plant_images/25496.jpg,6,Lonicera japonica,Yes
plant_images/14127.jpg,1,Rhus copallinum,No
plant_images/3733.jpg,15,Packera aurea,No
plant_images/13988.jpg,1,Rhus copallinum,No
plant_images/346.jpg,8,Hedera helix,Yes
plant_images/18629.jpg,9,Parthenocissus quinquefolia,No
plant_images/27640.jpg,9,Parthenocissus quinquefolia,No
plant_images/6492.jpg,3,Asimina triloba,No
plant_images/7027.jpg,12,Alliaria petiolata,Yes
plant_images/18130.jpg,9,Parthenocissus quinquefolia,No
plant_images/17706.jpg,4,Rubus phoenicolasius,Yes
plant_images/12211.jpg,7,Campsis radicans,No
plant_images/18179.jpg,15,Packera aurea,No
plant_images/6293.jpg,14,Ficaria verna,Yes
plant_images/7985.jpg,9,Parthenocissus quinquefolia,No
plant_images/27772.jpg,6,Lonicera japonica,Yes
plant_images/14024.jpg,7,Campsis radicans,No
plant_images/3779.jpg,8,Hedera helix,Yes
plant_images/22783.jpg,2,Elaeagnus umbellata,Yes
plant_images/14198.jpg,3,Asimina triloba,No
plant_images/10332.jpg,7,Campsis radicans,No
plant_images/28071.jpg,9,Parthenocissus quinquefolia,No
plant_images/24558.jpg,1,Rhus copallinum,No
plant_images/7908.jpg,6,Lonicera japonica,Yes
plant_images/17720.jpg,12,Alliaria petiolata,Yes
plant_images/18763.jpg,14,Ficaria verna,Yes
plant_images/5883.jpg,3,Asimina triloba,No
plant_images/913.jpg,9,Parthenocissus quinquefolia,No
plant_images/28272.jpg,14,Ficaria verna,Yes
plant_images/4787.jpg,12,Alliaria petiolata,Yes
plant_images/1324.jpg,9,Parthenocissus quinquefolia,No
plant_images/11550.jpg,8,Hedera helix,Yes
plant_images/1771.jpg,3,Asimina triloba,No
plant_images/18835.jpg,12,Alliaria petiolata,Yes
plant_images/13484.jpg,7,Campsis radicans,No
plant_images/20064.jpg,12,Alliaria petiolata,Yes
plant_images/2981.jpg,12,Alliaria petiolata,Yes
plant_images/6.jpg,12,Alliaria petiolata,Yes
plant_images/20261.jpg,2,Elaeagnus umbellata,Yes
plant_images/27373.jpg,0,Ailanthus altissima,Yes
plant_images/24941.jpg,12,Alliaria petiolata,Yes
plant_images/356.jpg,9,Parthenocissus quinquefolia,No
plant_images/13160.jpg,8,Hedera helix,Yes
plant_images/19188.jpg,4,Rubus phoenicolasius,Yes
plant_images/2987.jpg,12,Alliaria petiolata,Yes
plant_images/10103.jpg,4,Rubus phoenicolasius,Yes
plant_images/4478.jpg,0,Ailanthus altissima,Yes
plant_images/27209.jpg,3,Asimina triloba,No
plant_images/13421.jpg,6,Lonicera japonica,Yes
plant_images/1310.jpg,3,Asimina triloba,No
plant_images/15136.jpg,2,Elaeagnus umbellata,Yes
plant_images/1318.jpg,9,Parthenocissus quinquefolia,No
plant_images/13865.jpg,10,Persicaria perfoliata,Yes
plant_images/4393.jpg,6,Lonicera japonica,Yes
plant_images/24970.jpg,15,Packera aurea,No
plant_images/27995.jpg,14,Ficaria verna,Yes
plant_images/27092.jpg,6,Lonicera japonica,Yes
plant_images/8598.jpg,8,Hedera helix,Yes
plant_images/4482.jpg,4,Rubus phoenicolasius,Yes
plant_images/21524.jpg,2,Elaeagnus umbellata,Yes
plant_images/8112.jpg,1,Rhus copallinum,No
plant_images/27433.jpg,6,Lonicera japonica,Yes
plant_images/12683.jpg,14,Ficaria verna,Yes
plant_images/14750.jpg,12,Alliaria petiolata,Yes
plant_images/25467.jpg,6,Lonicera japonica,Yes
plant_images/7904.jpg,13,Geum canadense,No
plant_images/23383.jpg,9,Parthenocissus quinquefolia,No
plant_images/24633.jpg,2,Elaeagnus umbellata,Yes
plant_images/5884.jpg,2,Elaeagnus umbellata,Yes
plant_images/24754.jpg,3,Asimina triloba,No
plant_images/19908.jpg,0,Ailanthus altissima,Yes
plant_images/11220.jpg,4,Rubus phoenicolasius,Yes
plant_images/25044.jpg,9,Parthenocissus quinquefolia,No
plant_images/5848.jpg,15,Packera aurea,No
plant_images/22869.jpg,6,Lonicera japonica,Yes
plant_images/11019.jpg,12,Alliaria petiolata,Yes
plant_images/27545.jpg,2,Elaeagnus umbellata,Yes
plant_images/11755.jpg,9,Parthenocissus quinquefolia,No
plant_images/794.jpg,4,Rubus phoenicolasius,Yes
plant_images/5024.jpg,4,Rubus phoenicolasius,Yes
plant_images/9594.jpg,15,Packera aurea,No
plant_images/16350.jpg,2,Elaeagnus umbellata,Yes
plant_images/22785.jpg,9,Parthenocissus quinquefolia,No
plant_images/21025.jpg,12,Alliaria petiolata,Yes
plant_images/15953.jpg,14,Ficaria verna,Yes
plant_images/16501.jpg,9,Parthenocissus quinquefolia,No
plant_images/26804.jpg,9,Parthenocissus quinquefolia,No
plant_images/1962.jpg,8,Hedera helix,Yes
plant_images/19616.jpg,0,Ailanthus altissima,Yes
plant_images/20290.jpg,9,Parthenocissus quinquefolia,No
plant_images/3389.jpg,4,Rubus phoenicolasius,Yes
plant_images/19932.jpg,13,Geum canadense,No
plant_images/5564.jpg,14,Ficaria verna,Yes
plant_images/25606.jpg,9,Parthenocissus quinquefolia,No
plant_images/19811.jpg,0,Ailanthus altissima,Yes
plant_images/9354.jpg,12,Alliaria petiolata,Yes
plant_images/15693.jpg,7,Campsis radicans,No
plant_images/17045.jpg,1,Rhus copallinum,No
plant_images/24538.jpg,1,Rhus copallinum,No
plant_images/21851.jpg,2,Elaeagnus umbellata,Yes
plant_images/17863.jpg,3,Asimina triloba,No
plant_images/22592.jpg,6,Lonicera japonica,Yes
plant_images/18472.jpg,7,Campsis radicans,No
plant_images/10666.jpg,15,Packera aurea,No
plant_images/18655.jpg,8,Hedera helix,Yes
plant_images/16324.jpg,9,Parthenocissus quinquefolia,No
plant_images/11475.jpg,8,Hedera helix,Yes
plant_images/27727.jpg,3,Asimina triloba,No
plant_images/2278.jpg,0,Ailanthus altissima,Yes
plant_images/24000.jpg,8,Hedera helix,Yes
plant_images/1378.jpg,9,Parthenocissus quinquefolia,No
plant_images/9792.jpg,4,Rubus phoenicolasius,Yes
plant_images/22751.jpg,6,Lonicera japonica,Yes
plant_images/13812.jpg,7,Campsis radicans,No
plant_images/17302.jpg,1,Rhus copallinum,No
plant_images/27184.jpg,0,Ailanthus altissima,Yes
plant_images/2623.jpg,14,Ficaria verna,Yes
plant_images/14064.jpg,1,Rhus copallinum,No
plant_images/19667.jpg,12,Alliaria petiolata,Yes
plant_images/12885.jpg,14,Ficaria verna,Yes
plant_images/10506.jpg,10,Persicaria perfoliata,Yes
plant_images/25114.jpg,4,Rubus phoenicolasius,Yes
plant_images/2056.jpg,12,Alliaria petiolata,Yes
plant_images/2286.jpg,4,Rubus phoenicolasius,Yes
plant_images/22268.jpg,1,Rhus copallinum,No
plant_images/21333.jpg,10,Persicaria perfoliata,Yes
plant_images/9541.jpg,15,Packera aurea,No
plant_images/9191.jpg,14,Ficaria verna,Yes
plant_images/19183.jpg,11,Persicaria sagittata,No
plant_images/1394.jpg,10,Persicaria perfoliata,Yes
plant_images/2880.jpg,6,Lonicera japonica,Yes
plant_images/4086.jpg,12,Alliaria petiolata,Yes
plant_images/18174.jpg,3,Asimina triloba,No
plant_images/2479.jpg,9,Parthenocissus quinquefolia,No
plant_images/9096.jpg,12,Alliaria petiolata,Yes
plant_images/4070.jpg,14,Ficaria verna,Yes
plant_images/14107.jpg,11,Persicaria sagittata,No
plant_images/16340.jpg,6,Lonicera japonica,Yes
plant_images/6345.jpg,1,Rhus copallinum,No
plant_images/27853.jpg,3,Asimina triloba,No
plant_images/10649.jpg,9,Parthenocissus quinquefolia,No
plant_images/6727.jpg,12,Alliaria petiolata,Yes
plant_images/14561.jpg,14,Ficaria verna,Yes
plant_images/10822.jpg,8,Hedera helix,Yes
plant_images/2497.jpg,12,Alliaria petiolata,Yes
plant_images/16669.jpg,0,Ailanthus altissima,Yes
plant_images/17825.jpg,0,Ailanthus altissima,Yes
plant_images/22997.jpg,2,Elaeagnus umbellata,Yes
plant_images/18548.jpg,12,Alliaria petiolata,Yes
plant_images/5120.jpg,2,Elaeagnus umbellata,Yes
plant_images/27226.jpg,6,Lonicera japonica,Yes
plant_images/10468.jpg,3,Asimina triloba,No
plant_images/10765.jpg,12,Alliaria petiolata,Yes
plant_images/21423.jpg,10,Persicaria perfoliata,Yes
plant_images/366.jpg,2,Elaeagnus umbellata,Yes
plant_images/12291.jpg,0,Ailanthus altissima,Yes
plant_images/5773.jpg,3,Asimina triloba,No
plant_images/19573.jpg,9,Parthenocissus quinquefolia,No
plant_images/23321.jpg,2,Elaeagnus umbellata,Yes
plant_images/4700.jpg,1,Rhus copallinum,No
plant_images/6911.jpg,12,Alliaria petiolata,Yes
plant_images/23977.jpg,0,Ailanthus altissima,Yes
plant_images/16016.jpg,14,Ficaria verna,Yes
plant_images/27237.jpg,0,Ailanthus altissima,Yes
plant_images/12609.jpg,14,Ficaria verna,Yes
plant_images/21612.jpg,3,Asimina triloba,No
plant_images/24342.jpg,2,Elaeagnus umbellata,Yes
plant_images/20092.jpg,15,Packera aurea,No
plant_images/27042.jpg,2,Elaeagnus umbellata,Yes
plant_images/7058.jpg,9,Parthenocissus quinquefolia,No
plant_images/14332.jpg,8,Hedera helix,Yes
plant_images/28021.jpg,8,Hedera helix,Yes
plant_images/6779.jpg,12,Alliaria petiolata,Yes
plant_images/20199.jpg,3,Asimina triloba,No
plant_images/20197.jpg,15,Packera aurea,No
plant_images/19096.jpg,6,Lonicera japonica,Yes
plant_images/25081.jpg,6,Lonicera japonica,Yes
plant_images/6288.jpg,4,Rubus phoenicolasius,Yes
plant_images/10448.jpg,9,Parthenocissus quinquefolia,No
plant_images/22487.jpg,10,Persicaria perfoliata,Yes
plant_images/21111.jpg,2,Elaeagnus umbellata,Yes
plant_images/16380.jpg,2,Elaeagnus umbellata,Yes
plant_images/2580.jpg,0,Ailanthus altissima,Yes
plant_images/8281.jpg,13,Geum canadense,No
plant_images/3574.jpg,14,Ficaria verna,Yes
plant_images/28317.jpg,1,Rhus copallinum,No
plant_images/187.jpg,9,Parthenocissus quinquefolia,No
plant_images/12632.jpg,14,Ficaria verna,Yes
plant_images/1347.jpg,7,Campsis radicans,No
plant_images/15287.jpg,15,Packera aurea,No
plant_images/6371.jpg,9,Parthenocissus quinquefolia,No
plant_images/3196.jpg,8,Hedera helix,Yes
plant_images/28033.jpg,6,Lonicera japonica,Yes
plant_images/10086.jpg,3,Asimina triloba,No
plant_images/5753.jpg,15,Packera aurea,No
plant_images/26499.jpg,14,Ficaria verna,Yes
plant_images/17962.jpg,14,Ficaria verna,Yes
plant_images/22713.jpg,2,Elaeagnus umbellata,Yes
plant_images/23559.jpg,10,Persicaria perfoliata,Yes
plant_images/26820.jpg,2,Elaeagnus umbellata,Yes
plant_images/16120.jpg,12,Alliaria petiolata,Yes
plant_images/7444.jpg,6,Lonicera japonica,Yes
plant_images/27477.jpg,12,Alliaria petiolata,Yes
plant_images/11743.jpg,0,Ailanthus altissima,Yes
plant_images/23106.jpg,7,Campsis radicans,No
plant_images/738.jpg,6,Lonicera japonica,Yes
plant_images/12434.jpg,1,Rhus copallinum,No
plant_images/863.jpg,14,Ficaria verna,Yes
plant_images/26419.jpg,4,Rubus phoenicolasius,Yes
plant_images/24901.jpg,6,Lonicera japonica,Yes
plant_images/23438.jpg,3,Asimina triloba,No
plant_images/2610.jpg,4,Rubus phoenicolasius,Yes
plant_images/20660.jpg,9,Parthenocissus quinquefolia,No
plant_images/7029.jpg,9,Parthenocissus quinquefolia,No
plant_images/9093.jpg,14,Ficaria verna,Yes
plant_images/15945.jpg,14,Ficaria verna,Yes
plant_images/25154.jpg,1,Rhus copallinum,No
plant_images/16819.jpg,8,Hedera helix,Yes
plant_images/11293.jpg,12,Alliaria petiolata,Yes
plant_images/23884.jpg,0,Ailanthus altissima,Yes
plant_images/4968.jpg,12,Alliaria petiolata,Yes
plant_images/10195.jpg,10,Persicaria perfoliata,Yes
plant_images/18503.jpg,9,Parthenocissus quinquefolia,No
plant_images/23066.jpg,2,Elaeagnus umbellata,Yes
plant_images/23040.jpg,1,Rhus copallinum,No
plant_images/4049.jpg,14,Ficaria verna,Yes
plant_images/25030.jpg,2,Elaeagnus umbellata,Yes
plant_images/12328.jpg,9,Parthenocissus quinquefolia,No
plant_images/23475.jpg,3,Asimina triloba,No
plant_images/21714.jpg,6,Lonicera japonica,Yes
plant_images/8934.jpg,8,Hedera helix,Yes
plant_images/9719.jpg,6,Lonicera japonica,Yes
plant_images/11746.jpg,3,Asimina triloba,No
plant_images/8728.jpg,9,Parthenocissus quinquefolia,No
plant_images/17614.jpg,3,Asimina triloba,No
plant_images/11742.jpg,0,Ailanthus altissima,Yes
plant_images/24380.jpg,12,Alliaria petiolata,Yes
plant_images/19019.jpg,10,Persicaria perfoliata,Yes
plant_images/11421.jpg,15,Packera aurea,No
plant_images/4193.jpg,9,Parthenocissus quinquefolia,No
plant_images/20759.jpg,7,Campsis radicans,No
plant_images/23314.jpg,7,Campsis radicans,No
plant_images/5469.jpg,8,Hedera helix,Yes
plant_images/19245.jpg,8,Hedera helix,Yes
plant_images/25233.jpg,0,Ailanthus altissima,Yes
plant_images/5129.jpg,15,Packera aurea,No
plant_images/2026.jpg,14,Ficaria verna,Yes
plant_images/16801.jpg,0,Ailanthus altissima,Yes
plant_images/20540.jpg,6,Lonicera japonica,Yes
plant_images/183.jpg,4,Rubus phoenicolasius,Yes
plant_images/27030.jpg,3,Asimina triloba,No
plant_images/18520.jpg,12,Alliaria petiolata,Yes
plant_images/1332.jpg,7,Campsis radicans,No
plant_images/1573.jpg,4,Rubus phoenicolasius,Yes
plant_images/24151.jpg,3,Asimina triloba,No
plant_images/25203.jpg,7,Campsis radicans,No
plant_images/924.jpg,9,Parthenocissus quinquefolia,No
plant_images/9102.jpg,14,Ficaria verna,Yes
plant_images/8462.jpg,3,Asimina triloba,No
plant_images/23856.jpg,2,Elaeagnus umbellata,Yes
plant_images/5643.jpg,14,Ficaria verna,Yes
plant_images/25741.jpg,2,Elaeagnus umbellata,Yes
plant_images/20687.jpg,9,Parthenocissus quinquefolia,No
plant_images/27855.jpg,9,Parthenocissus quinquefolia,No
plant_images/27424.jpg,4,Rubus phoenicolasius,Yes
plant_images/22772.jpg,6,Lonicera japonica,Yes
plant_images/1051.jpg,12,Alliaria petiolata,Yes
plant_images/11150.jpg,12,Alliaria petiolata,Yes
plant_images/18234.jpg,14,Ficaria verna,Yes
plant_images/21791.jpg,0,Ailanthus altissima,Yes
plant_images/27140.jpg,10,Persicaria perfoliata,Yes
plant_images/4929.jpg,14,Ficaria verna,Yes
plant_images/26663.jpg,8,Hedera helix,Yes
plant_images/6422.jpg,4,Rubus phoenicolasius,Yes
plant_images/15771.jpg,6,Lonicera japonica,Yes
plant_images/16409.jpg,6,Lonicera japonica,Yes
plant_images/18506.jpg,9,Parthenocissus quinquefolia,No
plant_images/3582.jpg,14,Ficaria verna,Yes
plant_images/1116.jpg,8,Hedera helix,Yes
plant_images/6872.jpg,4,Rubus phoenicolasius,Yes
plant_images/7661.jpg,10,Persicaria perfoliata,Yes
plant_images/21206.jpg,0,Ailanthus altissima,Yes
plant_images/23865.jpg,12,Alliaria petiolata,Yes
plant_images/18159.jpg,12,Alliaria petiolata,Yes
plant_images/5294.jpg,0,Ailanthus altissima,Yes
plant_images/27951.jpg,11,Persicaria sagittata,No
plant_images/7317.jpg,12,Alliaria petiolata,Yes
plant_images/25088.jpg,4,Rubus phoenicolasius,Yes
plant_images/25993.jpg,3,Asimina triloba,No
plant_images/5991.jpg,2,Elaeagnus umbellata,Yes
plant_images/22117.jpg,2,Elaeagnus umbellata,Yes
plant_images/19265.jpg,13,Geum canadense,No
plant_images/26225.jpg,3,Asimina triloba,No
plant_images/20354.jpg,3,Asimina triloba,No
plant_images/12310.jpg,6,Lonicera japonica,Yes
plant_images/24705.jpg,12,Alliaria petiolata,Yes
plant_images/6533.jpg,1,Rhus copallinum,No
plant_images/2782.jpg,3,Asimina triloba,No
plant_images/25047.jpg,6,Lonicera japonica,Yes
plant_images/4097.jpg,12,Alliaria petiolata,Yes
plant_images/11811.jpg,0,Ailanthus altissima,Yes
plant_images/4052.jpg,9,Parthenocissus quinquefolia,No
plant_images/27355.jpg,9,Parthenocissus quinquefolia,No
plant_images/26600.jpg,15,Packera aurea,No
plant_images/19857.jpg,6,Lonicera japonica,Yes
plant_images/10814.jpg,12,Alliaria petiolata,Yes
plant_images/5558.jpg,4,Rubus phoenicolasius,Yes
plant_images/5373.jpg,7,Campsis radicans,No
plant_images/16463.jpg,15,Packera aurea,No
plant_images/11437.jpg,15,Packera aurea,No
plant_images/5691.jpg,14,Ficaria verna,Yes
plant_images/25594.jpg,3,Asimina triloba,No
plant_images/22038.jpg,3,Asimina triloba,No
plant_images/1571.jpg,14,Ficaria verna,Yes
plant_images/4016.jpg,14,Ficaria verna,Yes
plant_images/6279.jpg,9,Parthenocissus quinquefolia,No
plant_images/19219.jpg,4,Rubus phoenicolasius,Yes
plant_images/18194.jpg,9,Parthenocissus quinquefolia,No
plant_images/17111.jpg,1,Rhus copallinum,No
plant_images/22715.jpg,2,Elaeagnus umbellata,Yes
plant_images/16907.jpg,2,Elaeagnus umbellata,Yes
plant_images/14490.jpg,14,Ficaria verna,Yes
plant_images/11505.jpg,14,Ficaria verna,Yes
plant_images/4534.jpg,13,Geum canadense,No
plant_images/27538.jpg,9,Parthenocissus quinquefolia,No
plant_images/15405.jpg,2,Elaeagnus umbellata,Yes
plant_images/16808.jpg,6,Lonicera japonica,Yes
plant_images/10490.jpg,0,Ailanthus altissima,Yes
plant_images/12157.jpg,9,Parthenocissus quinquefolia,No
plant_images/26250.jpg,7,Campsis radicans,No
plant_images/21657.jpg,0,Ailanthus altissima,Yes
plant_images/4714.jpg,14,Ficaria verna,Yes
plant_images/12144.jpg,1,Rhus copallinum,No
plant_images/23776.jpg,9,Parthenocissus quinquefolia,No
plant_images/11481.jpg,6,Lonicera japonica,Yes
plant_images/2787.jpg,13,Geum canadense,No
plant_images/21622.jpg,4,Rubus phoenicolasius,Yes
plant_images/16156.jpg,14,Ficaria verna,Yes
plant_images/25796.jpg,7,Campsis radicans,No
plant_images/21770.jpg,4,Rubus phoenicolasius,Yes
plant_images/3424.jpg,8,Hedera helix,Yes
plant_images/7308.jpg,15,Packera aurea,No
plant_images/20823.jpg,10,Persicaria perfoliata,Yes
plant_images/22577.jpg,4,Rubus phoenicolasius,Yes
plant_images/17413.jpg,3,Asimina triloba,No
plant_images/7676.jpg,12,Alliaria petiolata,Yes
plant_images/8805.jpg,8,Hedera helix,Yes
plant_images/3295.jpg,4,Rubus phoenicolasius,Yes
plant_images/17644.jpg,10,Persicaria perfoliata,Yes
plant_images/5124.jpg,4,Rubus phoenicolasius,Yes
plant_images/4537.jpg,3,Asimina triloba,No
plant_images/14859.jpg,1,Rhus copallinum,No
plant_images/27044.jpg,8,Hedera helix,Yes
plant_images/6555.jpg,6,Lonicera japonica,Yes
plant_images/121.jpg,6,Lonicera japonica,Yes
plant_images/4922.jpg,14,Ficaria verna,Yes
plant_images/17104.jpg,4,Rubus phoenicolasius,Yes
plant_images/6172.jpg,1,Rhus copallinum,No
plant_images/24826.jpg,12,Alliaria petiolata,Yes
plant_images/13462.jpg,9,Parthenocissus quinquefolia,No
plant_images/15376.jpg,4,Rubus phoenicolasius,Yes
plant_images/6588.jpg,9,Parthenocissus quinquefolia,No
plant_images/2700.jpg,0,Ailanthus altissima,Yes
plant_images/11805.jpg,7,Campsis radicans,No
plant_images/17626.jpg,10,Persicaria perfoliata,Yes
plant_images/11616.jpg,4,Rubus phoenicolasius,Yes
plant_images/10564.jpg,10,Persicaria perfoliata,Yes
plant_images/20723.jpg,6,Lonicera japonica,Yes
plant_images/19756.jpg,12,Alliaria petiolata,Yes
plant_images/4789.jpg,14,Ficaria verna,Yes
plant_images/3044.jpg,15,Packera aurea,No
plant_images/17280.jpg,9,Parthenocissus quinquefolia,No
plant_images/5210.jpg,6,Lonicera japonica,Yes
plant_images/15748.jpg,3,Asimina triloba,No
plant_images/8187.jpg,4,Rubus phoenicolasius,Yes
plant_images/25167.jpg,3,Asimina triloba,No
plant_images/4511.jpg,9,Parthenocissus quinquefolia,No
plant_images/8638.jpg,2,Elaeagnus umbellata,Yes
plant_images/603.jpg,4,Rubus phoenicolasius,Yes
plant_images/2695.jpg,0,Ailanthus altissima,Yes
plant_images/20840.jpg,1,Rhus copallinum,No
plant_images/23914.jpg,0,Ailanthus altissima,Yes
plant_images/1048.jpg,8,Hedera helix,Yes
plant_images/14487.jpg,14,Ficaria verna,Yes
plant_images/9128.jpg,12,Alliaria petiolata,Yes
plant_images/5505.jpg,14,Ficaria verna,Yes
plant_images/21691.jpg,6,Lonicera japonica,Yes
plant_images/535.jpg,13,Geum canadense,No
plant_images/18096.jpg,12,Alliaria petiolata,Yes
plant_images/17406.jpg,10,Persicaria perfoliata,Yes
plant_images/18572.jpg,12,Alliaria petiolata,Yes
plant_images/5654.jpg,12,Alliaria petiolata,Yes
plant_images/7725.jpg,0,Ailanthus altissima,Yes
plant_images/3048.jpg,4,Rubus phoenicolasius,Yes
plant_images/14221.jpg,2,Elaeagnus umbellata,Yes
plant_images/22352.jpg,11,Persicaria sagittata,No
plant_images/12152.jpg,0,Ailanthus altissima,Yes
plant_images/883.jpg,4,Rubus phoenicolasius,Yes
plant_images/17824.jpg,6,Lonicera japonica,Yes
plant_images/27642.jpg,9,Parthenocissus quinquefolia,No
plant_images/14881.jpg,15,Packera aurea,No
plant_images/26270.jpg,1,Rhus copallinum,No
plant_images/22996.jpg,0,Ailanthus altissima,Yes
plant_images/2217.jpg,9,Parthenocissus quinquefolia,No
plant_images/4843.jpg,6,Lonicera japonica,Yes
plant_images/20000.jpg,0,Ailanthus altissima,Yes
plant_images/520.jpg,9,Parthenocissus quinquefolia,No
plant_images/9765.jpg,2,Elaeagnus umbellata,Yes
plant_images/14006.jpg,7,Campsis radicans,No
plant_images/13200.jpg,4,Rubus phoenicolasius,Yes
plant_images/5439.jpg,6,Lonicera japonica,Yes
plant_images/22587.jpg,13,Geum canadense,No
plant_images/15528.jpg,8,Hedera helix,Yes
plant_images/521.jpg,15,Packera aurea,No
plant_images/15791.jpg,2,Elaeagnus umbellata,Yes
plant_images/6878.jpg,14,Ficaria verna,Yes
plant_images/11434.jpg,9,Parthenocissus quinquefolia,No
plant_images/12312.jpg,6,Lonicera japonica,Yes
plant_images/628.jpg,10,Persicaria perfoliata,Yes
plant_images/26238.jpg,6,Lonicera japonica,Yes
plant_images/16172.jpg,14,Ficaria verna,Yes
plant_images/7211.jpg,12,Alliaria petiolata,Yes
plant_images/13805.jpg,9,Parthenocissus quinquefolia,No
plant_images/5221.jpg,4,Rubus phoenicolasius,Yes
plant_images/13307.jpg,6,Lonicera japonica,Yes
plant_images/7688.jpg,5,Rubus occidentalis,No
plant_images/7543.jpg,4,Rubus phoenicolasius,Yes
plant_images/6844.jpg,14,Ficaria verna,Yes
plant_images/12292.jpg,0,Ailanthus altissima,Yes
plant_images/2713.jpg,11,Persicaria sagittata,No
plant_images/16725.jpg,9,Parthenocissus quinquefolia,No
plant_images/7869.jpg,6,Lonicera japonica,Yes
plant_images/5605.jpg,14,Ficaria verna,Yes
plant_images/6544.jpg,3,Asimina triloba,No
plant_images/3887.jpg,1,Rhus copallinum,No
plant_images/11390.jpg,12,Alliaria petiolata,Yes
plant_images/6401.jpg,6,Lonicera japonica,Yes
plant_images/16137.jpg,12,Alliaria petiolata,Yes
plant_images/8989.jpg,14,Ficaria verna,Yes
plant_images/23897.jpg,5,Rubus occidentalis,No
plant_images/3205.jpg,13,Geum canadense,No
plant_images/14500.jpg,14,Ficaria verna,Yes
plant_images/24023.jpg,6,Lonicera japonica,Yes
plant_images/3075.jpg,4,Rubus phoenicolasius,Yes
plant_images/10481.jpg,9,Parthenocissus quinquefolia,No
plant_images/24595.jpg,6,Lonicera japonica,Yes
plant_images/2431.jpg,12,Alliaria petiolata,Yes
plant_images/11469.jpg,8,Hedera helix,Yes
plant_images/17567.jpg,1,Rhus copallinum,No
plant_images/17284.jpg,3,Asimina triloba,No
plant_images/13634.jpg,0,Ailanthus altissima,Yes
plant_images/6520.jpg,11,Persicaria sagittata,No
plant_images/20756.jpg,3,Asimina triloba,No
plant_images/6739.jpg,14,Ficaria verna,Yes
plant_images/6327.jpg,4,Rubus phoenicolasius,Yes
plant_images/3458.jpg,12,Alliaria petiolata,Yes
plant_images/2847.jpg,15,Packera aurea,No
plant_images/14535.jpg,14,Ficaria verna,Yes
plant_images/303.jpg,9,Parthenocissus quinquefolia,No
plant_images/5298.jpg,0,Ailanthus altissima,Yes
plant_images/21706.jpg,6,Lonicera japonica,Yes
plant_images/3873.jpg,13,Geum canadense,No
plant_images/12215.jpg,3,Asimina triloba,No
plant_images/27340.jpg,6,Lonicera japonica,Yes
plant_images/22242.jpg,10,Persicaria perfoliata,Yes
plant_images/12773.jpg,14,Ficaria verna,Yes
plant_images/21351.jpg,8,Hedera helix,Yes
plant_images/24382.jpg,3,Asimina triloba,No
plant_images/8366.jpg,1,Rhus copallinum,No
plant_images/4849.jpg,3,Asimina triloba,No
plant_images/14844.jpg,12,Alliaria petiolata,Yes
plant_images/23608.jpg,6,Lonicera japonica,Yes
plant_images/25179.jpg,6,Lonicera japonica,Yes
plant_images/14974.jpg,8,Hedera helix,Yes
plant_images/11289.jpg,3,Asimina triloba,No
plant_images/23665.jpg,6,Lonicera japonica,Yes
plant_images/22888.jpg,3,Asimina triloba,No
plant_images/3724.jpg,9,Parthenocissus quinquefolia,No
plant_images/12026.jpg,1,Rhus copallinum,No
plant_images/8629.jpg,11,Persicaria sagittata,No
plant_images/5956.jpg,12,Alliaria petiolata,Yes
plant_images/14875.jpg,4,Rubus phoenicolasius,Yes
plant_images/732.jpg,12,Alliaria petiolata,Yes
plant_images/23259.jpg,12,Alliaria petiolata,Yes
plant_images/9940.jpg,12,Alliaria petiolata,Yes
plant_images/26534.jpg,3,Asimina triloba,No
plant_images/5473.jpg,8,Hedera helix,Yes
plant_images/24136.jpg,1,Rhus copallinum,No
plant_images/4513.jpg,4,Rubus phoenicolasius,Yes
plant_images/4959.jpg,15,Packera aurea,No
plant_images/6963.jpg,12,Alliaria petiolata,Yes
plant_images/5090.jpg,4,Rubus phoenicolasius,Yes
plant_images/5451.jpg,6,Lonicera japonica,Yes
plant_images/25346.jpg,7,Campsis radicans,No
plant_images/19914.jpg,0,Ailanthus altissima,Yes
plant_images/25793.jpg,4,Rubus phoenicolasius,Yes
plant_images/21420.jpg,3,Asimina triloba,No
plant_images/26732.jpg,4,Rubus phoenicolasius,Yes
plant_images/8924.jpg,14,Ficaria verna,Yes
plant_images/18237.jpg,12,Alliaria petiolata,Yes
plant_images/23605.jpg,12,Alliaria petiolata,Yes
plant_images/2297.jpg,10,Persicaria perfoliata,Yes
plant_images/12509.jpg,8,Hedera helix,Yes
plant_images/7827.jpg,9,Parthenocissus quinquefolia,No
plant_images/15970.jpg,14,Ficaria verna,Yes
plant_images/13148.jpg,8,Hedera helix,Yes
plant_images/22065.jpg,6,Lonicera japonica,Yes
plant_images/20361.jpg,4,Rubus phoenicolasius,Yes
plant_images/27914.jpg,8,Hedera helix,Yes
plant_images/53.jpg,14,Ficaria verna,Yes
plant_images/20299.jpg,4,Rubus phoenicolasius,Yes
plant_images/11808.jpg,6,Lonicera japonica,Yes
plant_images/26362.jpg,9,Parthenocissus quinquefolia,No
plant_images/23817.jpg,12,Alliaria petiolata,Yes
plant_images/11884.jpg,4,Rubus phoenicolasius,Yes
plant_images/23476.jpg,3,Asimina triloba,No
plant_images/5554.jpg,14,Ficaria verna,Yes
plant_images/12927.jpg,4,Rubus phoenicolasius,Yes
plant_images/16969.jpg,10,Persicaria perfoliata,Yes
plant_images/455.jpg,15,Packera aurea,No
plant_images/21562.jpg,12,Alliaria petiolata,Yes
plant_images/26473.jpg,1,Rhus copallinum,No
plant_images/1915.jpg,4,Rubus phoenicolasius,Yes
plant_images/10366.jpg,4,Rubus phoenicolasius,Yes
plant_images/5513.jpg,14,Ficaria verna,Yes
plant_images/5180.jpg,9,Parthenocissus quinquefolia,No
plant_images/18135.jpg,14,Ficaria verna,Yes
plant_images/7572.jpg,8,Hedera helix,Yes
plant_images/18615.jpg,12,Alliaria petiolata,Yes
plant_images/26312.jpg,7,Campsis radicans,No
plant_images/15014.jpg,12,Alliaria petiolata,Yes
plant_images/12331.jpg,8,Hedera helix,Yes
plant_images/7906.jpg,4,Rubus phoenicolasius,Yes
plant_images/27040.jpg,3,Asimina triloba,No
plant_images/14619.jpg,14,Ficaria verna,Yes
plant_images/27400.jpg,9,Parthenocissus quinquefolia,No
plant_images/2136.jpg,12,Alliaria petiolata,Yes
plant_images/26263.jpg,3,Asimina triloba,No
plant_images/10457.jpg,1,Rhus copallinum,No
plant_images/21168.jpg,4,Rubus phoenicolasius,Yes
plant_images/13293.jpg,9,Parthenocissus quinquefolia,No
plant_images/12604.jpg,14,Ficaria verna,Yes
plant_images/10234.jpg,4,Rubus phoenicolasius,Yes
plant_images/5335.jpg,4,Rubus phoenicolasius,Yes
plant_images/24984.jpg,12,Alliaria petiolata,Yes
plant_images/20191.jpg,4,Rubus phoenicolasius,Yes
plant_images/24308.jpg,2,Elaeagnus umbellata,Yes
plant_images/20956.jpg,4,Rubus phoenicolasius,Yes
plant_images/19835.jpg,9,Parthenocissus quinquefolia,No
plant_images/26314.jpg,4,Rubus phoenicolasius,Yes
plant_images/15534.jpg,3,Asimina triloba,No
plant_images/21279.jpg,9,Parthenocissus quinquefolia,No
plant_images/11366.jpg,15,Packera aurea,No
plant_images/13436.jpg,9,Parthenocissus quinquefolia,No
plant_images/16456.jpg,8,Hedera helix,Yes
plant_images/25218.jpg,10,Persicaria perfoliata,Yes
plant_images/25436.jpg,7,Campsis radicans,No
plant_images/7686.jpg,9,Parthenocissus quinquefolia,No
plant_images/26741.jpg,0,Ailanthus altissima,Yes
plant_images/16211.jpg,9,Parthenocissus quinquefolia,No
plant_images/25718.jpg,2,Elaeagnus umbellata,Yes
plant_images/19973.jpg,12,Alliaria petiolata,Yes
plant_images/11509.jpg,9,Parthenocissus quinquefolia,No
plant_images/9777.jpg,9,Parthenocissus quinquefolia,No
plant_images/4486.jpg,7,Campsis radicans,No
plant_images/17475.jpg,6,Lonicera japonica,Yes
plant_images/8421.jpg,4,Rubus phoenicolasius,Yes
plant_images/14831.jpg,2,Elaeagnus umbellata,Yes
plant_images/18588.jpg,10,Persicaria perfoliata,Yes
plant_images/5253.jpg,7,Campsis radicans,No
plant_images/19253.jpg,1,Rhus copallinum,No
plant_images/14760.jpg,14,Ficaria verna,Yes
plant_images/2529.jpg,9,Parthenocissus quinquefolia,No
plant_images/13643.jpg,0,Ailanthus altissima,Yes
plant_images/24126.jpg,11,Persicaria sagittata,No
plant_images/4649.jpg,0,Ailanthus altissima,Yes
plant_images/4891.jpg,6,Lonicera japonica,Yes
plant_images/11425.jpg,2,Elaeagnus umbellata,Yes
plant_images/24099.jpg,14,Ficaria verna,Yes
plant_images/27378.jpg,1,Rhus copallinum,No
plant_images/1167.jpg,9,Parthenocissus quinquefolia,No
plant_images/23230.jpg,1,Rhus copallinum,No
plant_images/6971.jpg,6,Lonicera japonica,Yes
plant_images/12922.jpg,12,Alliaria petiolata,Yes
plant_images/7547.jpg,6,Lonicera japonica,Yes
plant_images/8370.jpg,1,Rhus copallinum,No
plant_images/14898.jpg,14,Ficaria verna,Yes
plant_images/22811.jpg,12,Alliaria petiolata,Yes
plant_images/22737.jpg,12,Alliaria petiolata,Yes
plant_images/11956.jpg,0,Ailanthus altissima,Yes
plant_images/10175.jpg,6,Lonicera japonica,Yes
plant_images/24313.jpg,6,Lonicera japonica,Yes
plant_images/6993.jpg,2,Elaeagnus umbellata,Yes
plant_images/11402.jpg,4,Rubus phoenicolasius,Yes
plant_images/23633.jpg,12,Alliaria petiolata,Yes
plant_images/22502.jpg,3,Asimina triloba,No
plant_images/10582.jpg,10,Persicaria perfoliata,Yes
plant_images/8962.jpg,8,Hedera helix,Yes
plant_images/16721.jpg,6,Lonicera japonica,Yes
plant_images/15089.jpg,9,Parthenocissus quinquefolia,No
plant_images/7672.jpg,12,Alliaria petiolata,Yes
plant_images/22294.jpg,3,Asimina triloba,No
plant_images/27325.jpg,8,Hedera helix,Yes
plant_images/11479.jpg,3,Asimina triloba,No
plant_images/5106.jpg,8,Hedera helix,Yes
plant_images/9411.jpg,2,Elaeagnus umbellata,Yes
plant_images/11050.jpg,15,Packera aurea,No
plant_images/7071.jpg,8,Hedera helix,Yes
plant_images/13524.jpg,3,Asimina triloba,No
plant_images/3841.jpg,0,Ailanthus altissima,Yes
plant_images/6136.jpg,10,Persicaria perfoliata,Yes
plant_images/22430.jpg,6,Lonicera japonica,Yes
plant_images/9474.jpg,9,Parthenocissus quinquefolia,No
plant_images/17951.jpg,6,Lonicera japonica,Yes
plant_images/14155.jpg,10,Persicaria perfoliata,Yes
plant_images/7965.jpg,12,Alliaria petiolata,Yes
plant_images/51.jpg,14,Ficaria verna,Yes
plant_images/24517.jpg,4,Rubus phoenicolasius,Yes
plant_images/22862.jpg,6,Lonicera japonica,Yes
plant_images/20715.jpg,4,Rubus phoenicolasius,Yes
plant_images/25540.jpg,3,Asimina triloba,No
plant_images/7952.jpg,0,Ailanthus altissima,Yes
plant_images/25119.jpg,0,Ailanthus altissima,Yes
plant_images/9932.jpg,12,Alliaria petiolata,Yes
plant_images/21738.jpg,9,Parthenocissus quinquefolia,No
plant_images/13259.jpg,12,Alliaria petiolata,Yes
plant_images/2403.jpg,13,Geum canadense,No
plant_images/11256.jpg,15,Packera aurea,No
plant_images/21546.jpg,14,Ficaria verna,Yes
plant_images/2612.jpg,7,Campsis radicans,No
plant_images/26941.jpg,14,Ficaria verna,Yes
plant_images/21642.jpg,0,Ailanthus altissima,Yes
plant_images/13933.jpg,0,Ailanthus altissima,Yes
plant_images/1162.jpg,0,Ailanthus altissima,Yes
plant_images/10048.jpg,15,Packera aurea,No
plant_images/378.jpg,4,Rubus phoenicolasius,Yes
plant_images/10295.jpg,0,Ailanthus altissima,Yes
plant_images/28103.jpg,6,Lonicera japonica,Yes
plant_images/27517.jpg,4,Rubus phoenicolasius,Yes
plant_images/10208.jpg,6,Lonicera japonica,Yes
plant_images/13258.jpg,9,Parthenocissus quinquefolia,No
plant_images/5868.jpg,0,Ailanthus altissima,Yes
plant_images/23649.jpg,12,Alliaria petiolata,Yes
plant_images/16661.jpg,9,Parthenocissus quinquefolia,No
plant_images/27631.jpg,9,Parthenocissus quinquefolia,No
plant_images/18980.jpg,3,Asimina triloba,No
plant_images/27874.jpg,4,Rubus phoenicolasius,Yes
plant_images/2155.jpg,9,Parthenocissus quinquefolia,No
plant_images/20586.jpg,12,Alliaria petiolata,Yes
plant_images/12404.jpg,6,Lonicera japonica,Yes
plant_images/7714.jpg,0,Ailanthus altissima,Yes
plant_images/1922.jpg,4,Rubus phoenicolasius,Yes
plant_images/10350.jpg,10,Persicaria perfoliata,Yes
plant_images/18391.jpg,12,Alliaria petiolata,Yes
plant_images/7792.jpg,12,Alliaria petiolata,Yes
plant_images/3361.jpg,11,Persicaria sagittata,No
plant_images/3964.jpg,4,Rubus phoenicolasius,Yes
plant_images/19384.jpg,13,Geum canadense,No
plant_images/8445.jpg,10,Persicaria perfoliata,Yes
plant_images/10970.jpg,6,Lonicera japonica,Yes
plant_images/3852.jpg,3,Asimina triloba,No
plant_images/6036.jpg,3,Asimina triloba,No
plant_images/16368.jpg,8,Hedera helix,Yes
plant_images/3473.jpg,12,Alliaria petiolata,Yes
plant_images/21962.jpg,3,Asimina triloba,No
plant_images/27012.jpg,12,Alliaria petiolata,Yes
plant_images/17940.jpg,14,Ficaria verna,Yes
plant_images/4975.jpg,14,Ficaria verna,Yes
plant_images/23199.jpg,10,Persicaria perfoliata,Yes
plant_images/15606.jpg,6,Lonicera japonica,Yes
plant_images/9893.jpg,6,Lonicera japonica,Yes
plant_images/28048.jpg,3,Asimina triloba,No
plant_images/190.jpg,6,Lonicera japonica,Yes
plant_images/12216.jpg,10,Persicaria perfoliata,Yes
plant_images/5596.jpg,14,Ficaria verna,Yes
plant_images/25316.jpg,1,Rhus copallinum,No
plant_images/25121.jpg,7,Campsis radicans,No
plant_images/4401.jpg,14,Ficaria verna,Yes
plant_images/21290.jpg,12,Alliaria petiolata,Yes
plant_images/345.jpg,14,Ficaria verna,Yes
plant_images/7685.jpg,2,Elaeagnus umbellata,Yes
plant_images/16355.jpg,4,Rubus phoenicolasius,Yes
plant_images/6488.jpg,11,Persicaria sagittata,No
plant_images/28165.jpg,2,Elaeagnus umbellata,Yes
plant_images/8536.jpg,8,Hedera helix,Yes
plant_images/19406.jpg,7,Campsis radicans,No
plant_images/25663.jpg,9,Parthenocissus quinquefolia,No
plant_images/23253.jpg,10,Persicaria perfoliata,Yes
plant_images/6271.jpg,7,Campsis radicans,No
plant_images/5508.jpg,8,Hedera helix,Yes
plant_images/8176.jpg,4,Rubus phoenicolasius,Yes
plant_images/14547.jpg,14,Ficaria verna,Yes
plant_images/5916.jpg,9,Parthenocissus quinquefolia,No
plant_images/14253.jpg,9,Parthenocissus quinquefolia,No
plant_images/3342.jpg,10,Persicaria perfoliata,Yes
plant_images/4324.jpg,8,Hedera helix,Yes
plant_images/13883.jpg,7,Campsis radicans,No
plant_images/1560.jpg,14,Ficaria verna,Yes
plant_images/9698.jpg,12,Alliaria petiolata,Yes
plant_images/15792.jpg,8,Hedera helix,Yes
plant_images/23402.jpg,4,Rubus phoenicolasius,Yes
plant_images/874.jpg,14,Ficaria verna,Yes
plant_images/6290.jpg,11,Persicaria sagittata,No
plant_images/21402.jpg,2,Elaeagnus umbellata,Yes
plant_images/11830.jpg,2,Elaeagnus umbellata,Yes
plant_images/18832.jpg,15,Packera aurea,No
plant_images/9212.jpg,14,Ficaria verna,Yes
plant_images/7926.jpg,6,Lonicera japonica,Yes
plant_images/16316.jpg,15,Packera aurea,No
plant_images/14041.jpg,8,Hedera helix,Yes
plant_images/1034.jpg,14,Ficaria verna,Yes
plant_images/26536.jpg,3,Asimina triloba,No
plant_images/24778.jpg,2,Elaeagnus umbellata,Yes
plant_images/17920.jpg,14,Ficaria verna,Yes
plant_images/12906.jpg,14,Ficaria verna,Yes
plant_images/21607.jpg,2,Elaeagnus umbellata,Yes
plant_images/12938.jpg,12,Alliaria petiolata,Yes
plant_images/12660.jpg,14,Ficaria verna,Yes
plant_images/3905.jpg,2,Elaeagnus umbellata,Yes
plant_images/24114.jpg,9,Parthenocissus quinquefolia,No
plant_images/21346.jpg,3,Asimina triloba,No
plant_images/22884.jpg,6,Lonicera japonica,Yes
plant_images/18232.jpg,14,Ficaria verna,Yes
plant_images/22047.jpg,12,Alliaria petiolata,Yes
plant_images/13206.jpg,15,Packera aurea,No
plant_images/1152.jpg,6,Lonicera japonica,Yes
plant_images/20696.jpg,6,Lonicera japonica,Yes
plant_images/14486.jpg,14,Ficaria verna,Yes
plant_images/15862.jpg,12,Alliaria petiolata,Yes
plant_images/9985.jpg,9,Parthenocissus quinquefolia,No
plant_images/23440.jpg,3,Asimina triloba,No
plant_images/3641.jpg,4,Rubus phoenicolasius,Yes
plant_images/10014.jpg,9,Parthenocissus quinquefolia,No
plant_images/7946.jpg,9,Parthenocissus quinquefolia,No
plant_images/17926.jpg,8,Hedera helix,Yes
plant_images/7696.jpg,9,Parthenocissus quinquefolia,No
plant_images/26199.jpg,12,Alliaria petiolata,Yes
plant_images/9280.jpg,3,Asimina triloba,No
plant_images/19328.jpg,11,Persicaria sagittata,No
plant_images/20640.jpg,9,Parthenocissus quinquefolia,No
plant_images/18180.jpg,12,Alliaria petiolata,Yes
plant_images/16033.jpg,12,Alliaria petiolata,Yes
plant_images/2517.jpg,9,Parthenocissus quinquefolia,No
plant_images/13844.jpg,7,Campsis radicans,No
plant_images/14069.jpg,2,Elaeagnus umbellata,Yes
plant_images/12212.jpg,10,Persicaria perfoliata,Yes
plant_images/17602.jpg,1,Rhus copallinum,No
plant_images/4659.jpg,0,Ailanthus altissima,Yes
plant_images/14938.jpg,9,Parthenocissus quinquefolia,No
plant_images/20026.jpg,14,Ficaria verna,Yes
plant_images/6573.jpg,3,Asimina triloba,No
plant_images/23779.jpg,6,Lonicera japonica,Yes
plant_images/4962.jpg,13,Geum canadense,No
plant_images/23287.jpg,11,Persicaria sagittata,No
plant_images/13922.jpg,7,Campsis radicans,No
plant_images/15342.jpg,7,Campsis radicans,No
plant_images/27227.jpg,12,Alliaria petiolata,Yes
plant_images/9560.jpg,2,Elaeagnus umbellata,Yes
plant_images/6830.jpg,2,Elaeagnus umbellata,Yes
plant_images/13770.jpg,4,Rubus phoenicolasius,Yes
plant_images/10435.jpg,3,Asimina triloba,No
plant_images/25140.jpg,3,Asimina triloba,No
plant_images/14153.jpg,8,Hedera helix,Yes
plant_images/1139.jpg,9,Parthenocissus quinquefolia,No
plant_images/24804.jpg,2,Elaeagnus umbellata,Yes
plant_images/26996.jpg,2,Elaeagnus umbellata,Yes
plant_images/9981.jpg,15,Packera aurea,No
plant_images/10206.jpg,11,Persicaria sagittata,No
plant_images/27581.jpg,6,Lonicera japonica,Yes
plant_images/14122.jpg,2,Elaeagnus umbellata,Yes
plant_images/23924.jpg,3,Asimina triloba,No
plant_images/24451.jpg,0,Ailanthus altissima,Yes
plant_images/11284.jpg,15,Packera aurea,No
plant_images/12711.jpg,14,Ficaria verna,Yes
plant_images/8424.jpg,3,Asimina triloba,No
plant_images/27683.jpg,9,Parthenocissus quinquefolia,No
plant_images/1128.jpg,0,Ailanthus altissima,Yes
plant_images/1576.jpg,14,Ficaria verna,Yes
plant_images/24845.jpg,2,Elaeagnus umbellata,Yes
plant_images/18138.jpg,14,Ficaria verna,Yes
plant_images/5339.jpg,10,Persicaria perfoliata,Yes
plant_images/1961.jpg,12,Alliaria petiolata,Yes
plant_images/19628.jpg,2,Elaeagnus umbellata,Yes
plant_images/25759.jpg,2,Elaeagnus umbellata,Yes
plant_images/11113.jpg,12,Alliaria petiolata,Yes
plant_images/856.jpg,12,Alliaria petiolata,Yes
plant_images/1321.jpg,4,Rubus phoenicolasius,Yes
plant_images/5827.jpg,9,Parthenocissus quinquefolia,No
plant_images/26575.jpg,12,Alliaria petiolata,Yes
plant_images/5474.jpg,8,Hedera helix,Yes
plant_images/7169.jpg,14,Ficaria verna,Yes
plant_images/7834.jpg,6,Lonicera japonica,Yes
plant_images/11504.jpg,3,Asimina triloba,No
plant_images/8808.jpg,8,Hedera helix,Yes
plant_images/12689.jpg,14,Ficaria verna,Yes
plant_images/17109.jpg,0,Ailanthus altissima,Yes
plant_images/13203.jpg,12,Alliaria petiolata,Yes
plant_images/13902.jpg,9,Parthenocissus quinquefolia,No
plant_images/2707.jpg,3,Asimina triloba,No
plant_images/289.jpg,12,Alliaria petiolata,Yes
plant_images/16552.jpg,4,Rubus phoenicolasius,Yes
plant_images/12374.jpg,10,Persicaria perfoliata,Yes
plant_images/21990.jpg,4,Rubus phoenicolasius,Yes
plant_images/18577.jpg,2,Elaeagnus umbellata,Yes
plant_images/20260.jpg,3,Asimina triloba,No
plant_images/19339.jpg,7,Campsis radicans,No
plant_images/24005.jpg,4,Rubus phoenicolasius,Yes
plant_images/16118.jpg,3,Asimina triloba,No
plant_images/11930.jpg,12,Alliaria petiolata,Yes
plant_images/15777.jpg,6,Lonicera japonica,Yes
plant_images/8330.jpg,7,Campsis radicans,No
plant_images/3250.jpg,9,Parthenocissus quinquefolia,No
plant_images/1243.jpg,7,Campsis radicans,No
plant_images/18246.jpg,14,Ficaria verna,Yes
plant_images/1325.jpg,9,Parthenocissus quinquefolia,No
plant_images/28127.jpg,8,Hedera helix,Yes
plant_images/17555.jpg,11,Persicaria sagittata,No
plant_images/23423.jpg,1,Rhus copallinum,No
plant_images/17381.jpg,2,Elaeagnus umbellata,Yes
plant_images/25587.jpg,5,Rubus occidentalis,No
plant_images/11309.jpg,12,Alliaria petiolata,Yes
plant_images/576.jpg,9,Parthenocissus quinquefolia,No
plant_images/21850.jpg,11,Persicaria sagittata,No
plant_images/3228.jpg,0,Ailanthus altissima,Yes
plant_images/22204.jpg,4,Rubus phoenicolasius,Yes
plant_images/3943.jpg,4,Rubus phoenicolasius,Yes
plant_images/20666.jpg,0,Ailanthus altissima,Yes
plant_images/17812.jpg,14,Ficaria verna,Yes
plant_images/22763.jpg,2,Elaeagnus umbellata,Yes
plant_images/16827.jpg,0,Ailanthus altissima,Yes
plant_images/10483.jpg,4,Rubus phoenicolasius,Yes
plant_images/5028.jpg,2,Elaeagnus umbellata,Yes
plant_images/3201.jpg,6,Lonicera japonica,Yes
plant_images/15309.jpg,4,Rubus phoenicolasius,Yes
plant_images/21631.jpg,9,Parthenocissus quinquefolia,No
plant_images/27154.jpg,2,Elaeagnus umbellata,Yes
plant_images/5507.jpg,6,Lonicera japonica,Yes
plant_images/23156.jpg,3,Asimina triloba,No
plant_images/21874.jpg,12,Alliaria petiolata,Yes
plant_images/2145.jpg,9,Parthenocissus quinquefolia,No
plant_images/8000.jpg,6,Lonicera japonica,Yes
plant_images/7824.jpg,12,Alliaria petiolata,Yes
plant_images/10622.jpg,2,Elaeagnus umbellata,Yes
plant_images/19113.jpg,6,Lonicera japonica,Yes
plant_images/12002.jpg,8,Hedera helix,Yes
plant_images/9089.jpg,14,Ficaria verna,Yes
plant_images/6780.jpg,12,Alliaria petiolata,Yes
plant_images/4105.jpg,0,Ailanthus altissima,Yes
plant_images/22816.jpg,3,Asimina triloba,No
plant_images/20953.jpg,3,Asimina triloba,No
plant_images/18091.jpg,12,Alliaria petiolata,Yes
plant_images/11027.jpg,6,Lonicera japonica,Yes
plant_images/10205.jpg,9,Parthenocissus quinquefolia,No
plant_images/12926.jpg,0,Ailanthus altissima,Yes
plant_images/26329.jpg,0,Ailanthus altissima,Yes
plant_images/14325.jpg,0,Ailanthus altissima,Yes
plant_images/4792.jpg,8,Hedera helix,Yes
plant_images/15501.jpg,9,Parthenocissus quinquefolia,No
plant_images/13408.jpg,14,Ficaria verna,Yes
plant_images/6416.jpg,1,Rhus copallinum,No
plant_images/12944.jpg,12,Alliaria petiolata,Yes
plant_images/8667.jpg,6,Lonicera japonica,Yes
plant_images/10854.jpg,12,Alliaria petiolata,Yes
plant_images/15072.jpg,4,Rubus phoenicolasius,Yes
plant_images/11546.jpg,4,Rubus phoenicolasius,Yes
plant_images/13237.jpg,14,Ficaria verna,Yes
plant_images/1267.jpg,9,Parthenocissus quinquefolia,No
plant_images/10558.jpg,6,Lonicera japonica,Yes
plant_images/10836.jpg,6,Lonicera japonica,Yes
plant_images/1350.jpg,8,Hedera helix,Yes
plant_images/25124.jpg,3,Asimina triloba,No
plant_images/88.jpg,9,Parthenocissus quinquefolia,No
plant_images/12941.jpg,2,Elaeagnus umbellata,Yes
plant_images/2147.jpg,15,Packera aurea,No
plant_images/28260.jpg,9,Parthenocissus quinquefolia,No
plant_images/28216.jpg,12,Alliaria petiolata,Yes
plant_images/3254.jpg,7,Campsis radicans,No
plant_images/21632.jpg,6,Lonicera japonica,Yes
plant_images/20834.jpg,12,Alliaria petiolata,Yes
plant_images/12183.jpg,9,Parthenocissus quinquefolia,No
plant_images/5930.jpg,6,Lonicera japonica,Yes
plant_images/8037.jpg,3,Asimina triloba,No
plant_images/20267.jpg,12,Alliaria petiolata,Yes
plant_images/25055.jpg,0,Ailanthus altissima,Yes
plant_images/14776.jpg,6,Lonicera japonica,Yes
plant_images/19911.jpg,7,Campsis radicans,No
plant_images/22800.jpg,6,Lonicera japonica,Yes
plant_images/9833.jpg,2,Elaeagnus umbellata,Yes
plant_images/24785.jpg,2,Elaeagnus umbellata,Yes
plant_images/22423.jpg,0,Ailanthus altissima,Yes
plant_images/4133.jpg,9,Parthenocissus quinquefolia,No
plant_images/3309.jpg,8,Hedera helix,Yes
plant_images/23009.jpg,7,Campsis radicans,No
plant_images/17787.jpg,8,Hedera helix,Yes
plant_images/23808.jpg,15,Packera aurea,No
plant_images/11436.jpg,9,Parthenocissus quinquefolia,No
plant_images/8626.jpg,9,Parthenocissus quinquefolia,No
plant_images/27565.jpg,2,Elaeagnus umbellata,Yes
plant_images/17325.jpg,9,Parthenocissus quinquefolia,No
plant_images/13559.jpg,0,Ailanthus altissima,Yes
plant_images/21287.jpg,9,Parthenocissus quinquefolia,No
plant_images/15567.jpg,11,Persicaria sagittata,No
plant_images/10865.jpg,14,Ficaria verna,Yes
plant_images/20506.jpg,4,Rubus phoenicolasius,Yes
plant_images/7966.jpg,10,Persicaria perfoliata,Yes
plant_images/73.jpg,12,Alliaria petiolata,Yes
plant_images/617.jpg,9,Parthenocissus quinquefolia,No
plant_images/4598.jpg,0,Ailanthus altissima,Yes
plant_images/24874.jpg,9,Parthenocissus quinquefolia,No
plant_images/16015.jpg,14,Ficaria verna,Yes
plant_images/22933.jpg,12,Alliaria petiolata,Yes
plant_images/27276.jpg,6,Lonicera japonica,Yes
plant_images/13955.jpg,2,Elaeagnus umbellata,Yes
plant_images/20395.jpg,10,Persicaria perfoliata,Yes
plant_images/22900.jpg,6,Lonicera japonica,Yes
plant_images/6670.jpg,12,Alliaria petiolata,Yes
plant_images/20620.jpg,14,Ficaria verna,Yes
plant_images/19306.jpg,2,Elaeagnus umbellata,Yes
plant_images/20468.jpg,4,Rubus phoenicolasius,Yes
plant_images/2.jpg,14,Ficaria verna,Yes
plant_images/21852.jpg,3,Asimina triloba,No
plant_images/25739.jpg,15,Packera aurea,No
plant_images/10910.jpg,14,Ficaria verna,Yes
plant_images/26542.jpg,2,Elaeagnus umbellata,Yes
plant_images/6974.jpg,14,Ficaria verna,Yes
plant_images/17132.jpg,3,Asimina triloba,No
plant_images/579.jpg,15,Packera aurea,No
plant_images/17225.jpg,3,Asimina triloba,No
plant_images/1185.jpg,0,Ailanthus altissima,Yes
plant_images/21595.jpg,12,Alliaria petiolata,Yes
plant_images/21741.jpg,4,Rubus phoenicolasius,Yes
plant_images/20229.jpg,5,Rubus occidentalis,No
plant_images/24544.jpg,1,Rhus copallinum,No
plant_images/12089.jpg,0,Ailanthus altissima,Yes
plant_images/22310.jpg,0,Ailanthus altissima,Yes
plant_images/1766.jpg,14,Ficaria verna,Yes
plant_images/23460.jpg,13,Geum canadense,No
plant_images/3854.jpg,7,Campsis radicans,No
plant_images/9558.jpg,9,Parthenocissus quinquefolia,No
plant_images/23003.jpg,1,Rhus copallinum,No
plant_images/5825.jpg,9,Parthenocissus quinquefolia,No
plant_images/20320.jpg,4,Rubus phoenicolasius,Yes
plant_images/4334.jpg,9,Parthenocissus quinquefolia,No
plant_images/16302.jpg,3,Asimina triloba,No
plant_images/26979.jpg,12,Alliaria petiolata,Yes
plant_images/25078.jpg,2,Elaeagnus umbellata,Yes
plant_images/25280.jpg,9,Parthenocissus quinquefolia,No
plant_images/24452.jpg,9,Parthenocissus quinquefolia,No
plant_images/2189.jpg,13,Geum canadense,No
plant_images/673.jpg,8,Hedera helix,Yes
plant_images/7487.jpg,2,Elaeagnus umbellata,Yes
plant_images/24709.jpg,2,Elaeagnus umbellata,Yes
plant_images/2876.jpg,13,Geum canadense,No
plant_images/26928.jpg,4,Rubus phoenicolasius,Yes
plant_images/12118.jpg,0,Ailanthus altissima,Yes
plant_images/20729.jpg,4,Rubus phoenicolasius,Yes
plant_images/27243.jpg,7,Campsis radicans,No
plant_images/22020.jpg,12,Alliaria petiolata,Yes
plant_images/23685.jpg,3,Asimina triloba,No
plant_images/20125.jpg,15,Packera aurea,No
plant_images/20441.jpg,10,Persicaria perfoliata,Yes
plant_images/28029.jpg,3,Asimina triloba,No
plant_images/15603.jpg,7,Campsis radicans,No
plant_images/3655.jpg,12,Alliaria petiolata,Yes
plant_images/7397.jpg,10,Persicaria perfoliata,Yes
plant_images/12972.jpg,3,Asimina triloba,No
plant_images/6961.jpg,2,Elaeagnus umbellata,Yes
plant_images/7432.jpg,12,Alliaria petiolata,Yes
plant_images/8802.jpg,4,Rubus phoenicolasius,Yes
plant_images/13786.jpg,0,Ailanthus altissima,Yes
plant_images/15249.jpg,9,Parthenocissus quinquefolia,No
plant_images/1345.jpg,3,Asimina triloba,No
plant_images/649.jpg,9,Parthenocissus quinquefolia,No
plant_images/20052.jpg,0,Ailanthus altissima,Yes
plant_images/23311.jpg,4,Rubus phoenicolasius,Yes
plant_images/5529.jpg,14,Ficaria verna,Yes
plant_images/10585.jpg,2,Elaeagnus umbellata,Yes
plant_images/3055.jpg,12,Alliaria petiolata,Yes
plant_images/6169.jpg,4,Rubus phoenicolasius,Yes
plant_images/27371.jpg,11,Persicaria sagittata,No
plant_images/23136.jpg,2,Elaeagnus umbellata,Yes
plant_images/6133.jpg,9,Parthenocissus quinquefolia,No
plant_images/2728.jpg,7,Campsis radicans,No
plant_images/3732.jpg,12,Alliaria petiolata,Yes
plant_images/28289.jpg,1,Rhus copallinum,No
plant_images/5969.jpg,15,Packera aurea,No
plant_images/3545.jpg,14,Ficaria verna,Yes
plant_images/5370.jpg,4,Rubus phoenicolasius,Yes
plant_images/17337.jpg,10,Persicaria perfoliata,Yes
plant_images/21494.jpg,4,Rubus phoenicolasius,Yes
plant_images/2481.jpg,9,Parthenocissus quinquefolia,No
plant_images/12019.jpg,11,Persicaria sagittata,No
plant_images/7472.jpg,9,Parthenocissus quinquefolia,No
plant_images/2454.jpg,14,Ficaria verna,Yes
plant_images/22059.jpg,9,Parthenocissus quinquefolia,No
plant_images/4917.jpg,3,Asimina triloba,No
plant_images/15704.jpg,2,Elaeagnus umbellata,Yes
plant_images/21589.jpg,2,Elaeagnus umbellata,Yes
plant_images/11094.jpg,12,Alliaria petiolata,Yes
plant_images/7099.jpg,8,Hedera helix,Yes
plant_images/4288.jpg,10,Persicaria perfoliata,Yes
plant_images/2446.jpg,14,Ficaria verna,Yes
plant_images/21302.jpg,2,Elaeagnus umbellata,Yes
plant_images/7655.jpg,9,Parthenocissus quinquefolia,No
plant_images/9947.jpg,9,Parthenocissus quinquefolia,No
plant_images/7971.jpg,6,Lonicera japonica,Yes
plant_images/17130.jpg,3,Asimina triloba,No
plant_images/19596.jpg,1,Rhus copallinum,No
plant_images/24174.jpg,2,Elaeagnus umbellata,Yes
plant_images/22279.jpg,3,Asimina triloba,No
plant_images/5062.jpg,6,Lonicera japonica,Yes
plant_images/661.jpg,4,Rubus phoenicolasius,Yes
plant_images/21251.jpg,0,Ailanthus altissima,Yes
plant_images/25696.jpg,0,Ailanthus altissima,Yes
plant_images/23666.jpg,3,Asimina triloba,No
plant_images/18430.jpg,3,Asimina triloba,No
plant_images/18842.jpg,9,Parthenocissus quinquefolia,No
plant_images/15680.jpg,9,Parthenocissus quinquefolia,No
plant_images/25143.jpg,9,Parthenocissus quinquefolia,No
plant_images/5710.jpg,3,Asimina triloba,No
plant_images/27915.jpg,11,Persicaria sagittata,No
plant_images/413.jpg,6,Lonicera japonica,Yes
plant_images/9843.jpg,6,Lonicera japonica,Yes
plant_images/15782.jpg,4,Rubus phoenicolasius,Yes
plant_images/8563.jpg,6,Lonicera japonica,Yes
plant_images/14013.jpg,1,Rhus copallinum,No
plant_images/18585.jpg,6,Lonicera japonica,Yes
plant_images/18281.jpg,12,Alliaria petiolata,Yes
plant_images/14887.jpg,3,Asimina triloba,No
plant_images/16592.jpg,3,Asimina triloba,No
plant_images/3026.jpg,9,Parthenocissus quinquefolia,No
plant_images/24152.jpg,2,Elaeagnus umbellata,Yes
plant_images/20433.jpg,11,Persicaria sagittata,No
plant_images/26812.jpg,0,Ailanthus altissima,Yes
plant_images/7649.jpg,15,Packera aurea,No
plant_images/10077.jpg,7,Campsis radicans,No
plant_images/19527.jpg,7,Campsis radicans,No
plant_images/23611.jpg,12,Alliaria petiolata,Yes
plant_images/24426.jpg,6,Lonicera japonica,Yes
plant_images/21986.jpg,6,Lonicera japonica,Yes
plant_images/22645.jpg,0,Ailanthus altissima,Yes
plant_images/13700.jpg,0,Ailanthus altissima,Yes
plant_images/27056.jpg,6,Lonicera japonica,Yes
plant_images/3661.jpg,13,Geum canadense,No
plant_images/21259.jpg,2,Elaeagnus umbellata,Yes
plant_images/10830.jpg,14,Ficaria verna,Yes
plant_images/7474.jpg,12,Alliaria petiolata,Yes
plant_images/9492.jpg,12,Alliaria petiolata,Yes
plant_images/10679.jpg,4,Rubus phoenicolasius,Yes
plant_images/16731.jpg,4,Rubus phoenicolasius,Yes
plant_images/2716.jpg,0,Ailanthus altissima,Yes
plant_images/19904.jpg,0,Ailanthus altissima,Yes
plant_images/16916.jpg,2,Elaeagnus umbellata,Yes
plant_images/9749.jpg,12,Alliaria petiolata,Yes
plant_images/3118.jpg,10,Persicaria perfoliata,Yes
plant_images/19050.jpg,13,Geum canadense,No
plant_images/17327.jpg,9,Parthenocissus quinquefolia,No
plant_images/1488.jpg,8,Hedera helix,Yes
plant_images/21321.jpg,2,Elaeagnus umbellata,Yes
plant_images/8094.jpg,8,Hedera helix,Yes
plant_images/17975.jpg,6,Lonicera japonica,Yes
plant_images/25538.jpg,12,Alliaria petiolata,Yes
plant_images/19746.jpg,2,Elaeagnus umbellata,Yes
plant_images/15448.jpg,12,Alliaria petiolata,Yes
plant_images/22499.jpg,1,Rhus copallinum,No
plant_images/18077.jpg,14,Ficaria verna,Yes
plant_images/13747.jpg,0,Ailanthus altissima,Yes
plant_images/24263.jpg,4,Rubus phoenicolasius,Yes
plant_images/27016.jpg,12,Alliaria petiolata,Yes
plant_images/7699.jpg,7,Campsis radicans,No
plant_images/14544.jpg,13,Geum canadense,No
plant_images/19409.jpg,4,Rubus phoenicolasius,Yes
plant_images/9495.jpg,3,Asimina triloba,No
plant_images/25808.jpg,7,Campsis radicans,No
plant_images/26275.jpg,8,Hedera helix,Yes
plant_images/8407.jpg,11,Persicaria sagittata,No
plant_images/26914.jpg,2,Elaeagnus umbellata,Yes
plant_images/2830.jpg,15,Packera aurea,No
plant_images/10643.jpg,9,Parthenocissus quinquefolia,No
plant_images/17637.jpg,6,Lonicera japonica,Yes
plant_images/3984.jpg,8,Hedera helix,Yes
plant_images/9190.jpg,14,Ficaria verna,Yes
plant_images/4745.jpg,2,Elaeagnus umbellata,Yes
plant_images/19150.jpg,12,Alliaria petiolata,Yes
plant_images/4660.jpg,0,Ailanthus altissima,Yes
plant_images/672.jpg,13,Geum canadense,No
plant_images/2826.jpg,5,Rubus occidentalis,No
plant_images/21048.jpg,2,Elaeagnus umbellata,Yes
plant_images/19043.jpg,4,Rubus phoenicolasius,Yes
plant_images/19955.jpg,9,Parthenocissus quinquefolia,No
plant_images/17011.jpg,5,Rubus occidentalis,No
plant_images/9984.jpg,0,Ailanthus altissima,Yes
plant_images/7972.jpg,3,Asimina triloba,No
plant_images/25770.jpg,3,Asimina triloba,No
plant_images/8714.jpg,10,Persicaria perfoliata,Yes
plant_images/5733.jpg,2,Elaeagnus umbellata,Yes
plant_images/11248.jpg,4,Rubus phoenicolasius,Yes
plant_images/10085.jpg,3,Asimina triloba,No
plant_images/630.jpg,9,Parthenocissus quinquefolia,No
plant_images/3098.jpg,9,Parthenocissus quinquefolia,No
plant_images/2469.jpg,10,Persicaria perfoliata,Yes
plant_images/20357.jpg,3,Asimina triloba,No
plant_images/21745.jpg,0,Ailanthus altissima,Yes
plant_images/13299.jpg,12,Alliaria petiolata,Yes
plant_images/21528.jpg,6,Lonicera japonica,Yes
plant_images/27773.jpg,9,Parthenocissus quinquefolia,No
plant_images/8053.jpg,1,Rhus copallinum,No
plant_images/19546.jpg,11,Persicaria sagittata,No
plant_images/18393.jpg,4,Rubus phoenicolasius,Yes
plant_images/12968.jpg,14,Ficaria verna,Yes
plant_images/18769.jpg,8,Hedera helix,Yes
plant_images/8721.jpg,6,Lonicera japonica,Yes
plant_images/7286.jpg,12,Alliaria petiolata,Yes
plant_images/7956.jpg,9,Parthenocissus quinquefolia,No
plant_images/17640.jpg,12,Alliaria petiolata,Yes
plant_images/2224.jpg,8,Hedera helix,Yes
plant_images/16103.jpg,3,Asimina triloba,No
plant_images/13843.jpg,1,Rhus copallinum,No
plant_images/27025.jpg,12,Alliaria petiolata,Yes
plant_images/19998.jpg,13,Geum canadense,No
plant_images/8969.jpg,14,Ficaria verna,Yes
plant_images/10583.jpg,0,Ailanthus altissima,Yes
plant_images/6041.jpg,9,Parthenocissus quinquefolia,No
plant_images/6245.jpg,7,Campsis radicans,No
plant_images/1038.jpg,4,Rubus phoenicolasius,Yes
plant_images/26063.jpg,2,Elaeagnus umbellata,Yes
plant_images/10024.jpg,12,Alliaria petiolata,Yes
plant_images/5681.jpg,12,Alliaria petiolata,Yes
plant_images/17836.jpg,6,Lonicera japonica,Yes
plant_images/6382.jpg,3,Asimina triloba,No
plant_images/559.jpg,3,Asimina triloba,No
plant_images/4208.jpg,12,Alliaria petiolata,Yes
plant_images/4918.jpg,14,Ficaria verna,Yes
plant_images/19164.jpg,4,Rubus phoenicolasius,Yes
plant_images/27624.jpg,12,Alliaria petiolata,Yes
plant_images/15393.jpg,4,Rubus phoenicolasius,Yes
plant_images/20545.jpg,12,Alliaria petiolata,Yes
plant_images/16625.jpg,0,Ailanthus altissima,Yes
plant_images/13919.jpg,2,Elaeagnus umbellata,Yes
plant_images/20281.jpg,4,Rubus phoenicolasius,Yes
plant_images/4557.jpg,0,Ailanthus altissima,Yes
plant_images/26625.jpg,12,Alliaria petiolata,Yes
plant_images/15994.jpg,14,Ficaria verna,Yes
plant_images/7826.jpg,9,Parthenocissus quinquefolia,No
plant_images/27884.jpg,10,Persicaria perfoliata,Yes
plant_images/11136.jpg,12,Alliaria petiolata,Yes
plant_images/7206.jpg,9,Parthenocissus quinquefolia,No
plant_images/9442.jpg,14,Ficaria verna,Yes
plant_images/28028.jpg,12,Alliaria petiolata,Yes
plant_images/22936.jpg,7,Campsis radicans,No
plant_images/10640.jpg,3,Asimina triloba,No
plant_images/8553.jpg,9,Parthenocissus quinquefolia,No
plant_images/3558.jpg,15,Packera aurea,No
plant_images/24327.jpg,12,Alliaria petiolata,Yes
plant_images/24496.jpg,3,Asimina triloba,No
plant_images/19141.jpg,1,Rhus copallinum,No
plant_images/26828.jpg,3,Asimina triloba,No
plant_images/27175.jpg,2,Elaeagnus umbellata,Yes
plant_images/15820.jpg,8,Hedera helix,Yes
plant_images/3983.jpg,8,Hedera helix,Yes
plant_images/8081.jpg,7,Campsis radicans,No
plant_images/27807.jpg,7,Campsis radicans,No
plant_images/19749.jpg,4,Rubus phoenicolasius,Yes
plant_images/27229.jpg,3,Asimina triloba,No
plant_images/7851.jpg,2,Elaeagnus umbellata,Yes
plant_images/15587.jpg,3,Asimina triloba,No
plant_images/14543.jpg,8,Hedera helix,Yes
plant_images/3706.jpg,8,Hedera helix,Yes
plant_images/26652.jpg,9,Parthenocissus quinquefolia,No
plant_images/3747.jpg,5,Rubus occidentalis,No
plant_images/24192.jpg,3,Asimina triloba,No
plant_images/23329.jpg,0,Ailanthus altissima,Yes
plant_images/20379.jpg,0,Ailanthus altissima,Yes
plant_images/27093.jpg,6,Lonicera japonica,Yes
plant_images/25870.jpg,2,Elaeagnus umbellata,Yes
plant_images/1461.jpg,8,Hedera helix,Yes
plant_images/12204.jpg,2,Elaeagnus umbellata,Yes
plant_images/1877.jpg,4,Rubus phoenicolasius,Yes
plant_images/9824.jpg,2,Elaeagnus umbellata,Yes
plant_images/6431.jpg,10,Persicaria perfoliata,Yes
plant_images/25883.jpg,2,Elaeagnus umbellata,Yes
plant_images/13243.jpg,4,Rubus phoenicolasius,Yes
plant_images/22419.jpg,2,Elaeagnus umbellata,Yes
plant_images/3908.jpg,13,Geum canadense,No
plant_images/22684.jpg,6,Lonicera japonica,Yes
plant_images/26949.jpg,14,Ficaria verna,Yes
plant_images/13813.jpg,3,Asimina triloba,No
plant_images/13477.jpg,8,Hedera helix,Yes
plant_images/17763.jpg,4,Rubus phoenicolasius,Yes
plant_images/21074.jpg,4,Rubus phoenicolasius,Yes
plant_images/651.jpg,7,Campsis radicans,No
plant_images/14178.jpg,5,Rubus occidentalis,No
plant_images/26590.jpg,2,Elaeagnus umbellata,Yes
plant_images/10853.jpg,14,Ficaria verna,Yes
plant_images/24523.jpg,2,Elaeagnus umbellata,Yes
plant_images/7096.jpg,12,Alliaria petiolata,Yes
plant_images/17848.jpg,6,Lonicera japonica,Yes
plant_images/24010.jpg,7,Campsis radicans,No
plant_images/17024.jpg,7,Campsis radicans,No
plant_images/20964.jpg,11,Persicaria sagittata,No
plant_images/22877.jpg,7,Campsis radicans,No
plant_images/1016.jpg,12,Alliaria petiolata,Yes
plant_images/12900.jpg,15,Packera aurea,No
plant_images/27485.jpg,14,Ficaria verna,Yes
plant_images/28054.jpg,6,Lonicera japonica,Yes
plant_images/6578.jpg,10,Persicaria perfoliata,Yes
plant_images/21988.jpg,14,Ficaria verna,Yes
plant_images/2249.jpg,8,Hedera helix,Yes
plant_images/3258.jpg,4,Rubus phoenicolasius,Yes
plant_images/11237.jpg,12,Alliaria petiolata,Yes
plant_images/9025.jpg,14,Ficaria verna,Yes
plant_images/25451.jpg,6,Lonicera japonica,Yes
plant_images/1737.jpg,0,Ailanthus altissima,Yes
plant_images/1392.jpg,9,Parthenocissus quinquefolia,No
plant_images/25031.jpg,2,Elaeagnus umbellata,Yes
plant_images/27474.jpg,7,Campsis radicans,No
plant_images/5134.jpg,3,Asimina triloba,No
plant_images/27298.jpg,9,Parthenocissus quinquefolia,No
plant_images/4020.jpg,13,Geum canadense,No
plant_images/5076.jpg,12,Alliaria petiolata,Yes
plant_images/11060.jpg,14,Ficaria verna,Yes
plant_images/26354.jpg,6,Lonicera japonica,Yes
plant_images/23763.jpg,12,Alliaria petiolata,Yes
plant_images/14207.jpg,2,Elaeagnus umbellata,Yes
plant_images/4273.jpg,15,Packera aurea,No
plant_images/15803.jpg,4,Rubus phoenicolasius,Yes
plant_images/4958.jpg,0,Ailanthus altissima,Yes
plant_images/2861.jpg,15,Packera aurea,No
plant_images/3691.jpg,4,Rubus phoenicolasius,Yes
plant_images/16333.jpg,12,Alliaria petiolata,Yes
plant_images/23801.jpg,4,Rubus phoenicolasius,Yes
plant_images/5192.jpg,1,Rhus copallinum,No
plant_images/7902.jpg,4,Rubus phoenicolasius,Yes
plant_images/11836.jpg,12,Alliaria petiolata,Yes
plant_images/17588.jpg,6,Lonicera japonica,Yes
plant_images/7227.jpg,9,Parthenocissus quinquefolia,No
plant_images/9281.jpg,14,Ficaria verna,Yes
plant_images/21511.jpg,4,Rubus phoenicolasius,Yes
plant_images/14287.jpg,8,Hedera helix,Yes
plant_images/24245.jpg,6,Lonicera japonica,Yes
plant_images/7101.jpg,8,Hedera helix,Yes
plant_images/27958.jpg,2,Elaeagnus umbellata,Yes
plant_images/8853.jpg,3,Asimina triloba,No
plant_images/21174.jpg,3,Asimina triloba,No
plant_images/20854.jpg,2,Elaeagnus umbellata,Yes
plant_images/27544.jpg,9,Parthenocissus quinquefolia,No
plant_images/10833.jpg,12,Alliaria petiolata,Yes
plant_images/9574.jpg,3,Asimina triloba,No
plant_images/977.jpg,15,Packera aurea,No
plant_images/27167.jpg,0,Ailanthus altissima,Yes
plant_images/16131.jpg,15,Packera aurea,No
plant_images/5277.jpg,1,Rhus copallinum,No
plant_images/27238.jpg,3,Asimina triloba,No
plant_images/13595.jpg,2,Elaeagnus umbellata,Yes
plant_images/22230.jpg,0,Ailanthus altissima,Yes
plant_images/21894.jpg,11,Persicaria sagittata,No
plant_images/13185.jpg,12,Alliaria petiolata,Yes
plant_images/3972.jpg,12,Alliaria petiolata,Yes
plant_images/9218.jpg,14,Ficaria verna,Yes
plant_images/13326.jpg,12,Alliaria petiolata,Yes
plant_images/11313.jpg,9,Parthenocissus quinquefolia,No
plant_images/7989.jpg,6,Lonicera japonica,Yes
plant_images/7361.jpg,15,Packera aurea,No
plant_images/2816.jpg,8,Hedera helix,Yes
plant_images/259.jpg,9,Parthenocissus quinquefolia,No
plant_images/21544.jpg,4,Rubus phoenicolasius,Yes
plant_images/21782.jpg,2,Elaeagnus umbellata,Yes
plant_images/14926.jpg,4,Rubus phoenicolasius,Yes
plant_images/3345.jpg,3,Asimina triloba,No
plant_images/19550.jpg,3,Asimina triloba,No
plant_images/16611.jpg,6,Lonicera japonica,Yes
plant_images/11731.jpg,0,Ailanthus altissima,Yes
plant_images/13952.jpg,3,Asimina triloba,No
plant_images/18081.jpg,6,Lonicera japonica,Yes
plant_images/27779.jpg,1,Rhus copallinum,No
plant_images/26887.jpg,1,Rhus copallinum,No
plant_images/12602.jpg,12,Alliaria petiolata,Yes
plant_images/27515.jpg,2,Elaeagnus umbellata,Yes
plant_images/722.jpg,9,Parthenocissus quinquefolia,No
plant_images/3260.jpg,4,Rubus phoenicolasius,Yes
plant_images/21054.jpg,15,Packera aurea,No
plant_images/10438.jpg,2,Elaeagnus umbellata,Yes
plant_images/5170.jpg,9,Parthenocissus quinquefolia,No
plant_images/25172.jpg,6,Lonicera japonica,Yes
plant_images/28265.jpg,9,Parthenocissus quinquefolia,No
plant_images/24254.jpg,4,Rubus phoenicolasius,Yes
plant_images/5270.jpg,13,Geum canadense,No
plant_images/7095.jpg,0,Ailanthus altissima,Yes
plant_images/2027.jpg,14,Ficaria verna,Yes
plant_images/27610.jpg,9,Parthenocissus quinquefolia,No
plant_images/23651.jpg,3,Asimina triloba,No
plant_images/23758.jpg,2,Elaeagnus umbellata,Yes
plant_images/2018.jpg,12,Alliaria petiolata,Yes
plant_images/4046.jpg,12,Alliaria petiolata,Yes
plant_images/28134.jpg,2,Elaeagnus umbellata,Yes
plant_images/565.jpg,4,Rubus phoenicolasius,Yes
plant_images/11581.jpg,14,Ficaria verna,Yes
plant_images/21306.jpg,2,Elaeagnus umbellata,Yes
plant_images/12575.jpg,14,Ficaria verna,Yes
plant_images/27971.jpg,2,Elaeagnus umbellata,Yes
plant_images/11772.jpg,6,Lonicera japonica,Yes
plant_images/26735.jpg,7,Campsis radicans,No
plant_images/27960.jpg,12,Alliaria petiolata,Yes
plant_images/25389.jpg,10,Persicaria perfoliata,Yes
plant_images/26346.jpg,2,Elaeagnus umbellata,Yes
plant_images/15423.jpg,3,Asimina triloba,No
plant_images/20778.jpg,3,Asimina triloba,No
plant_images/25376.jpg,6,Lonicera japonica,Yes
plant_images/5652.jpg,9,Parthenocissus quinquefolia,No
plant_images/24047.jpg,2,Elaeagnus umbellata,Yes
plant_images/16646.jpg,8,Hedera helix,Yes
plant_images/26942.jpg,14,Ficaria verna,Yes
plant_images/27342.jpg,4,Rubus phoenicolasius,Yes
plant_images/18156.jpg,12,Alliaria petiolata,Yes
plant_images/20231.jpg,2,Elaeagnus umbellata,Yes
plant_images/7562.jpg,12,Alliaria petiolata,Yes
plant_images/647.jpg,9,Parthenocissus quinquefolia,No
plant_images/15838.jpg,14,Ficaria verna,Yes
plant_images/5636.jpg,14,Ficaria verna,Yes
plant_images/15849.jpg,14,Ficaria verna,Yes
plant_images/19302.jpg,0,Ailanthus altissima,Yes
plant_images/24205.jpg,4,Rubus phoenicolasius,Yes
plant_images/18896.jpg,15,Packera aurea,No
plant_images/8433.jpg,3,Asimina triloba,No
plant_images/27681.jpg,9,Parthenocissus quinquefolia,No
plant_images/10631.jpg,1,Rhus copallinum,No
plant_images/2719.jpg,15,Packera aurea,No
plant_images/28025.jpg,3,Asimina triloba,No
plant_images/9022.jpg,14,Ficaria verna,Yes
plant_images/11246.jpg,12,Alliaria petiolata,Yes
plant_images/19300.jpg,0,Ailanthus altissima,Yes
plant_images/6490.jpg,7,Campsis radicans,No
plant_images/7333.jpg,14,Ficaria verna,Yes
plant_images/18296.jpg,2,Elaeagnus umbellata,Yes
plant_images/2466.jpg,12,Alliaria petiolata,Yes
plant_images/22979.jpg,4,Rubus phoenicolasius,Yes
plant_images/10890.jpg,14,Ficaria verna,Yes
plant_images/2766.jpg,7,Campsis radicans,No
plant_images/5844.jpg,12,Alliaria petiolata,Yes
plant_images/17792.jpg,2,Elaeagnus umbellata,Yes
plant_images/21662.jpg,9,Parthenocissus quinquefolia,No
plant_images/7618.jpg,12,Alliaria petiolata,Yes
plant_images/24210.jpg,6,Lonicera japonica,Yes
plant_images/21426.jpg,0,Ailanthus altissima,Yes
plant_images/5283.jpg,2,Elaeagnus umbellata,Yes
plant_images/20663.jpg,6,Lonicera japonica,Yes
plant_images/23070.jpg,9,Parthenocissus quinquefolia,No
plant_images/20111.jpg,2,Elaeagnus umbellata,Yes
plant_images/15498.jpg,7,Campsis radicans,No
plant_images/14187.jpg,1,Rhus copallinum,No
plant_images/20001.jpg,6,Lonicera japonica,Yes
plant_images/3786.jpg,11,Persicaria sagittata,No
plant_images/18498.jpg,14,Ficaria verna,Yes
plant_images/1129.jpg,10,Persicaria perfoliata,Yes
plant_images/12258.jpg,8,Hedera helix,Yes
plant_images/17499.jpg,6,Lonicera japonica,Yes
plant_images/2952.jpg,12,Alliaria petiolata,Yes
plant_images/10461.jpg,2,Elaeagnus umbellata,Yes
plant_images/20930.jpg,6,Lonicera japonica,Yes
plant_images/15658.jpg,3,Asimina triloba,No
plant_images/6163.jpg,6,Lonicera japonica,Yes
plant_images/11464.jpg,4,Rubus phoenicolasius,Yes
plant_images/12624.jpg,14,Ficaria verna,Yes
plant_images/18560.jpg,6,Lonicera japonica,Yes
plant_images/12181.jpg,3,Asimina triloba,No
plant_images/24844.jpg,9,Parthenocissus quinquefolia,No
plant_images/2518.jpg,9,Parthenocissus quinquefolia,No
plant_images/26963.jpg,14,Ficaria verna,Yes
plant_images/25607.jpg,3,Asimina triloba,No
plant_images/12142.jpg,14,Ficaria verna,Yes
plant_images/1166.jpg,8,Hedera helix,Yes
plant_images/857.jpg,14,Ficaria verna,Yes
plant_images/24973.jpg,2,Elaeagnus umbellata,Yes
plant_images/26865.jpg,13,Geum canadense,No
plant_images/10808.jpg,8,Hedera helix,Yes
plant_images/10423.jpg,3,Asimina triloba,No
plant_images/9565.jpg,4,Rubus phoenicolasius,Yes
plant_images/12539.jpg,14,Ficaria verna,Yes
plant_images/9857.jpg,9,Parthenocissus quinquefolia,No
plant_images/25145.jpg,11,Persicaria sagittata,No
plant_images/23505.jpg,4,Rubus phoenicolasius,Yes
plant_images/12114.jpg,0,Ailanthus altissima,Yes
plant_images/5727.jpg,12,Alliaria petiolata,Yes
plant_images/9138.jpg,14,Ficaria verna,Yes
plant_images/6589.jpg,4,Rubus phoenicolasius,Yes
plant_images/19800.jpg,9,Parthenocissus quinquefolia,No
plant_images/15842.jpg,14,Ficaria verna,Yes
plant_images/13482.jpg,9,Parthenocissus quinquefolia,No
plant_images/11414.jpg,4,Rubus phoenicolasius,Yes
plant_images/26432.jpg,2,Elaeagnus umbellata,Yes
plant_images/27441.jpg,8,Hedera helix,Yes
plant_images/12794.jpg,14,Ficaria verna,Yes
plant_images/14866.jpg,15,Packera aurea,No
plant_images/1681.jpg,12,Alliaria petiolata,Yes
plant_images/18836.jpg,9,Parthenocissus quinquefolia,No
plant_images/13896.jpg,3,Asimina triloba,No
plant_images/20263.jpg,12,Alliaria petiolata,Yes
plant_images/26478.jpg,1,Rhus copallinum,No
plant_images/17049.jpg,5,Rubus occidentalis,No
plant_images/24329.jpg,12,Alliaria petiolata,Yes
plant_images/7005.jpg,2,Elaeagnus umbellata,Yes
plant_images/24445.jpg,3,Asimina triloba,No
plant_images/24653.jpg,6,Lonicera japonica,Yes
plant_images/2661.jpg,9,Parthenocissus quinquefolia,No
plant_images/5639.jpg,4,Rubus phoenicolasius,Yes
plant_images/24774.jpg,4,Rubus phoenicolasius,Yes
plant_images/2654.jpg,9,Parthenocissus quinquefolia,No
plant_images/2315.jpg,10,Persicaria perfoliata,Yes
plant_images/15196.jpg,6,Lonicera japonica,Yes
plant_images/21542.jpg,14,Ficaria verna,Yes
plant_images/23355.jpg,3,Asimina triloba,No
plant_images/1085.jpg,10,Persicaria perfoliata,Yes
plant_images/5583.jpg,14,Ficaria verna,Yes
plant_images/4088.jpg,3,Asimina triloba,No
plant_images/15544.jpg,9,Parthenocissus quinquefolia,No
plant_images/18881.jpg,3,Asimina triloba,No
plant_images/2183.jpg,12,Alliaria petiolata,Yes
plant_images/11021.jpg,12,Alliaria petiolata,Yes
plant_images/18529.jpg,14,Ficaria verna,Yes
plant_images/9766.jpg,2,Elaeagnus umbellata,Yes
plant_images/16264.jpg,15,Packera aurea,No
plant_images/21491.jpg,3,Asimina triloba,No
plant_images/19863.jpg,5,Rubus occidentalis,No
plant_images/24656.jpg,6,Lonicera japonica,Yes
plant_images/94.jpg,6,Lonicera japonica,Yes
plant_images/3281.jpg,4,Rubus phoenicolasius,Yes
plant_images/7911.jpg,10,Persicaria perfoliata,Yes
plant_images/9252.jpg,15,Packera aurea,No
plant_images/8699.jpg,3,Asimina triloba,No
plant_images/5574.jpg,14,Ficaria verna,Yes
plant_images/21533.jpg,14,Ficaria verna,Yes
plant_images/23507.jpg,2,Elaeagnus umbellata,Yes
plant_images/4296.jpg,6,Lonicera japonica,Yes
plant_images/12587.jpg,14,Ficaria verna,Yes
plant_images/18799.jpg,15,Packera aurea,No
plant_images/21162.jpg,4,Rubus phoenicolasius,Yes
plant_images/27315.jpg,7,Campsis radicans,No
plant_images/19437.jpg,3,Asimina triloba,No
plant_images/11262.jpg,12,Alliaria petiolata,Yes
plant_images/16775.jpg,1,Rhus copallinum,No
plant_images/2439.jpg,14,Ficaria verna,Yes
plant_images/18344.jpg,3,Asimina triloba,No
plant_images/12874.jpg,3,Asimina triloba,No
plant_images/7604.jpg,12,Alliaria petiolata,Yes
plant_images/15789.jpg,8,Hedera helix,Yes
plant_images/502.jpg,14,Ficaria verna,Yes
plant_images/7371.jpg,15,Packera aurea,No
plant_images/27468.jpg,14,Ficaria verna,Yes
plant_images/18299.jpg,14,Ficaria verna,Yes
plant_images/17369.jpg,2,Elaeagnus umbellata,Yes
plant_images/22620.jpg,14,Ficaria verna,Yes
plant_images/25730.jpg,2,Elaeagnus umbellata,Yes
plant_images/10343.jpg,7,Campsis radicans,No
plant_images/13316.jpg,6,Lonicera japonica,Yes
plant_images/10110.jpg,2,Elaeagnus umbellata,Yes
plant_images/6262.jpg,3,Asimina triloba,No
plant_images/2565.jpg,9,Parthenocissus quinquefolia,No
plant_images/18286.jpg,3,Asimina triloba,No
plant_images/20968.jpg,14,Ficaria verna,Yes
plant_images/6706.jpg,14,Ficaria verna,Yes
plant_images/328.jpg,10,Persicaria perfoliata,Yes
plant_images/25634.jpg,9,Parthenocissus quinquefolia,No
plant_images/14435.jpg,8,Hedera helix,Yes
plant_images/13472.jpg,12,Alliaria petiolata,Yes
plant_images/3783.jpg,12,Alliaria petiolata,Yes
plant_images/15471.jpg,4,Rubus phoenicolasius,Yes
plant_images/5042.jpg,9,Parthenocissus quinquefolia,No
plant_images/20647.jpg,4,Rubus phoenicolasius,Yes
plant_images/14182.jpg,3,Asimina triloba,No
plant_images/14047.jpg,10,Persicaria perfoliata,Yes
plant_images/11413.jpg,4,Rubus phoenicolasius,Yes
plant_images/18324.jpg,12,Alliaria petiolata,Yes
plant_images/10368.jpg,3,Asimina triloba,No
plant_images/20028.jpg,6,Lonicera japonica,Yes
plant_images/17429.jpg,9,Parthenocissus quinquefolia,No
plant_images/14893.jpg,12,Alliaria petiolata,Yes
plant_images/15507.jpg,13,Geum canadense,No
plant_images/3325.jpg,7,Campsis radicans,No
plant_images/10310.jpg,7,Campsis radicans,No
plant_images/25228.jpg,0,Ailanthus altissima,Yes
plant_images/25394.jpg,3,Asimina triloba,No
plant_images/23319.jpg,6,Lonicera japonica,Yes
plant_images/23506.jpg,0,Ailanthus altissima,Yes
plant_images/5234.jpg,9,Parthenocissus quinquefolia,No
plant_images/18806.jpg,6,Lonicera japonica,Yes
plant_images/17876.jpg,8,Hedera helix,Yes
plant_images/78.jpg,9,Parthenocissus quinquefolia,No
plant_images/12095.jpg,0,Ailanthus altissima,Yes
plant_images/10361.jpg,0,Ailanthus altissima,Yes
plant_images/25468.jpg,1,Rhus copallinum,No
plant_images/27553.jpg,9,Parthenocissus quinquefolia,No
plant_images/13820.jpg,14,Ficaria verna,Yes
plant_images/10431.jpg,3,Asimina triloba,No
plant_images/9229.jpg,2,Elaeagnus umbellata,Yes
plant_images/796.jpg,12,Alliaria petiolata,Yes
plant_images/15410.jpg,9,Parthenocissus quinquefolia,No
plant_images/5939.jpg,10,Persicaria perfoliata,Yes
plant_images/24622.jpg,2,Elaeagnus umbellata,Yes
plant_images/18756.jpg,15,Packera aurea,No
plant_images/6111.jpg,14,Ficaria verna,Yes
plant_images/16973.jpg,5,Rubus occidentalis,No
plant_images/1506.jpg,14,Ficaria verna,Yes
plant_images/18124.jpg,14,Ficaria verna,Yes
plant_images/5999.jpg,3,Asimina triloba,No
plant_images/15641.jpg,10,Persicaria perfoliata,Yes
plant_images/11120.jpg,8,Hedera helix,Yes
plant_images/22509.jpg,5,Rubus occidentalis,No
plant_images/6883.jpg,12,Alliaria petiolata,Yes
plant_images/14538.jpg,14,Ficaria verna,Yes
plant_images/6903.jpg,0,Ailanthus altissima,Yes
plant_images/20055.jpg,3,Asimina triloba,No
plant_images/26970.jpg,2,Elaeagnus umbellata,Yes
plant_images/23097.jpg,3,Asimina triloba,No
plant_images/17333.jpg,1,Rhus copallinum,No
plant_images/13842.jpg,4,Rubus phoenicolasius,Yes
plant_images/13031.jpg,9,Parthenocissus quinquefolia,No
plant_images/18782.jpg,14,Ficaria verna,Yes
plant_images/365.jpg,14,Ficaria verna,Yes
plant_images/11234.jpg,12,Alliaria petiolata,Yes
plant_images/6028.jpg,15,Packera aurea,No
plant_images/13063.jpg,2,Elaeagnus umbellata,Yes
plant_images/7120.jpg,2,Elaeagnus umbellata,Yes
plant_images/20187.jpg,3,Asimina triloba,No
plant_images/22604.jpg,3,Asimina triloba,No
plant_images/15426.jpg,3,Asimina triloba,No
plant_images/10006.jpg,9,Parthenocissus quinquefolia,No
plant_images/10268.jpg,13,Geum canadense,No
plant_images/22742.jpg,3,Asimina triloba,No
plant_images/11156.jpg,12,Alliaria petiolata,Yes
plant_images/22057.jpg,3,Asimina triloba,No
plant_images/27858.jpg,3,Asimina triloba,No
plant_images/19965.jpg,4,Rubus phoenicolasius,Yes
plant_images/22517.jpg,12,Alliaria petiolata,Yes
plant_images/6737.jpg,3,Asimina triloba,No
plant_images/12008.jpg,10,Persicaria perfoliata,Yes
plant_images/8752.jpg,4,Rubus phoenicolasius,Yes
plant_images/21917.jpg,4,Rubus phoenicolasius,Yes
plant_images/14999.jpg,3,Asimina triloba,No
plant_images/6990.jpg,14,Ficaria verna,Yes
plant_images/4483.jpg,0,Ailanthus altissima,Yes
plant_images/22981.jpg,13,Geum canadense,No
plant_images/23831.jpg,7,Campsis radicans,No
plant_images/16376.jpg,6,Lonicera japonica,Yes
plant_images/14852.jpg,4,Rubus phoenicolasius,Yes
plant_images/10192.jpg,3,Asimina triloba,No
plant_images/18999.jpg,10,Persicaria perfoliata,Yes
plant_images/13291.jpg,4,Rubus phoenicolasius,Yes
plant_images/28255.jpg,1,Rhus copallinum,No
plant_images/17952.jpg,14,Ficaria verna,Yes
plant_images/5771.jpg,9,Parthenocissus quinquefolia,No
plant_images/28115.jpg,9,Parthenocissus quinquefolia,No
plant_images/18257.jpg,3,Asimina triloba,No
plant_images/27303.jpg,0,Ailanthus altissima,Yes
plant_images/21356.jpg,3,Asimina triloba,No
plant_images/14528.jpg,14,Ficaria verna,Yes
plant_images/10629.jpg,8,Hedera helix,Yes
plant_images/2318.jpg,4,Rubus phoenicolasius,Yes
plant_images/9876.jpg,9,Parthenocissus quinquefolia,No
plant_images/14238.jpg,2,Elaeagnus umbellata,Yes
plant_images/15827.jpg,3,Asimina triloba,No
plant_images/8547.jpg,8,Hedera helix,Yes
plant_images/21184.jpg,9,Parthenocissus quinquefolia,No
plant_images/16243.jpg,5,Rubus occidentalis,No
plant_images/23019.jpg,6,Lonicera japonica,Yes
plant_images/25206.jpg,0,Ailanthus altissima,Yes
plant_images/12055.jpg,0,Ailanthus altissima,Yes
plant_images/20079.jpg,3,Asimina triloba,No
plant_images/3136.jpg,3,Asimina triloba,No
plant_images/13969.jpg,1,Rhus copallinum,No
plant_images/11875.jpg,7,Campsis radicans,No
plant_images/3336.jpg,9,Parthenocissus quinquefolia,No
plant_images/10965.jpg,12,Alliaria petiolata,Yes
plant_images/11334.jpg,2,Elaeagnus umbellata,Yes
plant_images/25579.jpg,12,Alliaria petiolata,Yes
plant_images/12775.jpg,14,Ficaria verna,Yes
plant_images/3552.jpg,15,Packera aurea,No
plant_images/26646.jpg,9,Parthenocissus quinquefolia,No
plant_images/7525.jpg,14,Ficaria verna,Yes
plant_images/8305.jpg,2,Elaeagnus umbellata,Yes
plant_images/5835.jpg,7,Campsis radicans,No
plant_images/22901.jpg,4,Rubus phoenicolasius,Yes
plant_images/6092.jpg,14,Ficaria verna,Yes
plant_images/23007.jpg,0,Ailanthus altissima,Yes
plant_images/26437.jpg,2,Elaeagnus umbellata,Yes
plant_images/8830.jpg,0,Ailanthus altissima,Yes
plant_images/12618.jpg,14,Ficaria verna,Yes
plant_images/10032.jpg,1,Rhus copallinum,No
plant_images/4646.jpg,0,Ailanthus altissima,Yes
plant_images/17198.jpg,6,Lonicera japonica,Yes
plant_images/16747.jpg,3,Asimina triloba,No
plant_images/4901.jpg,6,Lonicera japonica,Yes
plant_images/13437.jpg,3,Asimina triloba,No
plant_images/12001.jpg,9,Parthenocissus quinquefolia,No
plant_images/24134.jpg,9,Parthenocissus quinquefolia,No
plant_images/5078.jpg,14,Ficaria verna,Yes
plant_images/25391.jpg,1,Rhus copallinum,No
plant_images/21156.jpg,6,Lonicera japonica,Yes
plant_images/28203.jpg,8,Hedera helix,Yes
plant_images/17939.jpg,13,Geum canadense,No
plant_images/5560.jpg,12,Alliaria petiolata,Yes
plant_images/25911.jpg,2,Elaeagnus umbellata,Yes
plant_images/13569.jpg,4,Rubus phoenicolasius,Yes
plant_images/10299.jpg,4,Rubus phoenicolasius,Yes
plant_images/4574.jpg,0,Ailanthus altissima,Yes
plant_images/27922.jpg,6,Lonicera japonica,Yes
plant_images/23213.jpg,6,Lonicera japonica,Yes
plant_images/13170.jpg,9,Parthenocissus quinquefolia,No
plant_images/1215.jpg,5,Rubus occidentalis,No
plant_images/10530.jpg,3,Asimina triloba,No
plant_images/23118.jpg,2,Elaeagnus umbellata,Yes
plant_images/24837.jpg,12,Alliaria petiolata,Yes
plant_images/23447.jpg,3,Asimina triloba,No
plant_images/20750.jpg,0,Ailanthus altissima,Yes
plant_images/9234.jpg,12,Alliaria petiolata,Yes
plant_images/21904.jpg,10,Persicaria perfoliata,Yes
plant_images/668.jpg,15,Packera aurea,No
plant_images/8033.jpg,0,Ailanthus altissima,Yes
plant_images/25255.jpg,7,Campsis radicans,No
plant_images/9839.jpg,10,Persicaria perfoliata,Yes
plant_images/14631.jpg,14,Ficaria verna,Yes
plant_images/7314.jpg,9,Parthenocissus quinquefolia,No
plant_images/9922.jpg,8,Hedera helix,Yes
plant_images/957.jpg,9,Parthenocissus quinquefolia,No
plant_images/653.jpg,9,Parthenocissus quinquefolia,No
plant_images/829.jpg,8,Hedera helix,Yes
plant_images/22606.jpg,3,Asimina triloba,No
plant_images/12366.jpg,3,Asimina triloba,No
plant_images/14673.jpg,15,Packera aurea,No
plant_images/17481.jpg,10,Persicaria perfoliata,Yes
plant_images/23978.jpg,0,Ailanthus altissima,Yes
plant_images/9511.jpg,3,Asimina triloba,No
plant_images/21449.jpg,10,Persicaria perfoliata,Yes
plant_images/962.jpg,12,Alliaria petiolata,Yes
plant_images/25165.jpg,6,Lonicera japonica,Yes
plant_images/3922.jpg,8,Hedera helix,Yes
plant_images/483.jpg,14,Ficaria verna,Yes
plant_images/23717.jpg,9,Parthenocissus quinquefolia,No
plant_images/22793.jpg,4,Rubus phoenicolasius,Yes
plant_images/14196.jpg,0,Ailanthus altissima,Yes
plant_images/374.jpg,10,Persicaria perfoliata,Yes
plant_images/15944.jpg,14,Ficaria verna,Yes
plant_images/12409.jpg,10,Persicaria perfoliata,Yes
plant_images/9746.jpg,8,Hedera helix,Yes
plant_images/24802.jpg,2,Elaeagnus umbellata,Yes
plant_images/21639.jpg,12,Alliaria petiolata,Yes
plant_images/8073.jpg,3,Asimina triloba,No
plant_images/2896.jpg,12,Alliaria petiolata,Yes
plant_images/14243.jpg,2,Elaeagnus umbellata,Yes
plant_images/7724.jpg,5,Rubus occidentalis,No
plant_images/21797.jpg,7,Campsis radicans,No
plant_images/17409.jpg,2,Elaeagnus umbellata,Yes
plant_images/4914.jpg,14,Ficaria verna,Yes
plant_images/1783.jpg,13,Geum canadense,No
plant_images/4091.jpg,8,Hedera helix,Yes
plant_images/21473.jpg,6,Lonicera japonica,Yes
plant_images/8781.jpg,4,Rubus phoenicolasius,Yes
plant_images/25799.jpg,4,Rubus phoenicolasius,Yes
plant_images/8617.jpg,9,Parthenocissus quinquefolia,No
plant_images/4327.jpg,9,Parthenocissus quinquefolia,No
plant_images/27359.jpg,13,Geum canadense,No
plant_images/5050.jpg,4,Rubus phoenicolasius,Yes
plant_images/12616.jpg,14,Ficaria verna,Yes
plant_images/19184.jpg,4,Rubus phoenicolasius,Yes
plant_images/4009.jpg,12,Alliaria petiolata,Yes
plant_images/20118.jpg,9,Parthenocissus quinquefolia,No
plant_images/21563.jpg,12,Alliaria petiolata,Yes
plant_images/10398.jpg,10,Persicaria perfoliata,Yes
plant_images/14714.jpg,15,Packera aurea,No
plant_images/5142.jpg,5,Rubus occidentalis,No
plant_images/23701.jpg,12,Alliaria petiolata,Yes
plant_images/15545.jpg,12,Alliaria petiolata,Yes
plant_images/5672.jpg,2,Elaeagnus umbellata,Yes
plant_images/15707.jpg,2,Elaeagnus umbellata,Yes
plant_images/15635.jpg,4,Rubus phoenicolasius,Yes
plant_images/2649.jpg,6,Lonicera japonica,Yes
plant_images/18447.jpg,12,Alliaria petiolata,Yes
plant_images/8427.jpg,11,Persicaria sagittata,No
plant_images/15947.jpg,8,Hedera helix,Yes
plant_images/15730.jpg,0,Ailanthus altissima,Yes
plant_images/12611.jpg,8,Hedera helix,Yes
plant_images/7866.jpg,4,Rubus phoenicolasius,Yes
plant_images/11857.jpg,7,Campsis radicans,No
plant_images/17966.jpg,14,Ficaria verna,Yes
plant_images/414.jpg,5,Rubus occidentalis,No
plant_images/17465.jpg,1,Rhus copallinum,No
plant_images/14345.jpg,3,Asimina triloba,No
plant_images/9910.jpg,13,Geum canadense,No
plant_images/14794.jpg,8,Hedera helix,Yes
plant_images/17387.jpg,4,Rubus phoenicolasius,Yes
plant_images/23587.jpg,12,Alliaria petiolata,Yes
plant_images/2359.jpg,14,Ficaria verna,Yes
plant_images/12685.jpg,14,Ficaria verna,Yes
plant_images/26814.jpg,1,Rhus copallinum,No
plant_images/1357.jpg,12,Alliaria petiolata,Yes
plant_images/3820.jpg,8,Hedera helix,Yes
plant_images/8559.jpg,9,Parthenocissus quinquefolia,No
plant_images/3176.jpg,8,Hedera helix,Yes
plant_images/9312.jpg,13,Geum canadense,No
plant_images/10754.jpg,9,Parthenocissus quinquefolia,No
plant_images/1562.jpg,13,Geum canadense,No
plant_images/26629.jpg,7,Campsis radicans,No
plant_images/24013.jpg,1,Rhus copallinum,No
plant_images/12800.jpg,14,Ficaria verna,Yes
plant_images/23422.jpg,3,Asimina triloba,No
plant_images/8058.jpg,12,Alliaria petiolata,Yes
plant_images/994.jpg,4,Rubus phoenicolasius,Yes
plant_images/3812.jpg,9,Parthenocissus quinquefolia,No
plant_images/26761.jpg,1,Rhus copallinum,No
plant_images/19981.jpg,6,Lonicera japonica,Yes
plant_images/16932.jpg,9,Parthenocissus quinquefolia,No
plant_images/23830.jpg,0,Ailanthus altissima,Yes
plant_images/16220.jpg,3,Asimina triloba,No
plant_images/17693.jpg,9,Parthenocissus quinquefolia,No
plant_images/8788.jpg,7,Campsis radicans,No
plant_images/150.jpg,14,Ficaria verna,Yes
plant_images/9904.jpg,9,Parthenocissus quinquefolia,No
plant_images/21458.jpg,3,Asimina triloba,No
plant_images/9162.jpg,12,Alliaria petiolata,Yes
plant_images/20553.jpg,3,Asimina triloba,No
plant_images/22291.jpg,0,Ailanthus altissima,Yes
plant_images/17032.jpg,12,Alliaria petiolata,Yes
plant_images/5650.jpg,9,Parthenocissus quinquefolia,No
plant_images/14371.jpg,3,Asimina triloba,No
plant_images/10612.jpg,13,Geum canadense,No
plant_images/21312.jpg,3,Asimina triloba,No
plant_images/24461.jpg,5,Rubus occidentalis,No
plant_images/6506.jpg,10,Persicaria perfoliata,Yes
plant_images/23836.jpg,14,Ficaria verna,Yes
plant_images/26239.jpg,6,Lonicera japonica,Yes
plant_images/18512.jpg,3,Asimina triloba,No
plant_images/19560.jpg,3,Asimina triloba,No
plant_images/17304.jpg,2,Elaeagnus umbellata,Yes
plant_images/26161.jpg,2,Elaeagnus umbellata,Yes
plant_images/13727.jpg,12,Alliaria petiolata,Yes
plant_images/14457.jpg,14,Ficaria verna,Yes
plant_images/8021.jpg,4,Rubus phoenicolasius,Yes
plant_images/12238.jpg,10,Persicaria perfoliata,Yes
plant_images/19960.jpg,4,Rubus phoenicolasius,Yes
plant_images/14608.jpg,14,Ficaria verna,Yes
plant_images/7731.jpg,4,Rubus phoenicolasius,Yes
plant_images/13715.jpg,0,Ailanthus altissima,Yes
plant_images/6769.jpg,14,Ficaria verna,Yes
plant_images/19397.jpg,4,Rubus phoenicolasius,Yes
plant_images/12220.jpg,2,Elaeagnus umbellata,Yes
plant_images/28202.jpg,7,Campsis radicans,No
plant_images/12749.jpg,14,Ficaria verna,Yes
plant_images/11576.jpg,6,Lonicera japonica,Yes
plant_images/4124.jpg,7,Campsis radicans,No
plant_images/23992.jpg,1,Rhus copallinum,No
plant_images/11215.jpg,14,Ficaria verna,Yes
plant_images/12566.jpg,13,Geum canadense,No
plant_images/6157.jpg,4,Rubus phoenicolasius,Yes
plant_images/11935.jpg,7,Campsis radicans,No
plant_images/21238.jpg,7,Campsis radicans,No
plant_images/20387.jpg,0,Ailanthus altissima,Yes
plant_images/1725.jpg,15,Packera aurea,No
plant_images/16038.jpg,2,Elaeagnus umbellata,Yes
plant_images/25765.jpg,9,Parthenocissus quinquefolia,No
plant_images/4398.jpg,8,Hedera helix,Yes
plant_images/6457.jpg,9,Parthenocissus quinquefolia,No
plant_images/2213.jpg,15,Packera aurea,No
plant_images/10862.jpg,7,Campsis radicans,No
plant_images/22988.jpg,13,Geum canadense,No
plant_images/8908.jpg,8,Hedera helix,Yes
plant_images/25435.jpg,2,Elaeagnus umbellata,Yes
plant_images/14268.jpg,6,Lonicera japonica,Yes
plant_images/7325.jpg,6,Lonicera japonica,Yes
plant_images/1441.jpg,6,Lonicera japonica,Yes
plant_images/11892.jpg,4,Rubus phoenicolasius,Yes
plant_images/20098.jpg,4,Rubus phoenicolasius,Yes
plant_images/18988.jpg,9,Parthenocissus quinquefolia,No
plant_images/20583.jpg,9,Parthenocissus quinquefolia,No
plant_images/6318.jpg,13,Geum canadense,No
plant_images/8379.jpg,11,Persicaria sagittata,No
plant_images/23946.jpg,3,Asimina triloba,No
plant_images/24569.jpg,3,Asimina triloba,No
plant_images/17719.jpg,0,Ailanthus altissima,Yes
plant_images/1893.jpg,9,Parthenocissus quinquefolia,No
plant_images/14412.jpg,14,Ficaria verna,Yes
plant_images/11707.jpg,4,Rubus phoenicolasius,Yes
plant_images/7635.jpg,6,Lonicera japonica,Yes
plant_images/7451.jpg,2,Elaeagnus umbellata,Yes
plant_images/8844.jpg,2,Elaeagnus umbellata,Yes
plant_images/7247.jpg,9,Parthenocissus quinquefolia,No
plant_images/2314.jpg,4,Rubus phoenicolasius,Yes
plant_images/2417.jpg,14,Ficaria verna,Yes
plant_images/14811.jpg,3,Asimina triloba,No
plant_images/3761.jpg,8,Hedera helix,Yes
plant_images/3166.jpg,3,Asimina triloba,No
plant_images/21618.jpg,9,Parthenocissus quinquefolia,No
plant_images/23342.jpg,0,Ailanthus altissima,Yes
plant_images/12000.jpg,4,Rubus phoenicolasius,Yes
plant_images/1173.jpg,14,Ficaria verna,Yes
plant_images/24599.jpg,4,Rubus phoenicolasius,Yes
plant_images/7236.jpg,2,Elaeagnus umbellata,Yes
plant_images/2541.jpg,8,Hedera helix,Yes
plant_images/21934.jpg,10,Persicaria perfoliata,Yes
plant_images/10484.jpg,9,Parthenocissus quinquefolia,No
plant_images/3351.jpg,6,Lonicera japonica,Yes
plant_images/21103.jpg,9,Parthenocissus quinquefolia,No
plant_images/10256.jpg,7,Campsis radicans,No
plant_images/12094.jpg,0,Ailanthus altissima,Yes
plant_images/26479.jpg,1,Rhus copallinum,No
plant_images/24149.jpg,6,Lonicera japonica,Yes
plant_images/28242.jpg,13,Geum canadense,No
plant_images/14939.jpg,12,Alliaria petiolata,Yes
plant_images/7433.jpg,12,Alliaria petiolata,Yes
plant_images/8892.jpg,4,Rubus phoenicolasius,Yes
plant_images/11628.jpg,12,Alliaria petiolata,Yes
plant_images/11387.jpg,15,Packera aurea,No
plant_images/12781.jpg,14,Ficaria verna,Yes
plant_images/19045.jpg,12,Alliaria petiolata,Yes
plant_images/22143.jpg,9,Parthenocissus quinquefolia,No
plant_images/26390.jpg,3,Asimina triloba,No
plant_images/13563.jpg,12,Alliaria petiolata,Yes
plant_images/10172.jpg,9,Parthenocissus quinquefolia,No
plant_images/10036.jpg,4,Rubus phoenicolasius,Yes
plant_images/14234.jpg,6,Lonicera japonica,Yes
plant_images/13571.jpg,4,Rubus phoenicolasius,Yes
plant_images/7113.jpg,4,Rubus phoenicolasius,Yes
plant_images/11129.jpg,14,Ficaria verna,Yes
plant_images/13581.jpg,6,Lonicera japonica,Yes
plant_images/870.jpg,12,Alliaria petiolata,Yes
plant_images/12681.jpg,8,Hedera helix,Yes
plant_images/7445.jpg,14,Ficaria verna,Yes
plant_images/8343.jpg,3,Asimina triloba,No
plant_images/19152.jpg,4,Rubus phoenicolasius,Yes
plant_images/7411.jpg,13,Geum canadense,No
plant_images/6494.jpg,2,Elaeagnus umbellata,Yes
plant_images/10513.jpg,11,Persicaria sagittata,No
plant_images/24366.jpg,6,Lonicera japonica,Yes
plant_images/12655.jpg,14,Ficaria verna,Yes
plant_images/5774.jpg,12,Alliaria petiolata,Yes
plant_images/7507.jpg,3,Asimina triloba,No
plant_images/26883.jpg,9,Parthenocissus quinquefolia,No
plant_images/20970.jpg,7,Campsis radicans,No
plant_images/13469.jpg,7,Campsis radicans,No
plant_images/1122.jpg,8,Hedera helix,Yes
plant_images/3475.jpg,14,Ficaria verna,Yes
plant_images/10883.jpg,4,Rubus phoenicolasius,Yes
plant_images/27103.jpg,3,Asimina triloba,No
plant_images/1457.jpg,4,Rubus phoenicolasius,Yes
plant_images/12532.jpg,14,Ficaria verna,Yes
plant_images/15374.jpg,3,Asimina triloba,No
plant_images/10685.jpg,13,Geum canadense,No
plant_images/14090.jpg,3,Asimina triloba,No
plant_images/17340.jpg,2,Elaeagnus umbellata,Yes
plant_images/6702.jpg,14,Ficaria verna,Yes
plant_images/19624.jpg,9,Parthenocissus quinquefolia,No
plant_images/15685.jpg,7,Campsis radicans,No
plant_images/23298.jpg,4,Rubus phoenicolasius,Yes
plant_images/9852.jpg,4,Rubus phoenicolasius,Yes
plant_images/23579.jpg,14,Ficaria verna,Yes
plant_images/20912.jpg,6,Lonicera japonica,Yes
plant_images/2408.jpg,14,Ficaria verna,Yes
plant_images/979.jpg,10,Persicaria perfoliata,Yes
plant_images/8269.jpg,4,Rubus phoenicolasius,Yes
plant_images/15891.jpg,12,Alliaria petiolata,Yes
plant_images/7324.jpg,9,Parthenocissus quinquefolia,No
plant_images/23747.jpg,6,Lonicera japonica,Yes
plant_images/1060.jpg,12,Alliaria petiolata,Yes
plant_images/8645.jpg,3,Asimina triloba,No
plant_images/2838.jpg,10,Persicaria perfoliata,Yes
plant_images/5051.jpg,6,Lonicera japonica,Yes
plant_images/7040.jpg,1,Rhus copallinum,No
plant_images/9664.jpg,12,Alliaria petiolata,Yes
plant_images/24914.jpg,2,Elaeagnus umbellata,Yes
plant_images/18028.jpg,14,Ficaria verna,Yes
plant_images/13051.jpg,2,Elaeagnus umbellata,Yes
plant_images/4951.jpg,15,Packera aurea,No
plant_images/12151.jpg,0,Ailanthus altissima,Yes
plant_images/3033.jpg,12,Alliaria petiolata,Yes
plant_images/8654.jpg,3,Asimina triloba,No
plant_images/10711.jpg,9,Parthenocissus quinquefolia,No
plant_images/26418.jpg,11,Persicaria sagittata,No
plant_images/711.jpg,4,Rubus phoenicolasius,Yes
plant_images/23959.jpg,3,Asimina triloba,No
plant_images/2333.jpg,14,Ficaria verna,Yes
plant_images/5200.jpg,6,Lonicera japonica,Yes
plant_images/13526.jpg,14,Ficaria verna,Yes
plant_images/17851.jpg,8,Hedera helix,Yes
plant_images/21031.jpg,4,Rubus phoenicolasius,Yes
plant_images/27805.jpg,3,Asimina triloba,No
plant_images/15262.jpg,9,Parthenocissus quinquefolia,No
plant_images/11564.jpg,12,Alliaria petiolata,Yes
plant_images/11036.jpg,14,Ficaria verna,Yes
plant_images/5860.jpg,9,Parthenocissus quinquefolia,No
plant_images/23304.jpg,10,Persicaria perfoliata,Yes
plant_images/3644.jpg,4,Rubus phoenicolasius,Yes
plant_images/20704.jpg,2,Elaeagnus umbellata,Yes
plant_images/10829.jpg,12,Alliaria petiolata,Yes
plant_images/26742.jpg,0,Ailanthus altissima,Yes
plant_images/6865.jpg,14,Ficaria verna,Yes
plant_images/22994.jpg,6,Lonicera japonica,Yes
plant_images/5626.jpg,8,Hedera helix,Yes
plant_images/15203.jpg,9,Parthenocissus quinquefolia,No
plant_images/10574.jpg,11,Persicaria sagittata,No
plant_images/4711.jpg,9,Parthenocissus quinquefolia,No
plant_images/25131.jpg,6,Lonicera japonica,Yes
plant_images/3837.jpg,8,Hedera helix,Yes
plant_images/12193.jpg,7,Campsis radicans,No
plant_images/15718.jpg,7,Campsis radicans,No
plant_images/7336.jpg,12,Alliaria petiolata,Yes
plant_images/22788.jpg,15,Packera aurea,No
plant_images/15481.jpg,0,Ailanthus altissima,Yes
plant_images/18542.jpg,1,Rhus copallinum,No
plant_images/23940.jpg,4,Rubus phoenicolasius,Yes
plant_images/6791.jpg,14,Ficaria verna,Yes
plant_images/8503.jpg,9,Parthenocissus quinquefolia,No
plant_images/21297.jpg,2,Elaeagnus umbellata,Yes
plant_images/12301.jpg,11,Persicaria sagittata,No
plant_images/7044.jpg,12,Alliaria petiolata,Yes
plant_images/13576.jpg,12,Alliaria petiolata,Yes
plant_images/4765.jpg,9,Parthenocissus quinquefolia,No
plant_images/20919.jpg,2,Elaeagnus umbellata,Yes
plant_images/5154.jpg,0,Ailanthus altissima,Yes
plant_images/15315.jpg,9,Parthenocissus quinquefolia,No
plant_images/20189.jpg,12,Alliaria petiolata,Yes
plant_images/27848.jpg,15,Packera aurea,No
plant_images/7105.jpg,7,Campsis radicans,No
plant_images/1654.jpg,1,Rhus copallinum,No
plant_images/9519.jpg,4,Rubus phoenicolasius,Yes
plant_images/5998.jpg,14,Ficaria verna,Yes
plant_images/17015.jpg,6,Lonicera japonica,Yes
plant_images/4449.jpg,0,Ailanthus altissima,Yes
plant_images/22798.jpg,2,Elaeagnus umbellata,Yes
plant_images/13970.jpg,3,Asimina triloba,No
plant_images/25568.jpg,2,Elaeagnus umbellata,Yes
plant_images/1358.jpg,3,Asimina triloba,No
plant_images/27153.jpg,12,Alliaria petiolata,Yes
plant_images/19321.jpg,6,Lonicera japonica,Yes
plant_images/15402.jpg,4,Rubus phoenicolasius,Yes
plant_images/21804.jpg,1,Rhus copallinum,No
plant_images/19199.jpg,11,Persicaria sagittata,No
plant_images/1884.jpg,0,Ailanthus altissima,Yes
plant_images/17993.jpg,13,Geum canadense,No
plant_images/15724.jpg,11,Persicaria sagittata,No
plant_images/5443.jpg,2,Elaeagnus umbellata,Yes
plant_images/20897.jpg,7,Campsis radicans,No
plant_images/14993.jpg,2,Elaeagnus umbellata,Yes
plant_images/23575.jpg,4,Rubus phoenicolasius,Yes
plant_images/18192.jpg,3,Asimina triloba,No
plant_images/17948.jpg,14,Ficaria verna,Yes
plant_images/16770.jpg,6,Lonicera japonica,Yes
plant_images/22632.jpg,14,Ficaria verna,Yes
plant_images/7652.jpg,6,Lonicera japonica,Yes
plant_images/25049.jpg,2,Elaeagnus umbellata,Yes
plant_images/2057.jpg,12,Alliaria petiolata,Yes
plant_images/4500.jpg,13,Geum canadense,No
plant_images/27149.jpg,10,Persicaria perfoliata,Yes
plant_images/16061.jpg,14,Ficaria verna,Yes
plant_images/14614.jpg,12,Alliaria petiolata,Yes
plant_images/4351.jpg,6,Lonicera japonica,Yes
plant_images/24957.jpg,2,Elaeagnus umbellata,Yes
plant_images/4993.jpg,6,Lonicera japonica,Yes
plant_images/22119.jpg,0,Ailanthus altissima,Yes
plant_images/12654.jpg,6,Lonicera japonica,Yes
plant_images/15418.jpg,4,Rubus phoenicolasius,Yes
plant_images/12375.jpg,10,Persicaria perfoliata,Yes
plant_images/16416.jpg,6,Lonicera japonica,Yes
plant_images/3639.jpg,9,Parthenocissus quinquefolia,No
plant_images/13238.jpg,9,Parthenocissus quinquefolia,No
plant_images/22394.jpg,4,Rubus phoenicolasius,Yes
plant_images/8347.jpg,1,Rhus copallinum,No
plant_images/23068.jpg,2,Elaeagnus umbellata,Yes
plant_images/27778.jpg,7,Campsis radicans,No
plant_images/21202.jpg,4,Rubus phoenicolasius,Yes
plant_images/8561.jpg,3,Asimina triloba,No
plant_images/13540.jpg,3,Asimina triloba,No
plant_images/763.jpg,7,Campsis radicans,No
plant_images/3124.jpg,12,Alliaria petiolata,Yes
plant_images/20393.jpg,3,Asimina triloba,No
plant_images/25343.jpg,2,Elaeagnus umbellata,Yes
plant_images/14441.jpg,14,Ficaria verna,Yes
plant_images/19357.jpg,9,Parthenocissus quinquefolia,No
plant_images/23478.jpg,2,Elaeagnus umbellata,Yes
plant_images/1322.jpg,9,Parthenocissus quinquefolia,No
plant_images/6565.jpg,4,Rubus phoenicolasius,Yes
plant_images/11097.jpg,12,Alliaria petiolata,Yes
plant_images/25649.jpg,2,Elaeagnus umbellata,Yes
plant_images/11947.jpg,5,Rubus occidentalis,No
plant_images/18055.jpg,14,Ficaria verna,Yes
plant_images/4067.jpg,4,Rubus phoenicolasius,Yes
plant_images/5899.jpg,9,Parthenocissus quinquefolia,No
plant_images/19621.jpg,0,Ailanthus altissima,Yes
plant_images/11380.jpg,9,Parthenocissus quinquefolia,No
plant_images/4409.jpg,8,Hedera helix,Yes
plant_images/17260.jpg,4,Rubus phoenicolasius,Yes
plant_images/23083.jpg,2,Elaeagnus umbellata,Yes
plant_images/21974.jpg,4,Rubus phoenicolasius,Yes
plant_images/7729.jpg,9,Parthenocissus quinquefolia,No
plant_images/26249.jpg,9,Parthenocissus quinquefolia,No
plant_images/6168.jpg,4,Rubus phoenicolasius,Yes
plant_images/11455.jpg,9,Parthenocissus quinquefolia,No
plant_images/15133.jpg,3,Asimina triloba,No
plant_images/13642.jpg,9,Parthenocissus quinquefolia,No
plant_images/18086.jpg,12,Alliaria petiolata,Yes
plant_images/3161.jpg,3,Asimina triloba,No
plant_images/7916.jpg,6,Lonicera japonica,Yes
plant_images/23967.jpg,9,Parthenocissus quinquefolia,No
plant_images/17374.jpg,8,Hedera helix,Yes
plant_images/21081.jpg,4,Rubus phoenicolasius,Yes
plant_images/10369.jpg,9,Parthenocissus quinquefolia,No
plant_images/26427.jpg,8,Hedera helix,Yes
plant_images/18263.jpg,2,Elaeagnus umbellata,Yes
plant_images/14746.jpg,12,Alliaria petiolata,Yes
plant_images/1564.jpg,14,Ficaria verna,Yes
plant_images/7506.jpg,7,Campsis radicans,No
plant_images/12184.jpg,7,Campsis radicans,No
plant_images/23586.jpg,6,Lonicera japonica,Yes
plant_images/16584.jpg,9,Parthenocissus quinquefolia,No
plant_images/9310.jpg,3,Asimina triloba,No
plant_images/8528.jpg,3,Asimina triloba,No
plant_images/6579.jpg,4,Rubus phoenicolasius,Yes
plant_images/16315.jpg,15,Packera aurea,No
plant_images/22438.jpg,0,Ailanthus altissima,Yes
plant_images/25921.jpg,6,Lonicera japonica,Yes
plant_images/11643.jpg,6,Lonicera japonica,Yes
plant_images/18481.jpg,15,Packera aurea,No
plant_images/21152.jpg,4,Rubus phoenicolasius,Yes
plant_images/22005.jpg,14,Ficaria verna,Yes
plant_images/5316.jpg,0,Ailanthus altissima,Yes
plant_images/8473.jpg,8,Hedera helix,Yes
plant_images/22723.jpg,2,Elaeagnus umbellata,Yes
plant_images/19974.jpg,6,Lonicera japonica,Yes
plant_images/16693.jpg,4,Rubus phoenicolasius,Yes
plant_images/5530.jpg,15,Packera aurea,No
plant_images/4782.jpg,9,Parthenocissus quinquefolia,No
plant_images/18203.jpg,12,Alliaria petiolata,Yes
plant_images/6429.jpg,6,Lonicera japonica,Yes
plant_images/21191.jpg,7,Campsis radicans,No
plant_images/10632.jpg,3,Asimina triloba,No
plant_images/25222.jpg,4,Rubus phoenicolasius,Yes
plant_images/1626.jpg,6,Lonicera japonica,Yes
plant_images/6996.jpg,12,Alliaria petiolata,Yes
plant_images/7435.jpg,2,Elaeagnus umbellata,Yes
plant_images/23020.jpg,0,Ailanthus altissima,Yes
plant_images/1660.jpg,8,Hedera helix,Yes
plant_images/495.jpg,14,Ficaria verna,Yes
plant_images/6621.jpg,2,Elaeagnus umbellata,Yes
plant_images/11331.jpg,14,Ficaria verna,Yes
plant_images/16446.jpg,6,Lonicera japonica,Yes
plant_images/15543.jpg,7,Campsis radicans,No
plant_images/2937.jpg,14,Ficaria verna,Yes
plant_images/4750.jpg,15,Packera aurea,No
plant_images/19210.jpg,5,Rubus occidentalis,No
plant_images/22058.jpg,12,Alliaria petiolata,Yes
plant_images/15569.jpg,9,Parthenocissus quinquefolia,No
plant_images/21373.jpg,10,Persicaria perfoliata,Yes
plant_images/8968.jpg,14,Ficaria verna,Yes
plant_images/13695.jpg,9,Parthenocissus quinquefolia,No
plant_images/22379.jpg,7,Campsis radicans,No
plant_images/7968.jpg,5,Rubus occidentalis,No
plant_images/6420.jpg,10,Persicaria perfoliata,Yes
plant_images/7416.jpg,12,Alliaria petiolata,Yes
plant_images/3512.jpg,12,Alliaria petiolata,Yes
plant_images/12921.jpg,2,Elaeagnus umbellata,Yes
plant_images/13880.jpg,10,Persicaria perfoliata,Yes
plant_images/19127.jpg,10,Persicaria perfoliata,Yes
plant_images/13744.jpg,9,Parthenocissus quinquefolia,No
plant_images/6258.jpg,7,Campsis radicans,No
plant_images/24861.jpg,12,Alliaria petiolata,Yes
plant_images/9413.jpg,6,Lonicera japonica,Yes
plant_images/20402.jpg,0,Ailanthus altissima,Yes
plant_images/9481.jpg,2,Elaeagnus umbellata,Yes
plant_images/8227.jpg,7,Campsis radicans,No
plant_images/10635.jpg,11,Persicaria sagittata,No
plant_images/14604.jpg,14,Ficaria verna,Yes
plant_images/26971.jpg,6,Lonicera japonica,Yes
plant_images/24446.jpg,12,Alliaria petiolata,Yes
plant_images/25449.jpg,6,Lonicera japonica,Yes
plant_images/16436.jpg,12,Alliaria petiolata,Yes
plant_images/7441.jpg,9,Parthenocissus quinquefolia,No
plant_images/5970.jpg,14,Ficaria verna,Yes
plant_images/6815.jpg,14,Ficaria verna,Yes
plant_images/1494.jpg,14,Ficaria verna,Yes
plant_images/16188.jpg,12,Alliaria petiolata,Yes
plant_images/5160.jpg,15,Packera aurea,No
plant_images/22634.jpg,4,Rubus phoenicolasius,Yes
plant_images/23549.jpg,4,Rubus phoenicolasius,Yes
plant_images/15969.jpg,14,Ficaria verna,Yes
plant_images/23183.jpg,0,Ailanthus altissima,Yes
plant_images/13677.jpg,0,Ailanthus altissima,Yes
plant_images/9453.jpg,12,Alliaria petiolata,Yes
plant_images/26107.jpg,12,Alliaria petiolata,Yes
plant_images/21217.jpg,0,Ailanthus altissima,Yes
plant_images/1644.jpg,12,Alliaria petiolata,Yes
plant_images/4151.jpg,15,Packera aurea,No
plant_images/13519.jpg,6,Lonicera japonica,Yes
plant_images/13832.jpg,14,Ficaria verna,Yes
plant_images/16537.jpg,5,Rubus occidentalis,No
plant_images/19373.jpg,0,Ailanthus altissima,Yes
plant_images/6307.jpg,13,Geum canadense,No
plant_images/25800.jpg,3,Asimina triloba,No
plant_images/12413.jpg,1,Rhus copallinum,No
plant_images/10280.jpg,4,Rubus phoenicolasius,Yes
plant_images/4339.jpg,12,Alliaria petiolata,Yes
plant_images/571.jpg,8,Hedera helix,Yes
plant_images/11086.jpg,14,Ficaria verna,Yes
plant_images/21993.jpg,4,Rubus phoenicolasius,Yes
plant_images/22773.jpg,8,Hedera helix,Yes
plant_images/15881.jpg,0,Ailanthus altissima,Yes
plant_images/7200.jpg,14,Ficaria verna,Yes
plant_images/6463.jpg,2,Elaeagnus umbellata,Yes
plant_images/16112.jpg,3,Asimina triloba,No
plant_images/24113.jpg,11,Persicaria sagittata,No
plant_images/25675.jpg,12,Alliaria petiolata,Yes
plant_images/3039.jpg,12,Alliaria petiolata,Yes
plant_images/11721.jpg,1,Rhus copallinum,No
plant_images/17801.jpg,12,Alliaria petiolata,Yes
plant_images/19625.jpg,3,Asimina triloba,No
plant_images/23323.jpg,8,Hedera helix,Yes
plant_images/12344.jpg,3,Asimina triloba,No
plant_images/26759.jpg,7,Campsis radicans,No
plant_images/19738.jpg,4,Rubus phoenicolasius,Yes
plant_images/25700.jpg,2,Elaeagnus umbellata,Yes
plant_images/16790.jpg,6,Lonicera japonica,Yes
plant_images/27623.jpg,6,Lonicera japonica,Yes
plant_images/14860.jpg,9,Parthenocissus quinquefolia,No
plant_images/13050.jpg,2,Elaeagnus umbellata,Yes
plant_images/22212.jpg,12,Alliaria petiolata,Yes
plant_images/1588.jpg,14,Ficaria verna,Yes
plant_images/4127.jpg,7,Campsis radicans,No
plant_images/19511.jpg,2,Elaeagnus umbellata,Yes
plant_images/9585.jpg,7,Campsis radicans,No
plant_images/2647.jpg,4,Rubus phoenicolasius,Yes
plant_images/16949.jpg,9,Parthenocissus quinquefolia,No
plant_images/6106.jpg,9,Parthenocissus quinquefolia,No
plant_images/17441.jpg,8,Hedera helix,Yes
plant_images/11841.jpg,7,Campsis radicans,No
plant_images/12233.jpg,9,Parthenocissus quinquefolia,No
plant_images/24501.jpg,3,Asimina triloba,No
plant_images/8828.jpg,2,Elaeagnus umbellata,Yes
plant_images/9651.jpg,8,Hedera helix,Yes
plant_images/26507.jpg,14,Ficaria verna,Yes
plant_images/4554.jpg,0,Ailanthus altissima,Yes
plant_images/20839.jpg,9,Parthenocissus quinquefolia,No
plant_images/19025.jpg,6,Lonicera japonica,Yes
plant_images/1827.jpg,10,Persicaria perfoliata,Yes
plant_images/9686.jpg,9,Parthenocissus quinquefolia,No
plant_images/9238.jpg,14,Ficaria verna,Yes
plant_images/7302.jpg,6,Lonicera japonica,Yes
plant_images/27658.jpg,13,Geum canadense,No
plant_images/8519.jpg,2,Elaeagnus umbellata,Yes
plant_images/15908.jpg,15,Packera aurea,No
plant_images/3610.jpg,10,Persicaria perfoliata,Yes
plant_images/6659.jpg,2,Elaeagnus umbellata,Yes
plant_images/24359.jpg,9,Parthenocissus quinquefolia,No
plant_images/23146.jpg,4,Rubus phoenicolasius,Yes
plant_images/1741.jpg,10,Persicaria perfoliata,Yes
plant_images/3261.jpg,7,Campsis radicans,No
plant_images/21789.jpg,4,Rubus phoenicolasius,Yes
plant_images/2253.jpg,12,Alliaria petiolata,Yes
plant_images/16135.jpg,2,Elaeagnus umbellata,Yes
plant_images/12210.jpg,3,Asimina triloba,No
plant_images/14647.jpg,4,Rubus phoenicolasius,Yes
plant_images/14880.jpg,12,Alliaria petiolata,Yes
plant_images/1607.jpg,4,Rubus phoenicolasius,Yes
plant_images/20771.jpg,3,Asimina triloba,No
plant_images/4264.jpg,14,Ficaria verna,Yes
plant_images/6910.jpg,8,Hedera helix,Yes
plant_images/5243.jpg,12,Alliaria petiolata,Yes
plant_images/16541.jpg,12,Alliaria petiolata,Yes
plant_images/16941.jpg,10,Persicaria perfoliata,Yes
plant_images/14393.jpg,9,Parthenocissus quinquefolia,No
plant_images/3430.jpg,6,Lonicera japonica,Yes
plant_images/9009.jpg,12,Alliaria petiolata,Yes
plant_images/24347.jpg,9,Parthenocissus quinquefolia,No
plant_images/10410.jpg,1,Rhus copallinum,No
plant_images/4578.jpg,0,Ailanthus altissima,Yes
plant_images/25416.jpg,9,Parthenocissus quinquefolia,No
plant_images/17040.jpg,6,Lonicera japonica,Yes
plant_images/27349.jpg,1,Rhus copallinum,No
plant_images/3509.jpg,14,Ficaria verna,Yes
plant_images/24750.jpg,12,Alliaria petiolata,Yes
plant_images/22511.jpg,9,Parthenocissus quinquefolia,No
plant_images/21699.jpg,6,Lonicera japonica,Yes
plant_images/12924.jpg,12,Alliaria petiolata,Yes
plant_images/2963.jpg,9,Parthenocissus quinquefolia,No
plant_images/24930.jpg,6,Lonicera japonica,Yes
plant_images/21989.jpg,10,Persicaria perfoliata,Yes
plant_images/22157.jpg,5,Rubus occidentalis,No
plant_images/14063.jpg,9,Parthenocissus quinquefolia,No
plant_images/10251.jpg,13,Geum canadense,No
plant_images/11543.jpg,6,Lonicera japonica,Yes
plant_images/19588.jpg,0,Ailanthus altissima,Yes
plant_images/26751.jpg,2,Elaeagnus umbellata,Yes
plant_images/17029.jpg,10,Persicaria perfoliata,Yes
plant_images/20955.jpg,4,Rubus phoenicolasius,Yes
plant_images/3331.jpg,0,Ailanthus altissima,Yes
plant_images/14130.jpg,3,Asimina triloba,No
plant_images/8491.jpg,0,Ailanthus altissima,Yes
plant_images/24588.jpg,6,Lonicera japonica,Yes
plant_images/2139.jpg,13,Geum canadense,No
plant_images/5615.jpg,15,Packera aurea,No
plant_images/8313.jpg,3,Asimina triloba,No
plant_images/13656.jpg,4,Rubus phoenicolasius,Yes
plant_images/2390.jpg,12,Alliaria petiolata,Yes
plant_images/24222.jpg,4,Rubus phoenicolasius,Yes
plant_images/7754.jpg,3,Asimina triloba,No
plant_images/6532.jpg,8,Hedera helix,Yes
plant_images/7401.jpg,12,Alliaria petiolata,Yes
plant_images/19431.jpg,4,Rubus phoenicolasius,Yes
plant_images/22395.jpg,0,Ailanthus altissima,Yes
plant_images/26915.jpg,3,Asimina triloba,No
plant_images/1814.jpg,12,Alliaria petiolata,Yes
plant_images/13998.jpg,2,Elaeagnus umbellata,Yes
plant_images/21913.jpg,3,Asimina triloba,No
plant_images/9385.jpg,12,Alliaria petiolata,Yes
plant_images/11646.jpg,12,Alliaria petiolata,Yes
plant_images/21388.jpg,10,Persicaria perfoliata,Yes
plant_images/15305.jpg,7,Campsis radicans,No
plant_images/27575.jpg,3,Asimina triloba,No
plant_images/23113.jpg,10,Persicaria perfoliata,Yes
plant_images/20632.jpg,12,Alliaria petiolata,Yes
plant_images/14545.jpg,12,Alliaria petiolata,Yes
plant_images/19665.jpg,12,Alliaria petiolata,Yes
plant_images/19739.jpg,14,Ficaria verna,Yes
plant_images/9714.jpg,9,Parthenocissus quinquefolia,No
plant_images/8554.jpg,10,Persicaria perfoliata,Yes
plant_images/27749.jpg,1,Rhus copallinum,No
plant_images/5115.jpg,14,Ficaria verna,Yes
plant_images/13145.jpg,12,Alliaria petiolata,Yes
plant_images/17147.jpg,3,Asimina triloba,No
plant_images/15479.jpg,4,Rubus phoenicolasius,Yes
plant_images/5011.jpg,12,Alliaria petiolata,Yes
plant_images/10241.jpg,5,Rubus occidentalis,No
plant_images/1596.jpg,4,Rubus phoenicolasius,Yes
plant_images/11924.jpg,4,Rubus phoenicolasius,Yes
plant_images/3397.jpg,10,Persicaria perfoliata,Yes
plant_images/15433.jpg,3,Asimina triloba,No
plant_images/10675.jpg,0,Ailanthus altissima,Yes
plant_images/17642.jpg,8,Hedera helix,Yes
plant_images/9393.jpg,12,Alliaria petiolata,Yes
plant_images/7003.jpg,6,Lonicera japonica,Yes
plant_images/25169.jpg,7,Campsis radicans,No
plant_images/12050.jpg,7,Campsis radicans,No
plant_images/5820.jpg,9,Parthenocissus quinquefolia,No
plant_images/8878.jpg,14,Ficaria verna,Yes
plant_images/26658.jpg,13,Geum canadense,No
plant_images/14769.jpg,3,Asimina triloba,No
plant_images/18965.jpg,7,Campsis radicans,No
plant_images/11967.jpg,10,Persicaria perfoliata,Yes
plant_images/1061.jpg,9,Parthenocissus quinquefolia,No
plant_images/22692.jpg,9,Parthenocissus quinquefolia,No
plant_images/25387.jpg,8,Hedera helix,Yes
plant_images/4170.jpg,3,Asimina triloba,No
plant_images/8511.jpg,3,Asimina triloba,No
plant_images/14432.jpg,4,Rubus phoenicolasius,Yes
plant_images/16105.jpg,14,Ficaria verna,Yes
plant_images/5992.jpg,12,Alliaria petiolata,Yes
plant_images/24141.jpg,2,Elaeagnus umbellata,Yes
plant_images/10864.jpg,14,Ficaria verna,Yes
plant_images/14067.jpg,15,Packera aurea,No
plant_images/26696.jpg,1,Rhus copallinum,No
plant_images/17344.jpg,3,Asimina triloba,No
plant_images/21021.jpg,12,Alliaria petiolata,Yes
plant_images/19655.jpg,1,Rhus copallinum,No
plant_images/13267.jpg,6,Lonicera japonica,Yes
plant_images/13039.jpg,15,Packera aurea,No
plant_images/1467.jpg,12,Alliaria petiolata,Yes
plant_images/1147.jpg,9,Parthenocissus quinquefolia,No
plant_images/19490.jpg,3,Asimina triloba,No
plant_images/8842.jpg,14,Ficaria verna,Yes
plant_images/26803.jpg,1,Rhus copallinum,No
plant_images/14195.jpg,3,Asimina triloba,No
plant_images/12320.jpg,9,Parthenocissus quinquefolia,No
plant_images/24055.jpg,3,Asimina triloba,No
plant_images/13611.jpg,3,Asimina triloba,No
plant_images/22188.jpg,3,Asimina triloba,No
plant_images/5209.jpg,1,Rhus copallinum,No
plant_images/20057.jpg,12,Alliaria petiolata,Yes
plant_images/12163.jpg,2,Elaeagnus umbellata,Yes
plant_images/19598.jpg,4,Rubus phoenicolasius,Yes
plant_images/1372.jpg,13,Geum canadense,No
plant_images/2017.jpg,14,Ficaria verna,Yes
plant_images/15314.jpg,5,Rubus occidentalis,No
plant_images/4538.jpg,13,Geum canadense,No
plant_images/21561.jpg,14,Ficaria verna,Yes
plant_images/24338.jpg,2,Elaeagnus umbellata,Yes
plant_images/20037.jpg,12,Alliaria petiolata,Yes
plant_images/2046.jpg,12,Alliaria petiolata,Yes
plant_images/22378.jpg,1,Rhus copallinum,No
plant_images/17324.jpg,12,Alliaria petiolata,Yes
plant_images/25441.jpg,6,Lonicera japonica,Yes
plant_images/1519.jpg,14,Ficaria verna,Yes
plant_images/4283.jpg,12,Alliaria petiolata,Yes
plant_images/19387.jpg,0,Ailanthus altissima,Yes
plant_images/1926.jpg,9,Parthenocissus quinquefolia,No
plant_images/2418.jpg,14,Ficaria verna,Yes
plant_images/23885.jpg,0,Ailanthus altissima,Yes
plant_images/4935.jpg,12,Alliaria petiolata,Yes
plant_images/20963.jpg,6,Lonicera japonica,Yes
plant_images/1014.jpg,12,Alliaria petiolata,Yes
plant_images/20808.jpg,3,Asimina triloba,No
plant_images/19088.jpg,15,Packera aurea,No
plant_images/1335.jpg,0,Ailanthus altissima,Yes
plant_images/26520.jpg,12,Alliaria petiolata,Yes
plant_images/1883.jpg,4,Rubus phoenicolasius,Yes
plant_images/24387.jpg,9,Parthenocissus quinquefolia,No
plant_images/24631.jpg,2,Elaeagnus umbellata,Yes
plant_images/14050.jpg,0,Ailanthus altissima,Yes
plant_images/10109.jpg,12,Alliaria petiolata,Yes
plant_images/19180.jpg,4,Rubus phoenicolasius,Yes
plant_images/986.jpg,12,Alliaria petiolata,Yes
plant_images/17206.jpg,3,Asimina triloba,No
plant_images/15588.jpg,1,Rhus copallinum,No
plant_images/7137.jpg,12,Alliaria petiolata,Yes
plant_images/842.jpg,12,Alliaria petiolata,Yes
plant_images/13157.jpg,6,Lonicera japonica,Yes
plant_images/7535.jpg,9,Parthenocissus quinquefolia,No
plant_images/1134.jpg,9,Parthenocissus quinquefolia,No
plant_images/23375.jpg,11,Persicaria sagittata,No
plant_images/1092.jpg,9,Parthenocissus quinquefolia,No
plant_images/10976.jpg,14,Ficaria verna,Yes
plant_images/10114.jpg,9,Parthenocissus quinquefolia,No
plant_images/21341.jpg,2,Elaeagnus umbellata,Yes
plant_images/22371.jpg,1,Rhus copallinum,No
plant_images/8903.jpg,6,Lonicera japonica,Yes
plant_images/24797.jpg,2,Elaeagnus umbellata,Yes
plant_images/25715.jpg,4,Rubus phoenicolasius,Yes
plant_images/15002.jpg,6,Lonicera japonica,Yes
plant_images/5893.jpg,14,Ficaria verna,Yes
plant_images/17632.jpg,3,Asimina triloba,No
plant_images/22872.jpg,6,Lonicera japonica,Yes
plant_images/19978.jpg,2,Elaeagnus umbellata,Yes
plant_images/21945.jpg,3,Asimina triloba,No
plant_images/15928.jpg,14,Ficaria verna,Yes
plant_images/23615.jpg,12,Alliaria petiolata,Yes
plant_images/25265.jpg,2,Elaeagnus umbellata,Yes
plant_images/24240.jpg,3,Asimina triloba,No
plant_images/14320.jpg,10,Persicaria perfoliata,Yes
plant_images/4317.jpg,0,Ailanthus altissima,Yes
plant_images/3979.jpg,13,Geum canadense,No
plant_images/28245.jpg,7,Campsis radicans,No
plant_images/17295.jpg,1,Rhus copallinum,No
plant_images/14682.jpg,14,Ficaria verna,Yes
plant_images/5173.jpg,1,Rhus copallinum,No
plant_images/9236.jpg,12,Alliaria petiolata,Yes
plant_images/15551.jpg,0,Ailanthus altissima,Yes
plant_images/14248.jpg,11,Persicaria sagittata,No
plant_images/26518.jpg,3,Asimina triloba,No
plant_images/7217.jpg,4,Rubus phoenicolasius,Yes
plant_images/11208.jpg,9,Parthenocissus quinquefolia,No
plant_images/16639.jpg,9,Parthenocissus quinquefolia,No
plant_images/56.jpg,12,Alliaria petiolata,Yes
plant_images/22035.jpg,10,Persicaria perfoliata,Yes
plant_images/7140.jpg,11,Persicaria sagittata,No
plant_images/18997.jpg,7,Campsis radicans,No
plant_images/22908.jpg,5,Rubus occidentalis,No
plant_images/4000.jpg,13,Geum canadense,No
plant_images/26098.jpg,2,Elaeagnus umbellata,Yes
plant_images/27072.jpg,15,Packera aurea,No
plant_images/26716.jpg,11,Persicaria sagittata,No
plant_images/11511.jpg,6,Lonicera japonica,Yes
plant_images/18032.jpg,14,Ficaria verna,Yes
plant_images/22272.jpg,12,Alliaria petiolata,Yes
plant_images/23644.jpg,14,Ficaria verna,Yes
plant_images/23071.jpg,2,Elaeagnus umbellata,Yes
plant_images/19475.jpg,2,Elaeagnus umbellata,Yes
plant_images/558.jpg,7,Campsis radicans,No
plant_images/21842.jpg,2,Elaeagnus umbellata,Yes
plant_images/1334.jpg,8,Hedera helix,Yes
plant_images/15461.jpg,5,Rubus occidentalis,No
plant_images/26301.jpg,4,Rubus phoenicolasius,Yes
plant_images/27698.jpg,6,Lonicera japonica,Yes
plant_images/22532.jpg,2,Elaeagnus umbellata,Yes
plant_images/11361.jpg,9,Parthenocissus quinquefolia,No
plant_images/21369.jpg,2,Elaeagnus umbellata,Yes
plant_images/4652.jpg,0,Ailanthus altissima,Yes
plant_images/25859.jpg,1,Rhus copallinum,No
plant_images/26870.jpg,8,Hedera helix,Yes
plant_images/20843.jpg,10,Persicaria perfoliata,Yes
plant_images/2712.jpg,9,Parthenocissus quinquefolia,No
plant_images/10927.jpg,14,Ficaria verna,Yes
plant_images/17914.jpg,14,Ficaria verna,Yes
plant_images/24379.jpg,6,Lonicera japonica,Yes
plant_images/14584.jpg,12,Alliaria petiolata,Yes
plant_images/16814.jpg,3,Asimina triloba,No
plant_images/21222.jpg,0,Ailanthus altissima,Yes
plant_images/4870.jpg,9,Parthenocissus quinquefolia,No
plant_images/3457.jpg,14,Ficaria verna,Yes
plant_images/27418.jpg,3,Asimina triloba,No
plant_images/21418.jpg,3,Asimina triloba,No
plant_images/24758.jpg,3,Asimina triloba,No
plant_images/14190.jpg,2,Elaeagnus umbellata,Yes
plant_images/21235.jpg,13,Geum canadense,No
plant_images/10144.jpg,0,Ailanthus altissima,Yes
plant_images/12868.jpg,2,Elaeagnus umbellata,Yes
plant_images/27365.jpg,3,Asimina triloba,No
plant_images/18245.jpg,12,Alliaria petiolata,Yes
plant_images/11708.jpg,0,Ailanthus altissima,Yes
plant_images/24236.jpg,0,Ailanthus altissima,Yes
plant_images/26907.jpg,10,Persicaria perfoliata,Yes
plant_images/22804.jpg,12,Alliaria petiolata,Yes
plant_images/10142.jpg,3,Asimina triloba,No
plant_images/15404.jpg,3,Asimina triloba,No
plant_images/4108.jpg,4,Rubus phoenicolasius,Yes
plant_images/16304.jpg,14,Ficaria verna,Yes
plant_images/19715.jpg,10,Persicaria perfoliata,Yes
plant_images/15987.jpg,3,Asimina triloba,No
plant_images/9972.jpg,12,Alliaria petiolata,Yes
plant_images/23677.jpg,3,Asimina triloba,No
plant_images/26724.jpg,1,Rhus copallinum,No
plant_images/26824.jpg,8,Hedera helix,Yes
plant_images/22090.jpg,12,Alliaria petiolata,Yes
plant_images/21327.jpg,10,Persicaria perfoliata,Yes
plant_images/2342.jpg,8,Hedera helix,Yes
plant_images/15293.jpg,4,Rubus phoenicolasius,Yes
plant_images/12018.jpg,12,Alliaria petiolata,Yes
plant_images/17860.jpg,14,Ficaria verna,Yes
plant_images/20221.jpg,12,Alliaria petiolata,Yes
plant_images/10315.jpg,13,Geum canadense,No
plant_images/20483.jpg,11,Persicaria sagittata,No
plant_images/14817.jpg,3,Asimina triloba,No
plant_images/24674.jpg,12,Alliaria petiolata,Yes
plant_images/2482.jpg,9,Parthenocissus quinquefolia,No
plant_images/2225.jpg,14,Ficaria verna,Yes
plant_images/11577.jpg,3,Asimina triloba,No
plant_images/14778.jpg,14,Ficaria verna,Yes
plant_images/19153.jpg,3,Asimina triloba,No
plant_images/19893.jpg,13,Geum canadense,No
plant_images/15120.jpg,15,Packera aurea,No
plant_images/11851.jpg,3,Asimina triloba,No
plant_images/13402.jpg,12,Alliaria petiolata,Yes
plant_images/22808.jpg,2,Elaeagnus umbellata,Yes
plant_images/26789.jpg,4,Rubus phoenicolasius,Yes
plant_images/18764.jpg,14,Ficaria verna,Yes
plant_images/27635.jpg,3,Asimina triloba,No
plant_images/22739.jpg,15,Packera aurea,No
plant_images/20377.jpg,7,Campsis radicans,No
plant_images/28153.jpg,0,Ailanthus altissima,Yes
plant_images/5760.jpg,9,Parthenocissus quinquefolia,No
plant_images/20988.jpg,12,Alliaria petiolata,Yes
plant_images/138.jpg,8,Hedera helix,Yes
plant_images/18780.jpg,15,Packera aurea,No
plant_images/12677.jpg,12,Alliaria petiolata,Yes
plant_images/12598.jpg,14,Ficaria verna,Yes
plant_images/27689.jpg,6,Lonicera japonica,Yes
plant_images/2827.jpg,12,Alliaria petiolata,Yes
plant_images/26753.jpg,7,Campsis radicans,No
plant_images/6656.jpg,12,Alliaria petiolata,Yes
plant_images/7303.jpg,2,Elaeagnus umbellata,Yes
plant_images/22308.jpg,3,Asimina triloba,No
plant_images/8930.jpg,2,Elaeagnus umbellata,Yes
plant_images/3662.jpg,14,Ficaria verna,Yes
plant_images/7159.jpg,12,Alliaria petiolata,Yes
plant_images/2727.jpg,4,Rubus phoenicolasius,Yes
plant_images/20394.jpg,7,Campsis radicans,No
plant_images/6462.jpg,9,Parthenocissus quinquefolia,No
plant_images/9345.jpg,2,Elaeagnus umbellata,Yes
plant_images/10753.jpg,8,Hedera helix,Yes
plant_images/11982.jpg,2,Elaeagnus umbellata,Yes
plant_images/6301.jpg,8,Hedera helix,Yes
plant_images/13648.jpg,0,Ailanthus altissima,Yes
plant_images/9949.jpg,12,Alliaria petiolata,Yes
plant_images/845.jpg,14,Ficaria verna,Yes
plant_images/12489.jpg,8,Hedera helix,Yes
plant_images/15723.jpg,11,Persicaria sagittata,No
plant_images/23011.jpg,2,Elaeagnus umbellata,Yes
plant_images/26960.jpg,14,Ficaria verna,Yes
plant_images/4857.jpg,10,Persicaria perfoliata,Yes
plant_images/20213.jpg,12,Alliaria petiolata,Yes
plant_images/14896.jpg,9,Parthenocissus quinquefolia,No
plant_images/3969.jpg,9,Parthenocissus quinquefolia,No
plant_images/3008.jpg,0,Ailanthus altissima,Yes
plant_images/5598.jpg,12,Alliaria petiolata,Yes
plant_images/11203.jpg,14,Ficaria verna,Yes
plant_images/21226.jpg,4,Rubus phoenicolasius,Yes
plant_images/17546.jpg,8,Hedera helix,Yes
plant_images/11340.jpg,8,Hedera helix,Yes
plant_images/23092.jpg,2,Elaeagnus umbellata,Yes
plant_images/11304.jpg,12,Alliaria petiolata,Yes
plant_images/6419.jpg,12,Alliaria petiolata,Yes
plant_images/3901.jpg,10,Persicaria perfoliata,Yes
plant_images/4350.jpg,4,Rubus phoenicolasius,Yes
plant_images/7307.jpg,14,Ficaria verna,Yes
plant_images/16110.jpg,6,Lonicera japonica,Yes
plant_images/22182.jpg,10,Persicaria perfoliata,Yes
plant_images/13488.jpg,1,Rhus copallinum,No
plant_images/17536.jpg,10,Persicaria perfoliata,Yes
plant_images/8975.jpg,12,Alliaria petiolata,Yes
plant_images/16375.jpg,4,Rubus phoenicolasius,Yes
plant_images/6725.jpg,14,Ficaria verna,Yes
plant_images/17547.jpg,8,Hedera helix,Yes
plant_images/20126.jpg,12,Alliaria petiolata,Yes
plant_images/1450.jpg,6,Lonicera japonica,Yes
plant_images/1892.jpg,14,Ficaria verna,Yes
plant_images/5620.jpg,12,Alliaria petiolata,Yes
plant_images/18417.jpg,6,Lonicera japonica,Yes
plant_images/12563.jpg,14,Ficaria verna,Yes
plant_images/10052.jpg,9,Parthenocissus quinquefolia,No
plant_images/16373.jpg,9,Parthenocissus quinquefolia,No
plant_images/7794.jpg,6,Lonicera japonica,Yes
plant_images/12484.jpg,4,Rubus phoenicolasius,Yes
plant_images/3883.jpg,13,Geum canadense,No
plant_images/17173.jpg,10,Persicaria perfoliata,Yes
plant_images/712.jpg,8,Hedera helix,Yes
plant_images/21627.jpg,3,Asimina triloba,No
plant_images/28320.jpg,7,Campsis radicans,No
plant_images/13257.jpg,9,Parthenocissus quinquefolia,No
plant_images/26065.jpg,12,Alliaria petiolata,Yes
plant_images/10075.jpg,9,Parthenocissus quinquefolia,No
plant_images/26244.jpg,6,Lonicera japonica,Yes
plant_images/18347.jpg,14,Ficaria verna,Yes
plant_images/677.jpg,3,Asimina triloba,No
plant_images/17452.jpg,3,Asimina triloba,No
plant_images/24528.jpg,7,Campsis radicans,No
plant_images/19498.jpg,7,Campsis radicans,No
plant_images/17399.jpg,11,Persicaria sagittata,No
plant_images/24638.jpg,2,Elaeagnus umbellata,Yes
plant_images/10322.jpg,10,Persicaria perfoliata,Yes
plant_images/15797.jpg,6,Lonicera japonica,Yes
plant_images/22663.jpg,12,Alliaria petiolata,Yes
plant_images/3446.jpg,14,Ficaria verna,Yes
plant_images/1349.jpg,6,Lonicera japonica,Yes
plant_images/10321.jpg,4,Rubus phoenicolasius,Yes
plant_images/10380.jpg,3,Asimina triloba,No
plant_images/9210.jpg,14,Ficaria verna,Yes
plant_images/3382.jpg,3,Asimina triloba,No
plant_images/27054.jpg,6,Lonicera japonica,Yes
plant_images/8185.jpg,3,Asimina triloba,No
plant_images/10362.jpg,4,Rubus phoenicolasius,Yes
plant_images/2463.jpg,14,Ficaria verna,Yes
plant_images/27242.jpg,6,Lonicera japonica,Yes
plant_images/23215.jpg,2,Elaeagnus umbellata,Yes
plant_images/4037.jpg,14,Ficaria verna,Yes
plant_images/926.jpg,12,Alliaria petiolata,Yes
plant_images/21898.jpg,2,Elaeagnus umbellata,Yes
plant_images/22397.jpg,4,Rubus phoenicolasius,Yes
plant_images/21559.jpg,14,Ficaria verna,Yes
plant_images/21208.jpg,4,Rubus phoenicolasius,Yes
plant_images/10882.jpg,14,Ficaria verna,Yes
plant_images/9825.jpg,2,Elaeagnus umbellata,Yes
plant_images/8952.jpg,14,Ficaria verna,Yes
plant_images/13478.jpg,1,Rhus copallinum,No
plant_images/25150.jpg,7,Campsis radicans,No
plant_images/13179.jpg,6,Lonicera japonica,Yes
plant_images/26323.jpg,3,Asimina triloba,No
plant_images/15256.jpg,6,Lonicera japonica,Yes
plant_images/22681.jpg,12,Alliaria petiolata,Yes
plant_images/23143.jpg,2,Elaeagnus umbellata,Yes
plant_images/6694.jpg,4,Rubus phoenicolasius,Yes
plant_images/11177.jpg,3,Asimina triloba,No
plant_images/21625.jpg,12,Alliaria petiolata,Yes
plant_images/391.jpg,7,Campsis radicans,No
plant_images/20618.jpg,9,Parthenocissus quinquefolia,No
plant_images/20910.jpg,6,Lonicera japonica,Yes
plant_images/21761.jpg,4,Rubus phoenicolasius,Yes
plant_images/21750.jpg,13,Geum canadense,No
plant_images/8893.jpg,4,Rubus phoenicolasius,Yes
plant_images/27946.jpg,0,Ailanthus altissima,Yes
plant_images/459.jpg,0,Ailanthus altissima,Yes
plant_images/8655.jpg,10,Persicaria perfoliata,Yes
plant_images/6261.jpg,4,Rubus phoenicolasius,Yes
plant_images/13720.jpg,4,Rubus phoenicolasius,Yes
plant_images/25647.jpg,6,Lonicera japonica,Yes
plant_images/18264.jpg,14,Ficaria verna,Yes
plant_images/14849.jpg,12,Alliaria petiolata,Yes
plant_images/8336.jpg,7,Campsis radicans,No
plant_images/9079.jpg,14,Ficaria verna,Yes
plant_images/7598.jpg,8,Hedera helix,Yes
plant_images/10212.jpg,4,Rubus phoenicolasius,Yes
plant_images/600.jpg,4,Rubus phoenicolasius,Yes
plant_images/10953.jpg,14,Ficaria verna,Yes
plant_images/1555.jpg,8,Hedera helix,Yes
plant_images/19705.jpg,4,Rubus phoenicolasius,Yes
plant_images/9486.jpg,12,Alliaria petiolata,Yes
plant_images/452.jpg,6,Lonicera japonica,Yes
plant_images/18691.jpg,3,Asimina triloba,No
plant_images/16336.jpg,8,Hedera helix,Yes
plant_images/1406.jpg,8,Hedera helix,Yes
plant_images/15604.jpg,10,Persicaria perfoliata,Yes
plant_images/12504.jpg,12,Alliaria petiolata,Yes
plant_images/27317.jpg,7,Campsis radicans,No
plant_images/17690.jpg,11,Persicaria sagittata,No
plant_images/12119.jpg,1,Rhus copallinum,No
plant_images/12697.jpg,14,Ficaria verna,Yes
plant_images/26932.jpg,4,Rubus phoenicolasius,Yes
plant_images/9050.jpg,14,Ficaria verna,Yes
plant_images/23209.jpg,10,Persicaria perfoliata,Yes
plant_images/22470.jpg,3,Asimina triloba,No
plant_images/843.jpg,14,Ficaria verna,Yes
plant_images/26124.jpg,12,Alliaria petiolata,Yes
plant_images/1076.jpg,6,Lonicera japonica,Yes
plant_images/2651.jpg,12,Alliaria petiolata,Yes
plant_images/784.jpg,10,Persicaria perfoliata,Yes
plant_images/1976.jpg,6,Lonicera japonica,Yes
plant_images/26139.jpg,15,Packera aurea,No
plant_images/26011.jpg,14,Ficaria verna,Yes
plant_images/10581.jpg,2,Elaeagnus umbellata,Yes
plant_images/3839.jpg,0,Ailanthus altissima,Yes
plant_images/9729.jpg,6,Lonicera japonica,Yes
plant_images/19003.jpg,10,Persicaria perfoliata,Yes
plant_images/8960.jpg,6,Lonicera japonica,Yes
plant_images/5704.jpg,3,Asimina triloba,No
plant_images/9461.jpg,2,Elaeagnus umbellata,Yes
plant_images/5964.jpg,10,Persicaria perfoliata,Yes
plant_images/12158.jpg,8,Hedera helix,Yes
plant_images/10445.jpg,2,Elaeagnus umbellata,Yes
plant_images/13087.jpg,3,Asimina triloba,No
plant_images/23477.jpg,2,Elaeagnus umbellata,Yes
plant_images/15043.jpg,12,Alliaria petiolata,Yes
plant_images/820.jpg,14,Ficaria verna,Yes
plant_images/21653.jpg,0,Ailanthus altissima,Yes
plant_images/8181.jpg,2,Elaeagnus umbellata,Yes
plant_images/9330.jpg,15,Packera aurea,No
plant_images/15417.jpg,4,Rubus phoenicolasius,Yes
plant_images/23363.jpg,6,Lonicera japonica,Yes
plant_images/1668.jpg,12,Alliaria petiolata,Yes
plant_images/21364.jpg,3,Asimina triloba,No
plant_images/20627.jpg,2,Elaeagnus umbellata,Yes
plant_images/11396.jpg,8,Hedera helix,Yes
plant_images/20975.jpg,2,Elaeagnus umbellata,Yes
plant_images/14128.jpg,11,Persicaria sagittata,No
plant_images/22339.jpg,3,Asimina triloba,No
plant_images/28151.jpg,15,Packera aurea,No
plant_images/23849.jpg,3,Asimina triloba,No
plant_images/1847.jpg,14,Ficaria verna,Yes
plant_images/23206.jpg,2,Elaeagnus umbellata,Yes
plant_images/22854.jpg,4,Rubus phoenicolasius,Yes
plant_images/15637.jpg,3,Asimina triloba,No
plant_images/20310.jpg,6,Lonicera japonica,Yes
plant_images/5708.jpg,12,Alliaria petiolata,Yes
plant_images/9937.jpg,2,Elaeagnus umbellata,Yes
plant_images/27033.jpg,2,Elaeagnus umbellata,Yes
plant_images/23203.jpg,11,Persicaria sagittata,No
plant_images/5748.jpg,9,Parthenocissus quinquefolia,No
plant_images/3060.jpg,0,Ailanthus altissima,Yes
plant_images/23958.jpg,0,Ailanthus altissima,Yes
plant_images/3522.jpg,14,Ficaria verna,Yes
plant_images/10645.jpg,6,Lonicera japonica,Yes
plant_images/20825.jpg,7,Campsis radicans,No
plant_images/12439.jpg,4,Rubus phoenicolasius,Yes
plant_images/20228.jpg,12,Alliaria petiolata,Yes
plant_images/757.jpg,4,Rubus phoenicolasius,Yes
plant_images/21474.jpg,6,Lonicera japonica,Yes
plant_images/21413.jpg,4,Rubus phoenicolasius,Yes
plant_images/21462.jpg,10,Persicaria perfoliata,Yes
plant_images/24148.jpg,3,Asimina triloba,No
plant_images/12474.jpg,4,Rubus phoenicolasius,Yes
plant_images/18671.jpg,12,Alliaria petiolata,Yes
plant_images/26892.jpg,1,Rhus copallinum,No
plant_images/20811.jpg,13,Geum canadense,No
plant_images/10945.jpg,4,Rubus phoenicolasius,Yes
plant_images/10070.jpg,4,Rubus phoenicolasius,Yes
plant_images/7877.jpg,0,Ailanthus altissima,Yes
plant_images/24272.jpg,7,Campsis radicans,No
plant_images/27143.jpg,1,Rhus copallinum,No
plant_images/6165.jpg,6,Lonicera japonica,Yes
plant_images/7787.jpg,1,Rhus copallinum,No
plant_images/4369.jpg,12,Alliaria petiolata,Yes
plant_images/23235.jpg,11,Persicaria sagittata,No
plant_images/15205.jpg,8,Hedera helix,Yes
plant_images/16028.jpg,4,Rubus phoenicolasius,Yes
plant_images/4749.jpg,12,Alliaria petiolata,Yes
plant_images/1033.jpg,9,Parthenocissus quinquefolia,No
plant_images/23976.jpg,0,Ailanthus altissima,Yes
plant_images/3795.jpg,4,Rubus phoenicolasius,Yes
plant_images/13000.jpg,3,Asimina triloba,No
plant_images/9107.jpg,14,Ficaria verna,Yes
plant_images/20350.jpg,3,Asimina triloba,No
plant_images/15548.jpg,1,Rhus copallinum,No
plant_images/27708.jpg,2,Elaeagnus umbellata,Yes
plant_images/24034.jpg,4,Rubus phoenicolasius,Yes
plant_images/25390.jpg,6,Lonicera japonica,Yes
plant_images/3660.jpg,3,Asimina triloba,No
plant_images/1439.jpg,4,Rubus phoenicolasius,Yes
plant_images/19895.jpg,2,Elaeagnus umbellata,Yes
plant_images/20087.jpg,12,Alliaria petiolata,Yes
plant_images/20378.jpg,13,Geum canadense,No
plant_images/12046.jpg,0,Ailanthus altissima,Yes
plant_images/2554.jpg,0,Ailanthus altissima,Yes
plant_images/18024.jpg,14,Ficaria verna,Yes
plant_images/18852.jpg,12,Alliaria petiolata,Yes
plant_images/13868.jpg,0,Ailanthus altissima,Yes
plant_images/5979.jpg,9,Parthenocissus quinquefolia,No
plant_images/26405.jpg,6,Lonicera japonica,Yes
plant_images/13346.jpg,6,Lonicera japonica,Yes
plant_images/23413.jpg,10,Persicaria perfoliata,Yes
plant_images/25168.jpg,9,Parthenocissus quinquefolia,No
plant_images/23681.jpg,14,Ficaria verna,Yes
plant_images/12371.jpg,10,Persicaria perfoliata,Yes
plant_images/21292.jpg,2,Elaeagnus umbellata,Yes
plant_images/12568.jpg,14,Ficaria verna,Yes
plant_images/16237.jpg,2,Elaeagnus umbellata,Yes
plant_images/10739.jpg,3,Asimina triloba,No
plant_images/22075.jpg,2,Elaeagnus umbellata,Yes
plant_images/12380.jpg,10,Persicaria perfoliata,Yes
plant_images/12442.jpg,10,Persicaria perfoliata,Yes
plant_images/14218.jpg,2,Elaeagnus umbellata,Yes
plant_images/2348.jpg,0,Ailanthus altissima,Yes
plant_images/2587.jpg,0,Ailanthus altissima,Yes
plant_images/22792.jpg,4,Rubus phoenicolasius,Yes
plant_images/2448.jpg,14,Ficaria verna,Yes
plant_images/7620.jpg,14,Ficaria verna,Yes
plant_images/25990.jpg,4,Rubus phoenicolasius,Yes
plant_images/4366.jpg,9,Parthenocissus quinquefolia,No
plant_images/27051.jpg,7,Campsis radicans,No
plant_images/11386.jpg,3,Asimina triloba,No
plant_images/1728.jpg,9,Parthenocissus quinquefolia,No
plant_images/3811.jpg,11,Persicaria sagittata,No
plant_images/5117.jpg,6,Lonicera japonica,Yes
plant_images/20724.jpg,0,Ailanthus altissima,Yes
plant_images/15181.jpg,3,Asimina triloba,No
plant_images/2350.jpg,8,Hedera helix,Yes
plant_images/23904.jpg,3,Asimina triloba,No
plant_images/1918.jpg,9,Parthenocissus quinquefolia,No
plant_images/17803.jpg,6,Lonicera japonica,Yes
plant_images/12077.jpg,0,Ailanthus altissima,Yes
plant_images/540.jpg,13,Geum canadense,No
plant_images/20655.jpg,12,Alliaria petiolata,Yes
plant_images/18315.jpg,14,Ficaria verna,Yes
plant_images/5401.jpg,0,Ailanthus altissima,Yes
plant_images/26028.jpg,14,Ficaria verna,Yes
plant_images/3141.jpg,6,Lonicera japonica,Yes
plant_images/10012.jpg,15,Packera aurea,No
plant_images/19605.jpg,10,Persicaria perfoliata,Yes
plant_images/4527.jpg,4,Rubus phoenicolasius,Yes
plant_images/13496.jpg,9,Parthenocissus quinquefolia,No
plant_images/8028.jpg,7,Campsis radicans,No
plant_images/15067.jpg,14,Ficaria verna,Yes
plant_images/8972.jpg,14,Ficaria verna,Yes
plant_images/2642.jpg,4,Rubus phoenicolasius,Yes
plant_images/24276.jpg,6,Lonicera japonica,Yes
plant_images/13775.jpg,9,Parthenocissus quinquefolia,No
plant_images/27511.jpg,3,Asimina triloba,No
plant_images/6388.jpg,4,Rubus phoenicolasius,Yes
plant_images/2164.jpg,4,Rubus phoenicolasius,Yes
plant_images/17873.jpg,12,Alliaria petiolata,Yes
plant_images/23167.jpg,7,Campsis radicans,No
plant_images/12446.jpg,0,Ailanthus altissima,Yes
plant_images/20932.jpg,9,Parthenocissus quinquefolia,No
plant_images/16178.jpg,14,Ficaria verna,Yes
plant_images/9429.jpg,9,Parthenocissus quinquefolia,No
plant_images/25447.jpg,2,Elaeagnus umbellata,Yes
plant_images/9890.jpg,9,Parthenocissus quinquefolia,No
plant_images/18966.jpg,9,Parthenocissus quinquefolia,No
plant_images/15527.jpg,7,Campsis radicans,No
plant_images/14548.jpg,3,Asimina triloba,No
plant_images/5611.jpg,14,Ficaria verna,Yes
plant_images/11676.jpg,9,Parthenocissus quinquefolia,No
plant_images/24284.jpg,2,Elaeagnus umbellata,Yes
plant_images/19825.jpg,2,Elaeagnus umbellata,Yes
plant_images/2034.jpg,12,Alliaria petiolata,Yes
plant_images/25722.jpg,6,Lonicera japonica,Yes
plant_images/26254.jpg,3,Asimina triloba,No
plant_images/8671.jpg,10,Persicaria perfoliata,Yes
plant_images/11241.jpg,12,Alliaria petiolata,Yes
plant_images/13840.jpg,7,Campsis radicans,No
plant_images/26135.jpg,6,Lonicera japonica,Yes
plant_images/9506.jpg,2,Elaeagnus umbellata,Yes
plant_images/6176.jpg,3,Asimina triloba,No
plant_images/801.jpg,8,Hedera helix,Yes
plant_images/5994.jpg,3,Asimina triloba,No
plant_images/17336.jpg,0,Ailanthus altissima,Yes
plant_images/16195.jpg,8,Hedera helix,Yes
plant_images/19154.jpg,3,Asimina triloba,No
plant_images/12741.jpg,14,Ficaria verna,Yes
plant_images/21758.jpg,9,Parthenocissus quinquefolia,No
plant_images/8656.jpg,1,Rhus copallinum,No
plant_images/11333.jpg,4,Rubus phoenicolasius,Yes
plant_images/1055.jpg,9,Parthenocissus quinquefolia,No
plant_images/20396.jpg,10,Persicaria perfoliata,Yes
plant_images/20909.jpg,6,Lonicera japonica,Yes
plant_images/21189.jpg,0,Ailanthus altissima,Yes
plant_images/14771.jpg,2,Elaeagnus umbellata,Yes
plant_images/18903.jpg,7,Campsis radicans,No
plant_images/19999.jpg,12,Alliaria petiolata,Yes
plant_images/24181.jpg,3,Asimina triloba,No
plant_images/788.jpg,4,Rubus phoenicolasius,Yes
plant_images/7238.jpg,12,Alliaria petiolata,Yes
plant_images/3244.jpg,7,Campsis radicans,No
plant_images/8395.jpg,3,Asimina triloba,No
plant_images/9589.jpg,2,Elaeagnus umbellata,Yes
plant_images/23178.jpg,3,Asimina triloba,No
plant_images/24803.jpg,12,Alliaria petiolata,Yes
plant_images/253.jpg,6,Lonicera japonica,Yes
plant_images/21139.jpg,9,Parthenocissus quinquefolia,No
plant_images/23046.jpg,4,Rubus phoenicolasius,Yes
plant_images/11088.jpg,12,Alliaria petiolata,Yes
plant_images/18272.jpg,2,Elaeagnus umbellata,Yes
plant_images/9071.jpg,14,Ficaria verna,Yes
plant_images/24525.jpg,2,Elaeagnus umbellata,Yes
plant_images/14517.jpg,14,Ficaria verna,Yes
plant_images/288.jpg,9,Parthenocissus quinquefolia,No
plant_images/3676.jpg,12,Alliaria petiolata,Yes
plant_images/19144.jpg,3,Asimina triloba,No
plant_images/8199.jpg,4,Rubus phoenicolasius,Yes
plant_images/19725.jpg,1,Rhus copallinum,No
plant_images/18561.jpg,9,Parthenocissus quinquefolia,No
plant_images/21846.jpg,0,Ailanthus altissima,Yes
plant_images/21792.jpg,0,Ailanthus altissima,Yes
plant_images/20913.jpg,10,Persicaria perfoliata,Yes
plant_images/24916.jpg,6,Lonicera japonica,Yes
plant_images/3700.jpg,9,Parthenocissus quinquefolia,No
plant_images/7060.jpg,12,Alliaria petiolata,Yes
plant_images/7173.jpg,12,Alliaria petiolata,Yes
plant_images/18165.jpg,14,Ficaria verna,Yes
plant_images/21001.jpg,15,Packera aurea,No
plant_images/13685.jpg,9,Parthenocissus quinquefolia,No
plant_images/22641.jpg,14,Ficaria verna,Yes
plant_images/24866.jpg,12,Alliaria petiolata,Yes
plant_images/6023.jpg,4,Rubus phoenicolasius,Yes
plant_images/27319.jpg,3,Asimina triloba,No
plant_images/7644.jpg,0,Ailanthus altissima,Yes
plant_images/20473.jpg,10,Persicaria perfoliata,Yes
plant_images/11193.jpg,12,Alliaria petiolata,Yes
plant_images/10591.jpg,11,Persicaria sagittata,No
plant_images/25583.jpg,9,Parthenocissus quinquefolia,No
plant_images/11288.jpg,4,Rubus phoenicolasius,Yes
plant_images/26310.jpg,1,Rhus copallinum,No
plant_images/26875.jpg,7,Campsis radicans,No
plant_images/18976.jpg,6,Lonicera japonica,Yes
plant_images/5313.jpg,9,Parthenocissus quinquefolia,No
plant_images/8992.jpg,14,Ficaria verna,Yes
plant_images/17361.jpg,2,Elaeagnus umbellata,Yes
plant_images/28020.jpg,15,Packera aurea,No
plant_images/7267.jpg,4,Rubus phoenicolasius,Yes
plant_images/25153.jpg,5,Rubus occidentalis,No
plant_images/25643.jpg,7,Campsis radicans,No
plant_images/12725.jpg,13,Geum canadense,No
plant_images/27603.jpg,3,Asimina triloba,No
plant_images/18168.jpg,12,Alliaria petiolata,Yes
plant_images/16152.jpg,4,Rubus phoenicolasius,Yes
plant_images/2450.jpg,14,Ficaria verna,Yes
plant_images/27148.jpg,6,Lonicera japonica,Yes
plant_images/3042.jpg,15,Packera aurea,No
plant_images/15807.jpg,6,Lonicera japonica,Yes
plant_images/25056.jpg,2,Elaeagnus umbellata,Yes
plant_images/27161.jpg,8,Hedera helix,Yes
plant_images/7354.jpg,9,Parthenocissus quinquefolia,No
plant_images/8288.jpg,1,Rhus copallinum,No
plant_images/15217.jpg,9,Parthenocissus quinquefolia,No
plant_images/18295.jpg,12,Alliaria petiolata,Yes
plant_images/23707.jpg,4,Rubus phoenicolasius,Yes
plant_images/21814.jpg,0,Ailanthus altissima,Yes
plant_images/24757.jpg,15,Packera aurea,No
plant_images/21660.jpg,3,Asimina triloba,No
plant_images/21147.jpg,0,Ailanthus altissima,Yes
plant_images/15357.jpg,3,Asimina triloba,No
plant_images/20133.jpg,3,Asimina triloba,No
plant_images/25091.jpg,12,Alliaria petiolata,Yes
plant_images/6873.jpg,14,Ficaria verna,Yes
plant_images/1311.jpg,3,Asimina triloba,No
plant_images/19350.jpg,4,Rubus phoenicolasius,Yes
plant_images/19740.jpg,14,Ficaria verna,Yes
plant_images/20208.jpg,6,Lonicera japonica,Yes
plant_images/11301.jpg,9,Parthenocissus quinquefolia,No
plant_images/2334.jpg,14,Ficaria verna,Yes
plant_images/10408.jpg,10,Persicaria perfoliata,Yes
plant_images/14674.jpg,12,Alliaria petiolata,Yes
plant_images/26175.jpg,3,Asimina triloba,No
plant_images/17094.jpg,7,Campsis radicans,No
plant_images/3447.jpg,6,Lonicera japonica,Yes
plant_images/21753.jpg,3,Asimina triloba,No
plant_images/20225.jpg,3,Asimina triloba,No
plant_images/7471.jpg,0,Ailanthus altissima,Yes
plant_images/5048.jpg,12,Alliaria petiolata,Yes
plant_images/10672.jpg,7,Campsis radicans,No
plant_images/19678.jpg,0,Ailanthus altissima,Yes
plant_images/18099.jpg,10,Persicaria perfoliata,Yes
plant_images/5407.jpg,0,Ailanthus altissima,Yes
plant_images/9297.jpg,12,Alliaria petiolata,Yes
plant_images/743.jpg,8,Hedera helix,Yes
plant_images/20492.jpg,4,Rubus phoenicolasius,Yes
plant_images/17322.jpg,12,Alliaria petiolata,Yes
plant_images/18241.jpg,4,Rubus phoenicolasius,Yes
plant_images/7218.jpg,14,Ficaria verna,Yes
plant_images/3998.jpg,14,Ficaria verna,Yes
plant_images/24859.jpg,4,Rubus phoenicolasius,Yes
plant_images/20952.jpg,3,Asimina triloba,No
plant_images/3168.jpg,12,Alliaria petiolata,Yes
plant_images/8590.jpg,12,Alliaria petiolata,Yes
plant_images/18969.jpg,6,Lonicera japonica,Yes
plant_images/10841.jpg,8,Hedera helix,Yes
plant_images/24541.jpg,1,Rhus copallinum,No
plant_images/20578.jpg,2,Elaeagnus umbellata,Yes
plant_images/16638.jpg,6,Lonicera japonica,Yes
plant_images/19988.jpg,12,Alliaria petiolata,Yes
plant_images/25537.jpg,9,Parthenocissus quinquefolia,No
plant_images/19197.jpg,4,Rubus phoenicolasius,Yes
plant_images/15835.jpg,6,Lonicera japonica,Yes
plant_images/16681.jpg,6,Lonicera japonica,Yes
plant_images/15508.jpg,3,Asimina triloba,No
plant_images/24374.jpg,12,Alliaria petiolata,Yes
plant_images/20517.jpg,14,Ficaria verna,Yes
plant_images/7597.jpg,4,Rubus phoenicolasius,Yes
plant_images/8619.jpg,7,Campsis radicans,No
plant_images/22669.jpg,2,Elaeagnus umbellata,Yes
plant_images/14912.jpg,9,Parthenocissus quinquefolia,No
plant_images/2199.jpg,8,Hedera helix,Yes
plant_images/19128.jpg,4,Rubus phoenicolasius,Yes
plant_images/1124.jpg,8,Hedera helix,Yes
plant_images/1543.jpg,14,Ficaria verna,Yes
plant_images/14774.jpg,9,Parthenocissus quinquefolia,No
plant_images/26160.jpg,9,Parthenocissus quinquefolia,No
plant_images/797.jpg,8,Hedera helix,Yes
plant_images/21477.jpg,4,Rubus phoenicolasius,Yes
plant_images/25211.jpg,4,Rubus phoenicolasius,Yes
plant_images/27554.jpg,12,Alliaria petiolata,Yes
plant_images/17794.jpg,0,Ailanthus altissima,Yes
plant_images/2807.jpg,7,Campsis radicans,No
plant_images/28325.jpg,3,Asimina triloba,No
plant_images/24504.jpg,0,Ailanthus altissima,Yes
plant_images/24044.jpg,4,Rubus phoenicolasius,Yes
plant_images/18479.jpg,12,Alliaria petiolata,Yes
plant_images/24082.jpg,9,Parthenocissus quinquefolia,No
plant_images/13620.jpg,4,Rubus phoenicolasius,Yes
plant_images/4746.jpg,3,Asimina triloba,No
plant_images/2332.jpg,7,Campsis radicans,No
plant_images/24160.jpg,6,Lonicera japonica,Yes
plant_images/17668.jpg,1,Rhus copallinum,No
plant_images/4493.jpg,0,Ailanthus altissima,Yes
plant_images/9692.jpg,8,Hedera helix,Yes
plant_images/3532.jpg,14,Ficaria verna,Yes
plant_images/12356.jpg,10,Persicaria perfoliata,Yes
plant_images/18829.jpg,12,Alliaria petiolata,Yes
plant_images/11134.jpg,12,Alliaria petiolata,Yes
plant_images/25835.jpg,4,Rubus phoenicolasius,Yes
plant_images/16034.jpg,14,Ficaria verna,Yes
plant_images/1307.jpg,5,Rubus occidentalis,No
plant_images/8101.jpg,4,Rubus phoenicolasius,Yes
plant_images/23263.jpg,6,Lonicera japonica,Yes
plant_images/8256.jpg,7,Campsis radicans,No
plant_images/6328.jpg,0,Ailanthus altissima,Yes
plant_images/16443.jpg,9,Parthenocissus quinquefolia,No
plant_images/16968.jpg,12,Alliaria petiolata,Yes
plant_images/6276.jpg,12,Alliaria petiolata,Yes
plant_images/25907.jpg,3,Asimina triloba,No
plant_images/16601.jpg,3,Asimina triloba,No
plant_images/11247.jpg,9,Parthenocissus quinquefolia,No
plant_images/20036.jpg,12,Alliaria petiolata,Yes
plant_images/20446.jpg,2,Elaeagnus umbellata,Yes
plant_images/8453.jpg,2,Elaeagnus umbellata,Yes
plant_images/4642.jpg,0,Ailanthus altissima,Yes
plant_images/24305.jpg,7,Campsis radicans,No
plant_images/23351.jpg,4,Rubus phoenicolasius,Yes
plant_images/14601.jpg,15,Packera aurea,No
plant_images/18141.jpg,14,Ficaria verna,Yes
plant_images/4337.jpg,9,Parthenocissus quinquefolia,No
plant_images/18579.jpg,4,Rubus phoenicolasius,Yes
plant_images/13920.jpg,3,Asimina triloba,No
plant_images/18463.jpg,4,Rubus phoenicolasius,Yes
plant_images/22721.jpg,3,Asimina triloba,No
plant_images/7596.jpg,6,Lonicera japonica,Yes
plant_images/24620.jpg,2,Elaeagnus umbellata,Yes
plant_images/20649.jpg,12,Alliaria petiolata,Yes
plant_images/6591.jpg,8,Hedera helix,Yes
plant_images/15539.jpg,7,Campsis radicans,No
plant_images/27860.jpg,2,Elaeagnus umbellata,Yes
plant_images/28159.jpg,8,Hedera helix,Yes
plant_images/16160.jpg,6,Lonicera japonica,Yes
plant_images/27128.jpg,3,Asimina triloba,No
plant_images/26311.jpg,4,Rubus phoenicolasius,Yes
plant_images/6655.jpg,14,Ficaria verna,Yes
plant_images/26584.jpg,9,Parthenocissus quinquefolia,No
plant_images/18742.jpg,14,Ficaria verna,Yes
plant_images/20746.jpg,5,Rubus occidentalis,No
plant_images/5900.jpg,6,Lonicera japonica,Yes
plant_images/26690.jpg,9,Parthenocissus quinquefolia,No
plant_images/5578.jpg,12,Alliaria petiolata,Yes
plant_images/6651.jpg,2,Elaeagnus umbellata,Yes
plant_images/36.jpg,0,Ailanthus altissima,Yes
plant_images/13323.jpg,9,Parthenocissus quinquefolia,No
plant_images/23834.jpg,6,Lonicera japonica,Yes
plant_images/18650.jpg,15,Packera aurea,No
plant_images/13392.jpg,12,Alliaria petiolata,Yes
plant_images/10083.jpg,9,Parthenocissus quinquefolia,No
plant_images/15812.jpg,13,Geum canadense,No
plant_images/25356.jpg,3,Asimina triloba,No
plant_images/14796.jpg,12,Alliaria petiolata,Yes
plant_images/22410.jpg,10,Persicaria perfoliata,Yes
plant_images/26076.jpg,2,Elaeagnus umbellata,Yes
plant_images/2769.jpg,7,Campsis radicans,No
plant_images/27136.jpg,12,Alliaria petiolata,Yes
plant_images/17332.jpg,3,Asimina triloba,No
plant_images/8493.jpg,2,Elaeagnus umbellata,Yes
plant_images/27784.jpg,7,Campsis radicans,No
plant_images/12887.jpg,14,Ficaria verna,Yes
plant_images/2804.jpg,0,Ailanthus altissima,Yes
plant_images/13675.jpg,8,Hedera helix,Yes
plant_images/25216.jpg,7,Campsis radicans,No
plant_images/16460.jpg,4,Rubus phoenicolasius,Yes
plant_images/3772.jpg,6,Lonicera japonica,Yes
plant_images/13022.jpg,12,Alliaria petiolata,Yes
plant_images/17532.jpg,0,Ailanthus altissima,Yes
plant_images/5792.jpg,12,Alliaria petiolata,Yes
plant_images/22731.jpg,2,Elaeagnus umbellata,Yes
plant_images/28083.jpg,12,Alliaria petiolata,Yes
plant_images/7394.jpg,6,Lonicera japonica,Yes
plant_images/9366.jpg,12,Alliaria petiolata,Yes
plant_images/9027.jpg,6,Lonicera japonica,Yes
plant_images/14921.jpg,6,Lonicera japonica,Yes
plant_images/22347.jpg,7,Campsis radicans,No
plant_images/23099.jpg,4,Rubus phoenicolasius,Yes
plant_images/22503.jpg,0,Ailanthus altissima,Yes
plant_images/20334.jpg,12,Alliaria petiolata,Yes
plant_images/3031.jpg,12,Alliaria petiolata,Yes
plant_images/9478.jpg,3,Asimina triloba,No
plant_images/18466.jpg,12,Alliaria petiolata,Yes
plant_images/4455.jpg,0,Ailanthus altissima,Yes
plant_images/12011.jpg,7,Campsis radicans,No
plant_images/7285.jpg,15,Packera aurea,No
plant_images/25527.jpg,3,Asimina triloba,No
plant_images/21194.jpg,4,Rubus phoenicolasius,Yes
plant_images/18607.jpg,9,Parthenocissus quinquefolia,No
plant_images/28232.jpg,7,Campsis radicans,No
plant_images/18356.jpg,12,Alliaria petiolata,Yes
plant_images/6039.jpg,6,Lonicera japonica,Yes
plant_images/21330.jpg,11,Persicaria sagittata,No
plant_images/25891.jpg,3,Asimina triloba,No
plant_images/11932.jpg,4,Rubus phoenicolasius,Yes
plant_images/7621.jpg,12,Alliaria petiolata,Yes
plant_images/6147.jpg,0,Ailanthus altissima,Yes
plant_images/16383.jpg,12,Alliaria petiolata,Yes
plant_images/16767.jpg,9,Parthenocissus quinquefolia,No
plant_images/27075.jpg,9,Parthenocissus quinquefolia,No
plant_images/20646.jpg,4,Rubus phoenicolasius,Yes
plant_images/17375.jpg,3,Asimina triloba,No
plant_images/5380.jpg,10,Persicaria perfoliata,Yes
plant_images/9584.jpg,9,Parthenocissus quinquefolia,No
plant_images/18702.jpg,8,Hedera helix,Yes
plant_images/11275.jpg,6,Lonicera japonica,Yes
plant_images/9368.jpg,9,Parthenocissus quinquefolia,No
plant_images/21645.jpg,0,Ailanthus altissima,Yes
plant_images/18559.jpg,0,Ailanthus altissima,Yes
plant_images/17297.jpg,4,Rubus phoenicolasius,Yes
plant_images/11034.jpg,14,Ficaria verna,Yes
plant_images/23204.jpg,10,Persicaria perfoliata,Yes
plant_images/15525.jpg,3,Asimina triloba,No
plant_images/16223.jpg,14,Ficaria verna,Yes
plant_images/14343.jpg,12,Alliaria petiolata,Yes
plant_images/3464.jpg,12,Alliaria petiolata,Yes
plant_images/10504.jpg,2,Elaeagnus umbellata,Yes
plant_images/12269.jpg,11,Persicaria sagittata,No
plant_images/12148.jpg,7,Campsis radicans,No
plant_images/6583.jpg,8,Hedera helix,Yes
plant_images/17685.jpg,1,Rhus copallinum,No
plant_images/13427.jpg,3,Asimina triloba,No
plant_images/11112.jpg,14,Ficaria verna,Yes
plant_images/7186.jpg,14,Ficaria verna,Yes
plant_images/17153.jpg,9,Parthenocissus quinquefolia,No
plant_images/27308.jpg,7,Campsis radicans,No
plant_images/15462.jpg,1,Rhus copallinum,No
plant_images/22115.jpg,3,Asimina triloba,No
plant_images/27252.jpg,0,Ailanthus altissima,Yes
plant_images/5119.jpg,9,Parthenocissus quinquefolia,No
plant_images/361.jpg,7,Campsis radicans,No
plant_images/26491.jpg,14,Ficaria verna,Yes
plant_images/17486.jpg,2,Elaeagnus umbellata,Yes
plant_images/4890.jpg,6,Lonicera japonica,Yes
plant_images/13927.jpg,6,Lonicera japonica,Yes
plant_images/28043.jpg,7,Campsis radicans,No
plant_images/13295.jpg,4,Rubus phoenicolasius,Yes
plant_images/7582.jpg,2,Elaeagnus umbellata,Yes
plant_images/13991.jpg,9,Parthenocissus quinquefolia,No
plant_images/4030.jpg,14,Ficaria verna,Yes
plant_images/21149.jpg,12,Alliaria petiolata,Yes
plant_images/18694.jpg,8,Hedera helix,Yes
plant_images/27829.jpg,1,Rhus copallinum,No
plant_images/3664.jpg,12,Alliaria petiolata,Yes
plant_images/4084.jpg,12,Alliaria petiolata,Yes
plant_images/16712.jpg,9,Parthenocissus quinquefolia,No
plant_images/10407.jpg,10,Persicaria perfoliata,Yes
plant_images/10986.jpg,12,Alliaria petiolata,Yes
plant_images/22140.jpg,2,Elaeagnus umbellata,Yes
plant_images/27905.jpg,9,Parthenocissus quinquefolia,No
plant_images/3516.jpg,12,Alliaria petiolata,Yes
plant_images/10761.jpg,6,Lonicera japonica,Yes
plant_images/9567.jpg,3,Asimina triloba,No
plant_images/15173.jpg,9,Parthenocissus quinquefolia,No
plant_images/14913.jpg,12,Alliaria petiolata,Yes
plant_images/19442.jpg,0,Ailanthus altissima,Yes
plant_images/14510.jpg,14,Ficaria verna,Yes
plant_images/23190.jpg,2,Elaeagnus umbellata,Yes
plant_images/8204.jpg,3,Asimina triloba,No
plant_images/22415.jpg,2,Elaeagnus umbellata,Yes
plant_images/12537.jpg,14,Ficaria verna,Yes
plant_images/21190.jpg,10,Persicaria perfoliata,Yes
plant_images/10674.jpg,6,Lonicera japonica,Yes
plant_images/25815.jpg,2,Elaeagnus umbellata,Yes
plant_images/19558.jpg,1,Rhus copallinum,No
plant_images/5942.jpg,12,Alliaria petiolata,Yes
plant_images/18390.jpg,10,Persicaria perfoliata,Yes
plant_images/22938.jpg,15,Packera aurea,No
plant_images/20592.jpg,3,Asimina triloba,No
plant_images/15366.jpg,7,Campsis radicans,No
plant_images/4874.jpg,2,Elaeagnus umbellata,Yes
plant_images/4882.jpg,3,Asimina triloba,No
plant_images/23668.jpg,3,Asimina triloba,No
plant_images/5829.jpg,15,Packera aurea,No
plant_images/22819.jpg,2,Elaeagnus umbellata,Yes
plant_images/1768.jpg,15,Packera aurea,No
plant_images/6563.jpg,6,Lonicera japonica,Yes
plant_images/9504.jpg,3,Asimina triloba,No
plant_images/23565.jpg,7,Campsis radicans,No
plant_images/8349.jpg,6,Lonicera japonica,Yes
plant_images/5319.jpg,0,Ailanthus altissima,Yes
plant_images/1396.jpg,8,Hedera helix,Yes
plant_images/26408.jpg,1,Rhus copallinum,No
plant_images/23911.jpg,0,Ailanthus altissima,Yes
plant_images/24465.jpg,9,Parthenocissus quinquefolia,No
plant_images/17001.jpg,10,Persicaria perfoliata,Yes
plant_images/19326.jpg,4,Rubus phoenicolasius,Yes
plant_images/18063.jpg,12,Alliaria petiolata,Yes
plant_images/10729.jpg,10,Persicaria perfoliata,Yes
plant_images/15888.jpg,14,Ficaria verna,Yes
plant_images/27107.jpg,7,Campsis radicans,No
plant_images/9805.jpg,10,Persicaria perfoliata,Yes
plant_images/8442.jpg,10,Persicaria perfoliata,Yes
plant_images/12746.jpg,14,Ficaria verna,Yes
plant_images/23474.jpg,5,Rubus occidentalis,No
plant_images/12099.jpg,0,Ailanthus altissima,Yes
plant_images/15971.jpg,14,Ficaria verna,Yes
plant_images/332.jpg,13,Geum canadense,No
plant_images/13325.jpg,0,Ailanthus altissima,Yes
plant_images/6887.jpg,0,Ailanthus altissima,Yes
plant_images/13885.jpg,1,Rhus copallinum,No
plant_images/13092.jpg,3,Asimina triloba,No
plant_images/2514.jpg,10,Persicaria perfoliata,Yes
plant_images/20153.jpg,2,Elaeagnus umbellata,Yes
plant_images/9942.jpg,14,Ficaria verna,Yes
plant_images/25626.jpg,4,Rubus phoenicolasius,Yes
plant_images/26833.jpg,3,Asimina triloba,No
plant_images/12035.jpg,3,Asimina triloba,No
plant_images/27931.jpg,1,Rhus copallinum,No
plant_images/5018.jpg,6,Lonicera japonica,Yes
plant_images/7654.jpg,14,Ficaria verna,Yes
plant_images/23001.jpg,0,Ailanthus altissima,Yes
plant_images/17168.jpg,6,Lonicera japonica,Yes
plant_images/5424.jpg,9,Parthenocissus quinquefolia,No
plant_images/26815.jpg,7,Campsis radicans,No
plant_images/1049.jpg,6,Lonicera japonica,Yes
plant_images/13762.jpg,7,Campsis radicans,No
plant_images/9617.jpg,4,Rubus phoenicolasius,Yes
plant_images/7716.jpg,2,Elaeagnus umbellata,Yes
plant_images/3551.jpg,12,Alliaria petiolata,Yes
plant_images/12599.jpg,14,Ficaria verna,Yes
plant_images/9014.jpg,13,Geum canadense,No
plant_images/26242.jpg,12,Alliaria petiolata,Yes
plant_images/8727.jpg,12,Alliaria petiolata,Yes
plant_images/27087.jpg,3,Asimina triloba,No
plant_images/7969.jpg,9,Parthenocissus quinquefolia,No
plant_images/26356.jpg,1,Rhus copallinum,No
plant_images/9391.jpg,6,Lonicera japonica,Yes
plant_images/3889.jpg,0,Ailanthus altissima,Yes
plant_images/12838.jpg,6,Lonicera japonica,Yes
plant_images/3561.jpg,0,Ailanthus altissima,Yes
plant_images/3564.jpg,6,Lonicera japonica,Yes
plant_images/1925.jpg,13,Geum canadense,No
plant_images/17759.jpg,8,Hedera helix,Yes
plant_images/22138.jpg,2,Elaeagnus umbellata,Yes
plant_images/10140.jpg,6,Lonicera japonica,Yes
plant_images/4406.jpg,14,Ficaria verna,Yes
plant_images/9659.jpg,8,Hedera helix,Yes
plant_images/17194.jpg,5,Rubus occidentalis,No
plant_images/2845.jpg,8,Hedera helix,Yes
plant_images/27244.jpg,0,Ailanthus altissima,Yes
plant_images/17561.jpg,11,Persicaria sagittata,No
plant_images/11845.jpg,9,Parthenocissus quinquefolia,No
plant_images/18627.jpg,9,Parthenocissus quinquefolia,No
plant_images/881.jpg,9,Parthenocissus quinquefolia,No
plant_images/13615.jpg,9,Parthenocissus quinquefolia,No
plant_images/3037.jpg,15,Packera aurea,No
plant_images/3886.jpg,4,Rubus phoenicolasius,Yes
plant_images/26206.jpg,12,Alliaria petiolata,Yes
plant_images/18693.jpg,3,Asimina triloba,No
plant_images/26215.jpg,12,Alliaria petiolata,Yes
plant_images/18672.jpg,12,Alliaria petiolata,Yes
plant_images/8786.jpg,7,Campsis radicans,No
plant_images/21496.jpg,6,Lonicera japonica,Yes
plant_images/6774.jpg,14,Ficaria verna,Yes
plant_images/25580.jpg,6,Lonicera japonica,Yes
plant_images/18731.jpg,8,Hedera helix,Yes
plant_images/21057.jpg,15,Packera aurea,No
plant_images/927.jpg,9,Parthenocissus quinquefolia,No
plant_images/18519.jpg,3,Asimina triloba,No
plant_images/27714.jpg,3,Asimina triloba,No
plant_images/13178.jpg,14,Ficaria verna,Yes
plant_images/12894.jpg,14,Ficaria verna,Yes
plant_images/15200.jpg,6,Lonicera japonica,Yes
plant_images/24531.jpg,3,Asimina triloba,No
plant_images/25028.jpg,12,Alliaria petiolata,Yes
plant_images/23614.jpg,12,Alliaria petiolata,Yes
plant_images/27797.jpg,0,Ailanthus altissima,Yes
plant_images/7327.jpg,8,Hedera helix,Yes
plant_images/11794.jpg,10,Persicaria perfoliata,Yes
plant_images/8526.jpg,8,Hedera helix,Yes
plant_images/1286.jpg,9,Parthenocissus quinquefolia,No
plant_images/14279.jpg,8,Hedera helix,Yes
plant_images/9690.jpg,15,Packera aurea,No
plant_images/9227.jpg,14,Ficaria verna,Yes
plant_images/21288.jpg,10,Persicaria perfoliata,Yes
plant_images/20967.jpg,13,Geum canadense,No
plant_images/27670.jpg,6,Lonicera japonica,Yes
plant_images/13396.jpg,12,Alliaria petiolata,Yes
plant_images/22418.jpg,4,Rubus phoenicolasius,Yes
plant_images/22935.jpg,5,Rubus occidentalis,No
plant_images/23881.jpg,3,Asimina triloba,No
plant_images/5136.jpg,13,Geum canadense,No
plant_images/6278.jpg,7,Campsis radicans,No
plant_images/12925.jpg,4,Rubus phoenicolasius,Yes
plant_images/14848.jpg,9,Parthenocissus quinquefolia,No
plant_images/20819.jpg,0,Ailanthus altissima,Yes
plant_images/18960.jpg,12,Alliaria petiolata,Yes
plant_images/25142.jpg,2,Elaeagnus umbellata,Yes
plant_images/15198.jpg,2,Elaeagnus umbellata,Yes
plant_images/18796.jpg,9,Parthenocissus quinquefolia,No
plant_images/7282.jpg,9,Parthenocissus quinquefolia,No
plant_images/1700.jpg,9,Parthenocissus quinquefolia,No
plant_images/17694.jpg,1,Rhus copallinum,No
plant_images/15099.jpg,4,Rubus phoenicolasius,Yes
plant_images/15166.jpg,7,Campsis radicans,No
plant_images/17722.jpg,6,Lonicera japonica,Yes
plant_images/19720.jpg,7,Campsis radicans,No
plant_images/5144.jpg,2,Elaeagnus umbellata,Yes
plant_images/6134.jpg,3,Asimina triloba,No
plant_images/353.jpg,2,Elaeagnus umbellata,Yes
plant_images/22570.jpg,6,Lonicera japonica,Yes
plant_images/21274.jpg,10,Persicaria perfoliata,Yes
plant_images/11865.jpg,7,Campsis radicans,No
plant_images/2704.jpg,7,Campsis radicans,No
plant_images/19419.jpg,12,Alliaria petiolata,Yes
plant_images/7453.jpg,12,Alliaria petiolata,Yes
plant_images/26660.jpg,6,Lonicera japonica,Yes
plant_images/3130.jpg,10,Persicaria perfoliata,Yes
plant_images/22707.jpg,8,Hedera helix,Yes
plant_images/2533.jpg,3,Asimina triloba,No
plant_images/10973.jpg,12,Alliaria petiolata,Yes
plant_images/20313.jpg,5,Rubus occidentalis,No
plant_images/13799.jpg,3,Asimina triloba,No
plant_images/3328.jpg,15,Packera aurea,No
plant_images/6051.jpg,12,Alliaria petiolata,Yes
plant_images/21674.jpg,10,Persicaria perfoliata,Yes
plant_images/21234.jpg,1,Rhus copallinum,No
plant_images/12576.jpg,14,Ficaria verna,Yes
plant_images/6605.jpg,8,Hedera helix,Yes
plant_images/12290.jpg,0,Ailanthus altissima,Yes
plant_images/24698.jpg,14,Ficaria verna,Yes
plant_images/1401.jpg,3,Asimina triloba,No
plant_images/19101.jpg,7,Campsis radicans,No
plant_images/28042.jpg,2,Elaeagnus umbellata,Yes
plant_images/17212.jpg,6,Lonicera japonica,Yes
plant_images/22455.jpg,4,Rubus phoenicolasius,Yes
plant_images/17991.jpg,14,Ficaria verna,Yes
plant_images/11514.jpg,3,Asimina triloba,No
plant_images/1420.jpg,8,Hedera helix,Yes
plant_images/3174.jpg,3,Asimina triloba,No
plant_images/17.jpg,8,Hedera helix,Yes
plant_images/19270.jpg,9,Parthenocissus quinquefolia,No
plant_images/18720.jpg,7,Campsis radicans,No
plant_images/1649.jpg,12,Alliaria petiolata,Yes
plant_images/5356.jpg,11,Persicaria sagittata,No
plant_images/7578.jpg,9,Parthenocissus quinquefolia,No
plant_images/16628.jpg,12,Alliaria petiolata,Yes
plant_images/10633.jpg,10,Persicaria perfoliata,Yes
plant_images/17580.jpg,6,Lonicera japonica,Yes
plant_images/21902.jpg,0,Ailanthus altissima,Yes
plant_images/19400.jpg,7,Campsis radicans,No
plant_images/15106.jpg,9,Parthenocissus quinquefolia,No
plant_images/17944.jpg,14,Ficaria verna,Yes
plant_images/23775.jpg,3,Asimina triloba,No
plant_images/23346.jpg,10,Persicaria perfoliata,Yes
plant_images/3486.jpg,6,Lonicera japonica,Yes
plant_images/25795.jpg,12,Alliaria petiolata,Yes
plant_images/27965.jpg,3,Asimina triloba,No
plant_images/10785.jpg,4,Rubus phoenicolasius,Yes
plant_images/20163.jpg,6,Lonicera japonica,Yes
plant_images/23738.jpg,4,Rubus phoenicolasius,Yes
plant_images/22469.jpg,4,Rubus phoenicolasius,Yes
plant_images/24303.jpg,6,Lonicera japonica,Yes
plant_images/4949.jpg,7,Campsis radicans,No
plant_images/25853.jpg,1,Rhus copallinum,No
plant_images/19679.jpg,4,Rubus phoenicolasius,Yes
plant_images/12719.jpg,14,Ficaria verna,Yes
plant_images/28143.jpg,9,Parthenocissus quinquefolia,No
plant_images/15962.jpg,14,Ficaria verna,Yes
plant_images/9347.jpg,15,Packera aurea,No
plant_images/10943.jpg,14,Ficaria verna,Yes
plant_images/18150.jpg,14,Ficaria verna,Yes
plant_images/7554.jpg,9,Parthenocissus quinquefolia,No
plant_images/14328.jpg,3,Asimina triloba,No
plant_images/8549.jpg,9,Parthenocissus quinquefolia,No
plant_images/23335.jpg,10,Persicaria perfoliata,Yes
plant_images/357.jpg,8,Hedera helix,Yes
plant_images/17846.jpg,8,Hedera helix,Yes
plant_images/23098.jpg,4,Rubus phoenicolasius,Yes
plant_images/3892.jpg,7,Campsis radicans,No
plant_images/1452.jpg,12,Alliaria petiolata,Yes
plant_images/1314.jpg,9,Parthenocissus quinquefolia,No
plant_images/5590.jpg,6,Lonicera japonica,Yes
plant_images/26852.jpg,0,Ailanthus altissima,Yes
plant_images/10272.jpg,4,Rubus phoenicolasius,Yes
plant_images/26952.jpg,4,Rubus phoenicolasius,Yes
plant_images/17643.jpg,2,Elaeagnus umbellata,Yes
plant_images/6626.jpg,4,Rubus phoenicolasius,Yes
plant_images/16637.jpg,9,Parthenocissus quinquefolia,No
plant_images/11123.jpg,12,Alliaria petiolata,Yes
plant_images/26481.jpg,4,Rubus phoenicolasius,Yes
plant_images/14053.jpg,4,Rubus phoenicolasius,Yes
plant_images/1490.jpg,6,Lonicera japonica,Yes
plant_images/18074.jpg,3,Asimina triloba,No
plant_images/827.jpg,13,Geum canadense,No
plant_images/21412.jpg,11,Persicaria sagittata,No
plant_images/21357.jpg,2,Elaeagnus umbellata,Yes
plant_images/14692.jpg,2,Elaeagnus umbellata,Yes
plant_images/2311.jpg,10,Persicaria perfoliata,Yes
plant_images/14076.jpg,10,Persicaria perfoliata,Yes
plant_images/17977.jpg,6,Lonicera japonica,Yes
plant_images/15057.jpg,15,Packera aurea,No
plant_images/20959.jpg,6,Lonicera japonica,Yes
plant_images/26383.jpg,7,Campsis radicans,No
plant_images/16947.jpg,9,Parthenocissus quinquefolia,No
plant_images/15103.jpg,15,Packera aurea,No
plant_images/15839.jpg,3,Asimina triloba,No
plant_images/14706.jpg,12,Alliaria petiolata,Yes
plant_images/9120.jpg,14,Ficaria verna,Yes
plant_images/3621.jpg,6,Lonicera japonica,Yes
plant_images/3816.jpg,0,Ailanthus altissima,Yes
plant_images/9369.jpg,12,Alliaria petiolata,Yes
plant_images/11350.jpg,9,Parthenocissus quinquefolia,No
plant_images/296.jpg,8,Hedera helix,Yes
plant_images/2738.jpg,9,Parthenocissus quinquefolia,No
plant_images/19502.jpg,1,Rhus copallinum,No
plant_images/12096.jpg,0,Ailanthus altissima,Yes
plant_images/6636.jpg,6,Lonicera japonica,Yes
plant_images/17557.jpg,11,Persicaria sagittata,No
plant_images/16277.jpg,12,Alliaria petiolata,Yes
plant_images/22133.jpg,15,Packera aurea,No
plant_images/9148.jpg,14,Ficaria verna,Yes
plant_images/25368.jpg,6,Lonicera japonica,Yes
plant_images/12679.jpg,14,Ficaria verna,Yes
plant_images/12965.jpg,3,Asimina triloba,No
plant_images/14065.jpg,2,Elaeagnus umbellata,Yes
plant_images/14410.jpg,14,Ficaria verna,Yes
plant_images/27068.jpg,3,Asimina triloba,No
plant_images/27753.jpg,7,Campsis radicans,No
plant_images/18571.jpg,12,Alliaria petiolata,Yes
plant_images/26686.jpg,7,Campsis radicans,No
plant_images/3914.jpg,7,Campsis radicans,No
plant_images/17010.jpg,10,Persicaria perfoliata,Yes
plant_images/4644.jpg,0,Ailanthus altissima,Yes
plant_images/9655.jpg,8,Hedera helix,Yes
plant_images/906.jpg,9,Parthenocissus quinquefolia,No
plant_images/943.jpg,15,Packera aurea,No
plant_images/16292.jpg,2,Elaeagnus umbellata,Yes
plant_images/22876.jpg,0,Ailanthus altissima,Yes
plant_images/15053.jpg,11,Persicaria sagittata,No
plant_images/2504.jpg,0,Ailanthus altissima,Yes
plant_images/14000.jpg,3,Asimina triloba,No
plant_images/6394.jpg,3,Asimina triloba,No
plant_images/2632.jpg,9,Parthenocissus quinquefolia,No
plant_images/24375.jpg,6,Lonicera japonica,Yes
plant_images/8550.jpg,10,Persicaria perfoliata,Yes
plant_images/17171.jpg,7,Campsis radicans,No
plant_images/27814.jpg,1,Rhus copallinum,No
plant_images/15303.jpg,7,Campsis radicans,No
plant_images/16940.jpg,4,Rubus phoenicolasius,Yes
plant_images/1557.jpg,14,Ficaria verna,Yes
plant_images/5986.jpg,2,Elaeagnus umbellata,Yes
plant_images/11824.jpg,3,Asimina triloba,No
plant_images/27876.jpg,4,Rubus phoenicolasius,Yes
plant_images/12259.jpg,11,Persicaria sagittata,No
plant_images/1759.jpg,10,Persicaria perfoliata,Yes
plant_images/9902.jpg,9,Parthenocissus quinquefolia,No
plant_images/22518.jpg,4,Rubus phoenicolasius,Yes
plant_images/22995.jpg,0,Ailanthus altissima,Yes
plant_images/24540.jpg,3,Asimina triloba,No
plant_images/15648.jpg,11,Persicaria sagittata,No
plant_images/6118.jpg,4,Rubus phoenicolasius,Yes
plant_images/1633.jpg,9,Parthenocissus quinquefolia,No
plant_images/3791.jpg,11,Persicaria sagittata,No
plant_images/22545.jpg,0,Ailanthus altissima,Yes
plant_images/11371.jpg,15,Packera aurea,No
plant_images/5687.jpg,3,Asimina triloba,No
plant_images/1204.jpg,9,Parthenocissus quinquefolia,No
plant_images/2746.jpg,7,Campsis radicans,No
plant_images/26866.jpg,3,Asimina triloba,No
plant_images/12756.jpg,6,Lonicera japonica,Yes
plant_images/8047.jpg,12,Alliaria petiolata,Yes
plant_images/21247.jpg,10,Persicaria perfoliata,Yes
plant_images/20805.jpg,4,Rubus phoenicolasius,Yes
plant_images/16337.jpg,9,Parthenocissus quinquefolia,No
plant_images/5633.jpg,14,Ficaria verna,Yes
plant_images/27295.jpg,4,Rubus phoenicolasius,Yes
plant_images/9550.jpg,12,Alliaria petiolata,Yes
plant_images/27668.jpg,6,Lonicera japonica,Yes
plant_images/25485.jpg,14,Ficaria verna,Yes
plant_images/24474.jpg,3,Asimina triloba,No
plant_images/6304.jpg,4,Rubus phoenicolasius,Yes
plant_images/3726.jpg,6,Lonicera japonica,Yes
plant_images/3704.jpg,14,Ficaria verna,Yes
plant_images/18821.jpg,12,Alliaria petiolata,Yes
plant_images/12529.jpg,6,Lonicera japonica,Yes
plant_images/210.jpg,8,Hedera helix,Yes
plant_images/2494.jpg,12,Alliaria petiolata,Yes
plant_images/9783.jpg,0,Ailanthus altissima,Yes
plant_images/8999.jpg,12,Alliaria petiolata,Yes
plant_images/15702.jpg,14,Ficaria verna,Yes
plant_images/834.jpg,14,Ficaria verna,Yes
plant_images/12277.jpg,9,Parthenocissus quinquefolia,No
plant_images/26482.jpg,8,Hedera helix,Yes
plant_images/22002.jpg,8,Hedera helix,Yes
plant_images/7949.jpg,6,Lonicera japonica,Yes
plant_images/4632.jpg,7,Campsis radicans,No
plant_images/6609.jpg,1,Rhus copallinum,No
plant_images/20754.jpg,5,Rubus occidentalis,No
plant_images/16981.jpg,9,Parthenocissus quinquefolia,No
plant_images/16781.jpg,4,Rubus phoenicolasius,Yes
plant_images/11962.jpg,9,Parthenocissus quinquefolia,No
plant_images/24346.jpg,2,Elaeagnus umbellata,Yes
plant_images/4989.jpg,8,Hedera helix,Yes
plant_images/4748.jpg,6,Lonicera japonica,Yes
plant_images/17350.jpg,9,Parthenocissus quinquefolia,No
plant_images/315.jpg,9,Parthenocissus quinquefolia,No
plant_images/10603.jpg,6,Lonicera japonica,Yes
plant_images/12010.jpg,6,Lonicera japonica,Yes
plant_images/10472.jpg,7,Campsis radicans,No
plant_images/3833.jpg,9,Parthenocissus quinquefolia,No
plant_images/8600.jpg,11,Persicaria sagittata,No
plant_images/27452.jpg,6,Lonicera japonica,Yes
plant_images/17608.jpg,10,Persicaria perfoliata,Yes
plant_images/2248.jpg,9,Parthenocissus quinquefolia,No
plant_images/9405.jpg,12,Alliaria petiolata,Yes
plant_images/10096.jpg,14,Ficaria verna,Yes
plant_images/14157.jpg,2,Elaeagnus umbellata,Yes
plant_images/24459.jpg,2,Elaeagnus umbellata,Yes
plant_images/130.jpg,9,Parthenocissus quinquefolia,No
plant_images/6042.jpg,15,Packera aurea,No
plant_images/6810.jpg,12,Alliaria petiolata,Yes
plant_images/7438.jpg,2,Elaeagnus umbellata,Yes
plant_images/10507.jpg,8,Hedera helix,Yes
plant_images/24912.jpg,6,Lonicera japonica,Yes
plant_images/19815.jpg,9,Parthenocissus quinquefolia,No
plant_images/4332.jpg,9,Parthenocissus quinquefolia,No
plant_images/10868.jpg,14,Ficaria verna,Yes
plant_images/1788.jpg,9,Parthenocissus quinquefolia,No
plant_images/11922.jpg,3,Asimina triloba,No
plant_images/17274.jpg,2,Elaeagnus umbellata,Yes
plant_images/12833.jpg,12,Alliaria petiolata,Yes
plant_images/13327.jpg,4,Rubus phoenicolasius,Yes
plant_images/21335.jpg,3,Asimina triloba,No
plant_images/9858.jpg,9,Parthenocissus quinquefolia,No
plant_images/8501.jpg,6,Lonicera japonica,Yes
plant_images/13622.jpg,9,Parthenocissus quinquefolia,No
plant_images/11999.jpg,1,Rhus copallinum,No
plant_images/6535.jpg,6,Lonicera japonica,Yes
plant_images/16984.jpg,4,Rubus phoenicolasius,Yes
plant_images/19208.jpg,8,Hedera helix,Yes
plant_images/23135.jpg,10,Persicaria perfoliata,Yes
plant_images/2802.jpg,8,Hedera helix,Yes
plant_images/26508.jpg,8,Hedera helix,Yes
plant_images/23584.jpg,12,Alliaria petiolata,Yes
plant_images/22082.jpg,12,Alliaria petiolata,Yes
plant_images/14699.jpg,12,Alliaria petiolata,Yes
plant_images/21766.jpg,10,Persicaria perfoliata,Yes
plant_images/14984.jpg,4,Rubus phoenicolasius,Yes
plant_images/5913.jpg,0,Ailanthus altissima,Yes
plant_images/12572.jpg,14,Ficaria verna,Yes
plant_images/19696.jpg,12,Alliaria petiolata,Yes
plant_images/2852.jpg,12,Alliaria petiolata,Yes
plant_images/17507.jpg,4,Rubus phoenicolasius,Yes
plant_images/20479.jpg,3,Asimina triloba,No
plant_images/9688.jpg,12,Alliaria petiolata,Yes
plant_images/23318.jpg,12,Alliaria petiolata,Yes
plant_images/21582.jpg,2,Elaeagnus umbellata,Yes
plant_images/27508.jpg,12,Alliaria petiolata,Yes
plant_images/7294.jpg,12,Alliaria petiolata,Yes
plant_images/17903.jpg,6,Lonicera japonica,Yes
plant_images/9214.jpg,14,Ficaria verna,Yes
plant_images/18684.jpg,7,Campsis radicans,No
plant_images/2891.jpg,14,Ficaria verna,Yes
plant_images/24039.jpg,1,Rhus copallinum,No
plant_images/5175.jpg,12,Alliaria petiolata,Yes
plant_images/21522.jpg,6,Lonicera japonica,Yes
plant_images/13498.jpg,9,Parthenocissus quinquefolia,No
plant_images/10988.jpg,12,Alliaria petiolata,Yes
plant_images/22983.jpg,3,Asimina triloba,No
plant_images/12209.jpg,0,Ailanthus altissima,Yes
plant_images/21654.jpg,0,Ailanthus altissima,Yes
plant_images/8025.jpg,9,Parthenocissus quinquefolia,No
plant_images/21838.jpg,0,Ailanthus altissima,Yes
plant_images/17701.jpg,3,Asimina triloba,No
plant_images/26692.jpg,3,Asimina triloba,No
plant_images/6793.jpg,15,Packera aurea,No
plant_images/24664.jpg,2,Elaeagnus umbellata,Yes
plant_images/504.jpg,14,Ficaria verna,Yes
plant_images/1127.jpg,3,Asimina triloba,No
plant_images/27982.jpg,6,Lonicera japonica,Yes
plant_images/7516.jpg,9,Parthenocissus quinquefolia,No
plant_images/10471.jpg,7,Campsis radicans,No
plant_images/16448.jpg,9,Parthenocissus quinquefolia,No
plant_images/13005.jpg,15,Packera aurea,No
plant_images/7103.jpg,4,Rubus phoenicolasius,Yes
plant_images/22445.jpg,6,Lonicera japonica,Yes
plant_images/18341.jpg,12,Alliaria petiolata,Yes
plant_images/5783.jpg,4,Rubus phoenicolasius,Yes
plant_images/14363.jpg,1,Rhus copallinum,No
plant_images/15085.jpg,6,Lonicera japonica,Yes
plant_images/19953.jpg,2,Elaeagnus umbellata,Yes
plant_images/14097.jpg,8,Hedera helix,Yes
plant_images/262.jpg,9,Parthenocissus quinquefolia,No
plant_images/9772.jpg,9,Parthenocissus quinquefolia,No
plant_images/12078.jpg,0,Ailanthus altissima,Yes
plant_images/23058.jpg,3,Asimina triloba,No
plant_images/21608.jpg,2,Elaeagnus umbellata,Yes
plant_images/10811.jpg,12,Alliaria petiolata,Yes
plant_images/11176.jpg,2,Elaeagnus umbellata,Yes
plant_images/26674.jpg,7,Campsis radicans,No
plant_images/469.jpg,14,Ficaria verna,Yes
plant_images/27197.jpg,12,Alliaria petiolata,Yes
plant_images/4374.jpg,9,Parthenocissus quinquefolia,No
plant_images/19817.jpg,3,Asimina triloba,No
plant_images/22201.jpg,0,Ailanthus altissima,Yes
plant_images/1785.jpg,8,Hedera helix,Yes
plant_images/20450.jpg,10,Persicaria perfoliata,Yes
plant_images/24133.jpg,3,Asimina triloba,No
plant_images/13399.jpg,12,Alliaria petiolata,Yes
plant_images/10668.jpg,6,Lonicera japonica,Yes
plant_images/8776.jpg,12,Alliaria petiolata,Yes
plant_images/1119.jpg,0,Ailanthus altissima,Yes
plant_images/26998.jpg,14,Ficaria verna,Yes
plant_images/26955.jpg,4,Rubus phoenicolasius,Yes
plant_images/13932.jpg,9,Parthenocissus quinquefolia,No
plant_images/8179.jpg,1,Rhus copallinum,No
plant_images/4422.jpg,4,Rubus phoenicolasius,Yes
plant_images/6536.jpg,11,Persicaria sagittata,No
plant_images/8368.jpg,9,Parthenocissus quinquefolia,No
plant_images/945.jpg,9,Parthenocissus quinquefolia,No
plant_images/6238.jpg,4,Rubus phoenicolasius,Yes
plant_images/1447.jpg,12,Alliaria petiolata,Yes
plant_images/23850.jpg,6,Lonicera japonica,Yes
plant_images/9440.jpg,12,Alliaria petiolata,Yes
plant_images/7977.jpg,5,Rubus occidentalis,No
plant_images/207.jpg,8,Hedera helix,Yes
plant_images/16738.jpg,6,Lonicera japonica,Yes
plant_images/19818.jpg,9,Parthenocissus quinquefolia,No
plant_images/27476.jpg,15,Packera aurea,No
plant_images/22823.jpg,12,Alliaria petiolata,Yes
plant_images/25884.jpg,1,Rhus copallinum,No
plant_images/8233.jpg,13,Geum canadense,No
plant_images/17306.jpg,9,Parthenocissus quinquefolia,No
plant_images/3858.jpg,11,Persicaria sagittata,No
plant_images/21246.jpg,0,Ailanthus altissima,Yes
plant_images/12702.jpg,2,Elaeagnus umbellata,Yes
plant_images/18641.jpg,9,Parthenocissus quinquefolia,No
plant_images/27098.jpg,6,Lonicera japonica,Yes
plant_images/9982.jpg,15,Packera aurea,No
plant_images/5701.jpg,12,Alliaria petiolata,Yes
plant_images/22349.jpg,9,Parthenocissus quinquefolia,No
plant_images/23795.jpg,2,Elaeagnus umbellata,Yes
plant_images/18350.jpg,3,Asimina triloba,No
plant_images/20458.jpg,10,Persicaria perfoliata,Yes
plant_images/24563.jpg,10,Persicaria perfoliata,Yes
plant_images/380.jpg,4,Rubus phoenicolasius,Yes
plant_images/8693.jpg,9,Parthenocissus quinquefolia,No
plant_images/284.jpg,4,Rubus phoenicolasius,Yes
plant_images/5340.jpg,0,Ailanthus altissima,Yes
plant_images/12194.jpg,3,Asimina triloba,No
plant_images/6448.jpg,3,Asimina triloba,No
plant_images/18434.jpg,14,Ficaria verna,Yes
plant_images/867.jpg,14,Ficaria verna,Yes
plant_images/17271.jpg,7,Campsis radicans,No
plant_images/15377.jpg,4,Rubus phoenicolasius,Yes
plant_images/13528.jpg,14,Ficaria verna,Yes
plant_images/6384.jpg,3,Asimina triloba,No
plant_images/8207.jpg,4,Rubus phoenicolasius,Yes
plant_images/6244.jpg,4,Rubus phoenicolasius,Yes
plant_images/18682.jpg,5,Rubus occidentalis,No
plant_images/1869.jpg,4,Rubus phoenicolasius,Yes
plant_images/13233.jpg,4,Rubus phoenicolasius,Yes
plant_images/10189.jpg,9,Parthenocissus quinquefolia,No
plant_images/14695.jpg,12,Alliaria petiolata,Yes
plant_images/7088.jpg,9,Parthenocissus quinquefolia,No
plant_images/10899.jpg,8,Hedera helix,Yes
plant_images/18631.jpg,9,Parthenocissus quinquefolia,No
plant_images/23278.jpg,2,Elaeagnus umbellata,Yes
plant_images/9054.jpg,13,Geum canadense,No
plant_images/1434.jpg,7,Campsis radicans,No
plant_images/19612.jpg,3,Asimina triloba,No
plant_images/8700.jpg,9,Parthenocissus quinquefolia,No
plant_images/28174.jpg,3,Asimina triloba,No
plant_images/28306.jpg,10,Persicaria perfoliata,Yes
plant_images/6497.jpg,0,Ailanthus altissima,Yes
plant_images/26650.jpg,12,Alliaria petiolata,Yes
plant_images/1365.jpg,15,Packera aurea,No
plant_images/11420.jpg,9,Parthenocissus quinquefolia,No
plant_images/26331.jpg,2,Elaeagnus umbellata,Yes
plant_images/17622.jpg,0,Ailanthus altissima,Yes
plant_images/24545.jpg,10,Persicaria perfoliata,Yes
plant_images/8577.jpg,7,Campsis radicans,No
plant_images/20291.jpg,4,Rubus phoenicolasius,Yes
plant_images/15030.jpg,12,Alliaria petiolata,Yes
plant_images/17565.jpg,12,Alliaria petiolata,Yes
plant_images/14406.jpg,13,Geum canadense,No
plant_images/17819.jpg,13,Geum canadense,No
plant_images/19842.jpg,3,Asimina triloba,No
plant_images/19939.jpg,2,Elaeagnus umbellata,Yes
plant_images/27173.jpg,6,Lonicera japonica,Yes
plant_images/16330.jpg,4,Rubus phoenicolasius,Yes
plant_images/25308.jpg,3,Asimina triloba,No
plant_images/2768.jpg,10,Persicaria perfoliata,Yes
plant_images/12059.jpg,1,Rhus copallinum,No
plant_images/6965.jpg,12,Alliaria petiolata,Yes
plant_images/27018.jpg,14,Ficaria verna,Yes
plant_images/14553.jpg,14,Ficaria verna,Yes
plant_images/7847.jpg,6,Lonicera japonica,Yes
plant_images/15800.jpg,6,Lonicera japonica,Yes
plant_images/12892.jpg,6,Lonicera japonica,Yes
plant_images/13544.jpg,9,Parthenocissus quinquefolia,No
plant_images/349.jpg,12,Alliaria petiolata,Yes
plant_images/14766.jpg,12,Alliaria petiolata,Yes
plant_images/15127.jpg,2,Elaeagnus umbellata,Yes
plant_images/16726.jpg,7,Campsis radicans,No
plant_images/15060.jpg,4,Rubus phoenicolasius,Yes
plant_images/23610.jpg,14,Ficaria verna,Yes
plant_images/25475.jpg,6,Lonicera japonica,Yes
plant_images/7338.jpg,12,Alliaria petiolata,Yes
plant_images/6449.jpg,3,Asimina triloba,No
plant_images/15579.jpg,9,Parthenocissus quinquefolia,No
plant_images/2237.jpg,15,Packera aurea,No
plant_images/1934.jpg,10,Persicaria perfoliata,Yes
plant_images/24635.jpg,12,Alliaria petiolata,Yes
plant_images/8148.jpg,13,Geum canadense,No
plant_images/17107.jpg,9,Parthenocissus quinquefolia,No
plant_images/4487.jpg,7,Campsis radicans,No
plant_images/1384.jpg,8,Hedera helix,Yes
plant_images/20751.jpg,8,Hedera helix,Yes
plant_images/8097.jpg,4,Rubus phoenicolasius,Yes
plant_images/19221.jpg,4,Rubus phoenicolasius,Yes
plant_images/17410.jpg,11,Persicaria sagittata,No
plant_images/25523.jpg,3,Asimina triloba,No
plant_images/23065.jpg,3,Asimina triloba,No
plant_images/9683.jpg,6,Lonicera japonica,Yes
plant_images/7905.jpg,12,Alliaria petiolata,Yes
plant_images/4085.jpg,14,Ficaria verna,Yes
plant_images/14772.jpg,14,Ficaria verna,Yes
plant_images/27897.jpg,0,Ailanthus altissima,Yes
plant_images/21556.jpg,12,Alliaria petiolata,Yes
plant_images/14645.jpg,12,Alliaria petiolata,Yes
plant_images/20255.jpg,10,Persicaria perfoliata,Yes
plant_images/6124.jpg,0,Ailanthus altissima,Yes
plant_images/1027.jpg,9,Parthenocissus quinquefolia,No
plant_images/23096.jpg,4,Rubus phoenicolasius,Yes
plant_images/9581.jpg,8,Hedera helix,Yes
plant_images/27731.jpg,0,Ailanthus altissima,Yes
plant_images/5614.jpg,14,Ficaria verna,Yes
plant_images/11013.jpg,14,Ficaria verna,Yes
plant_images/9625.jpg,4,Rubus phoenicolasius,Yes
plant_images/10001.jpg,7,Campsis radicans,No
plant_images/7059.jpg,12,Alliaria petiolata,Yes
plant_images/14285.jpg,3,Asimina triloba,No
plant_images/28213.jpg,0,Ailanthus altissima,Yes
plant_images/6537.jpg,9,Parthenocissus quinquefolia,No
plant_images/8114.jpg,4,Rubus phoenicolasius,Yes
plant_images/6564.jpg,10,Persicaria perfoliata,Yes
plant_images/26391.jpg,7,Campsis radicans,No
plant_images/4191.jpg,7,Campsis radicans,No
plant_images/16297.jpg,6,Lonicera japonica,Yes
plant_images/18348.jpg,14,Ficaria verna,Yes
plant_images/14873.jpg,8,Hedera helix,Yes
plant_images/13903.jpg,4,Rubus phoenicolasius,Yes
plant_images/20071.jpg,14,Ficaria verna,Yes
plant_images/15059.jpg,2,Elaeagnus umbellata,Yes
plant_images/2789.jpg,0,Ailanthus altissima,Yes
plant_images/11416.jpg,13,Geum canadense,No
plant_images/12505.jpg,8,Hedera helix,Yes
plant_images/28010.jpg,3,Asimina triloba,No
plant_images/5667.jpg,14,Ficaria verna,Yes
plant_images/7348.jpg,12,Alliaria petiolata,Yes
plant_images/14668.jpg,12,Alliaria petiolata,Yes
plant_images/4784.jpg,6,Lonicera japonica,Yes
plant_images/2265.jpg,0,Ailanthus altissima,Yes
plant_images/10693.jpg,3,Asimina triloba,No
plant_images/18389.jpg,14,Ficaria verna,Yes
plant_images/19145.jpg,0,Ailanthus altissima,Yes
plant_images/8769.jpg,9,Parthenocissus quinquefolia,No
plant_images/26774.jpg,7,Campsis radicans,No
plant_images/9359.jpg,13,Geum canadense,No
plant_images/24480.jpg,4,Rubus phoenicolasius,Yes
plant_images/15717.jpg,1,Rhus copallinum,No
plant_images/19215.jpg,9,Parthenocissus quinquefolia,No
plant_images/17563.jpg,0,Ailanthus altissima,Yes
plant_images/1337.jpg,4,Rubus phoenicolasius,Yes
plant_images/10738.jpg,4,Rubus phoenicolasius,Yes
plant_images/8481.jpg,7,Campsis radicans,No
plant_images/14526.jpg,14,Ficaria verna,Yes
plant_images/5593.jpg,12,Alliaria petiolata,Yes
plant_images/13172.jpg,4,Rubus phoenicolasius,Yes
plant_images/10357.jpg,3,Asimina triloba,No
plant_images/22186.jpg,12,Alliaria petiolata,Yes
plant_images/3623.jpg,7,Campsis radicans,No
plant_images/18153.jpg,2,Elaeagnus umbellata,Yes
plant_images/25667.jpg,4,Rubus phoenicolasius,Yes
plant_images/24335.jpg,9,Parthenocissus quinquefolia,No
plant_images/4254.jpg,8,Hedera helix,Yes
plant_images/4579.jpg,0,Ailanthus altissima,Yes
plant_images/10657.jpg,1,Rhus copallinum,No
plant_images/218.jpg,14,Ficaria verna,Yes
plant_images/23246.jpg,0,Ailanthus altissima,Yes
plant_images/15495.jpg,7,Campsis radicans,No
plant_images/11558.jpg,4,Rubus phoenicolasius,Yes
plant_images/18859.jpg,12,Alliaria petiolata,Yes
plant_images/1974.jpg,6,Lonicera japonica,Yes
plant_images/14710.jpg,12,Alliaria petiolata,Yes
plant_images/429.jpg,6,Lonicera japonica,Yes
plant_images/19080.jpg,0,Ailanthus altissima,Yes
plant_images/16992.jpg,3,Asimina triloba,No
plant_images/16429.jpg,14,Ficaria verna,Yes
plant_images/18042.jpg,6,Lonicera japonica,Yes
plant_images/4041.jpg,14,Ficaria verna,Yes
plant_images/23084.jpg,4,Rubus phoenicolasius,Yes
plant_images/7545.jpg,12,Alliaria petiolata,Yes
plant_images/13426.jpg,5,Rubus occidentalis,No
plant_images/26475.jpg,0,Ailanthus altissima,Yes
plant_images/27091.jpg,9,Parthenocissus quinquefolia,No
plant_images/17968.jpg,14,Ficaria verna,Yes
plant_images/26559.jpg,3,Asimina triloba,No
plant_images/1532.jpg,12,Alliaria petiolata,Yes
plant_images/15228.jpg,6,Lonicera japonica,Yes
plant_images/13835.jpg,14,Ficaria verna,Yes
plant_images/11082.jpg,12,Alliaria petiolata,Yes
plant_images/18113.jpg,14,Ficaria verna,Yes
plant_images/13689.jpg,5,Rubus occidentalis,No
plant_images/24318.jpg,6,Lonicera japonica,Yes
plant_images/21444.jpg,2,Elaeagnus umbellata,Yes
plant_images/7448.jpg,14,Ficaria verna,Yes
plant_images/10055.jpg,15,Packera aurea,No
plant_images/3239.jpg,9,Parthenocissus quinquefolia,No
plant_images/1951.jpg,3,Asimina triloba,No
plant_images/27062.jpg,9,Parthenocissus quinquefolia,No
plant_images/25617.jpg,3,Asimina triloba,No
plant_images/5954.jpg,15,Packera aurea,No
plant_images/6012.jpg,4,Rubus phoenicolasius,Yes
plant_images/6376.jpg,1,Rhus copallinum,No
plant_images/22033.jpg,3,Asimina triloba,No
plant_images/12820.jpg,12,Alliaria petiolata,Yes
plant_images/24628.jpg,2,Elaeagnus umbellata,Yes
plant_images/27507.jpg,14,Ficaria verna,Yes
plant_images/16245.jpg,14,Ficaria verna,Yes
plant_images/8013.jpg,7,Campsis radicans,No
plant_images/2539.jpg,9,Parthenocissus quinquefolia,No
plant_images/23522.jpg,9,Parthenocissus quinquefolia,No
plant_images/9537.jpg,4,Rubus phoenicolasius,Yes
plant_images/6704.jpg,14,Ficaria verna,Yes
plant_images/19561.jpg,1,Rhus copallinum,No
plant_images/14361.jpg,6,Lonicera japonica,Yes
plant_images/26229.jpg,15,Packera aurea,No
plant_images/897.jpg,14,Ficaria verna,Yes
plant_images/839.jpg,12,Alliaria petiolata,Yes
plant_images/15044.jpg,0,Ailanthus altissima,Yes
plant_images/20915.jpg,10,Persicaria perfoliata,Yes
plant_images/24612.jpg,2,Elaeagnus umbellata,Yes
plant_images/9611.jpg,2,Elaeagnus umbellata,Yes
plant_images/7104.jpg,4,Rubus phoenicolasius,Yes
plant_images/4402.jpg,6,Lonicera japonica,Yes
plant_images/11408.jpg,2,Elaeagnus umbellata,Yes
plant_images/3529.jpg,4,Rubus phoenicolasius,Yes
plant_images/26825.jpg,7,Campsis radicans,No
plant_images/6997.jpg,14,Ficaria verna,Yes
plant_images/27503.jpg,2,Elaeagnus umbellata,Yes
plant_images/2028.jpg,14,Ficaria verna,Yes
plant_images/15083.jpg,4,Rubus phoenicolasius,Yes
plant_images/9493.jpg,2,Elaeagnus umbellata,Yes
plant_images/27174.jpg,6,Lonicera japonica,Yes
plant_images/4763.jpg,11,Persicaria sagittata,No
plant_images/16241.jpg,8,Hedera helix,Yes
plant_images/10957.jpg,12,Alliaria petiolata,Yes
plant_images/22405.jpg,0,Ailanthus altissima,Yes
plant_images/3139.jpg,3,Asimina triloba,No
plant_images/14390.jpg,15,Packera aurea,No
plant_images/16142.jpg,8,Hedera helix,Yes
plant_images/16728.jpg,6,Lonicera japonica,Yes
plant_images/21819.jpg,2,Elaeagnus umbellata,Yes
plant_images/4104.jpg,3,Asimina triloba,No
plant_images/15743.jpg,1,Rhus copallinum,No
plant_images/25298.jpg,1,Rhus copallinum,No
plant_images/21949.jpg,9,Parthenocissus quinquefolia,No
plant_images/12503.jpg,12,Alliaria petiolata,Yes
plant_images/21367.jpg,2,Elaeagnus umbellata,Yes
plant_images/12816.jpg,14,Ficaria verna,Yes
plant_images/14008.jpg,0,Ailanthus altissima,Yes
plant_images/16612.jpg,8,Hedera helix,Yes
plant_images/9846.jpg,8,Hedera helix,Yes
plant_images/9399.jpg,15,Packera aurea,No
plant_images/151.jpg,14,Ficaria verna,Yes
plant_images/20871.jpg,3,Asimina triloba,No
plant_images/1125.jpg,15,Packera aurea,No
plant_images/15122.jpg,14,Ficaria verna,Yes
plant_images/4001.jpg,13,Geum canadense,No
plant_images/22424.jpg,3,Asimina triloba,No
plant_images/11771.jpg,6,Lonicera japonica,Yes
plant_images/15996.jpg,8,Hedera helix,Yes
plant_images/7991.jpg,2,Elaeagnus umbellata,Yes
plant_images/4806.jpg,9,Parthenocissus quinquefolia,No
plant_images/26877.jpg,7,Campsis radicans,No
plant_images/27722.jpg,3,Asimina triloba,No
plant_images/492.jpg,4,Rubus phoenicolasius,Yes
plant_images/17729.jpg,8,Hedera helix,Yes
plant_images/5275.jpg,2,Elaeagnus umbellata,Yes
plant_images/16931.jpg,4,Rubus phoenicolasius,Yes
plant_images/169.jpg,14,Ficaria verna,Yes
plant_images/14141.jpg,4,Rubus phoenicolasius,Yes
plant_images/11548.jpg,3,Asimina triloba,No
plant_images/26593.jpg,6,Lonicera japonica,Yes
plant_images/24386.jpg,6,Lonicera japonica,Yes
plant_images/7746.jpg,12,Alliaria petiolata,Yes
plant_images/18818.jpg,12,Alliaria petiolata,Yes
plant_images/6860.jpg,14,Ficaria verna,Yes
plant_images/16945.jpg,3,Asimina triloba,No
plant_images/21973.jpg,6,Lonicera japonica,Yes
plant_images/21497.jpg,6,Lonicera japonica,Yes
plant_images/20265.jpg,9,Parthenocissus quinquefolia,No
plant_images/17003.jpg,8,Hedera helix,Yes
plant_images/10164.jpg,6,Lonicera japonica,Yes
plant_images/10359.jpg,2,Elaeagnus umbellata,Yes
plant_images/23052.jpg,0,Ailanthus altissima,Yes
plant_images/1483.jpg,8,Hedera helix,Yes
plant_images/4521.jpg,7,Campsis radicans,No
plant_images/503.jpg,14,Ficaria verna,Yes
plant_images/23987.jpg,0,Ailanthus altissima,Yes
plant_images/26164.jpg,12,Alliaria petiolata,Yes
plant_images/15830.jpg,8,Hedera helix,Yes
plant_images/7216.jpg,2,Elaeagnus umbellata,Yes
plant_images/5318.jpg,10,Persicaria perfoliata,Yes
plant_images/11179.jpg,14,Ficaria verna,Yes
plant_images/23974.jpg,0,Ailanthus altissima,Yes
plant_images/18239.jpg,4,Rubus phoenicolasius,Yes
plant_images/18020.jpg,14,Ficaria verna,Yes
plant_images/401.jpg,0,Ailanthus altissima,Yes
plant_images/8141.jpg,4,Rubus phoenicolasius,Yes
plant_images/11424.jpg,12,Alliaria petiolata,Yes
plant_images/3291.jpg,7,Campsis radicans,No
plant_images/21513.jpg,14,Ficaria verna,Yes
plant_images/18328.jpg,3,Asimina triloba,No
plant_images/1803.jpg,15,Packera aurea,No
plant_images/13102.jpg,14,Ficaria verna,Yes
plant_images/7054.jpg,13,Geum canadense,No
plant_images/4957.jpg,9,Parthenocissus quinquefolia,No
plant_images/16690.jpg,12,Alliaria petiolata,Yes
plant_images/26344.jpg,3,Asimina triloba,No
plant_images/18371.jpg,15,Packera aurea,No
plant_images/26511.jpg,6,Lonicera japonica,Yes
plant_images/898.jpg,14,Ficaria verna,Yes
plant_images/8641.jpg,3,Asimina triloba,No
plant_images/1844.jpg,14,Ficaria verna,Yes
plant_images/18614.jpg,8,Hedera helix,Yes
plant_images/27414.jpg,3,Asimina triloba,No
plant_images/7381.jpg,8,Hedera helix,Yes
plant_images/4048.jpg,12,Alliaria petiolata,Yes
plant_images/7830.jpg,3,Asimina triloba,No
plant_images/21186.jpg,4,Rubus phoenicolasius,Yes
plant_images/18416.jpg,15,Packera aurea,No
plant_images/26209.jpg,15,Packera aurea,No
plant_images/7261.jpg,15,Packera aurea,No
plant_images/18654.jpg,9,Parthenocissus quinquefolia,No
plant_images/16270.jpg,12,Alliaria petiolata,Yes
plant_images/6333.jpg,2,Elaeagnus umbellata,Yes
plant_images/26523.jpg,2,Elaeagnus umbellata,Yes
plant_images/20128.jpg,12,Alliaria petiolata,Yes
plant_images/8592.jpg,10,Persicaria perfoliata,Yes
plant_images/14288.jpg,14,Ficaria verna,Yes
plant_images/21354.jpg,7,Campsis radicans,No
plant_images/2492.jpg,10,Persicaria perfoliata,Yes
plant_images/21892.jpg,9,Parthenocissus quinquefolia,No
plant_images/7796.jpg,9,Parthenocissus quinquefolia,No
plant_images/387.jpg,4,Rubus phoenicolasius,Yes
plant_images/17023.jpg,14,Ficaria verna,Yes
plant_images/16291.jpg,14,Ficaria verna,Yes
plant_images/6893.jpg,2,Elaeagnus umbellata,Yes
plant_images/26859.jpg,0,Ailanthus altissima,Yes
plant_images/27817.jpg,1,Rhus copallinum,No
plant_images/26975.jpg,9,Parthenocissus quinquefolia,No
plant_images/19650.jpg,7,Campsis radicans,No
plant_images/13141.jpg,12,Alliaria petiolata,Yes
plant_images/1.jpg,14,Ficaria verna,Yes
plant_images/16209.jpg,4,Rubus phoenicolasius,Yes
plant_images/13491.jpg,12,Alliaria petiolata,Yes
plant_images/22974.jpg,3,Asimina triloba,No
plant_images/20980.jpg,14,Ficaria verna,Yes
plant_images/21440.jpg,2,Elaeagnus umbellata,Yes
plant_images/9067.jpg,6,Lonicera japonica,Yes
plant_images/10627.jpg,10,Persicaria perfoliata,Yes
plant_images/101.jpg,9,Parthenocissus quinquefolia,No
plant_images/8345.jpg,1,Rhus copallinum,No
plant_images/19370.jpg,0,Ailanthus altissima,Yes
plant_images/840.jpg,8,Hedera helix,Yes
plant_images/21635.jpg,2,Elaeagnus umbellata,Yes
plant_images/8486.jpg,1,Rhus copallinum,No
plant_images/17530.jpg,3,Asimina triloba,No
plant_images/241.jpg,8,Hedera helix,Yes
plant_images/3982.jpg,8,Hedera helix,Yes
plant_images/10548.jpg,3,Asimina triloba,No
plant_images/16493.jpg,9,Parthenocissus quinquefolia,No
plant_images/16439.jpg,14,Ficaria verna,Yes
plant_images/16822.jpg,12,Alliaria petiolata,Yes
plant_images/26006.jpg,7,Campsis radicans,No
plant_images/11231.jpg,3,Asimina triloba,No
plant_images/20484.jpg,7,Campsis radicans,No
plant_images/28074.jpg,3,Asimina triloba,No
plant_images/14936.jpg,6,Lonicera japonica,Yes
plant_images/22963.jpg,3,Asimina triloba,No
plant_images/14583.jpg,4,Rubus phoenicolasius,Yes
plant_images/18776.jpg,6,Lonicera japonica,Yes
plant_images/16096.jpg,14,Ficaria verna,Yes
plant_images/27952.jpg,3,Asimina triloba,No
plant_images/12553.jpg,8,Hedera helix,Yes
plant_images/22797.jpg,9,Parthenocissus quinquefolia,No
plant_images/19658.jpg,10,Persicaria perfoliata,Yes
plant_images/20922.jpg,8,Hedera helix,Yes
plant_images/409.jpg,9,Parthenocissus quinquefolia,No
plant_images/12680.jpg,14,Ficaria verna,Yes
plant_images/1259.jpg,8,Hedera helix,Yes
plant_images/6924.jpg,14,Ficaria verna,Yes
plant_images/7019.jpg,12,Alliaria petiolata,Yes
plant_images/16280.jpg,6,Lonicera japonica,Yes
plant_images/22768.jpg,12,Alliaria petiolata,Yes
plant_images/226.jpg,8,Hedera helix,Yes
plant_images/25522.jpg,9,Parthenocissus quinquefolia,No
plant_images/7167.jpg,4,Rubus phoenicolasius,Yes
plant_images/6584.jpg,3,Asimina triloba,No
plant_images/5423.jpg,10,Persicaria perfoliata,Yes
plant_images/2897.jpg,14,Ficaria verna,Yes
plant_images/17158.jpg,1,Rhus copallinum,No
plant_images/27312.jpg,7,Campsis radicans,No
plant_images/19693.jpg,2,Elaeagnus umbellata,Yes
plant_images/18606.jpg,9,Parthenocissus quinquefolia,No
plant_images/7508.jpg,12,Alliaria petiolata,Yes
plant_images/11671.jpg,6,Lonicera japonica,Yes
plant_images/11232.jpg,2,Elaeagnus umbellata,Yes
plant_images/17453.jpg,11,Persicaria sagittata,No
plant_images/17723.jpg,4,Rubus phoenicolasius,Yes
plant_images/8793.jpg,4,Rubus phoenicolasius,Yes
plant_images/25406.jpg,3,Asimina triloba,No
plant_images/16307.jpg,12,Alliaria petiolata,Yes
plant_images/11877.jpg,5,Rubus occidentalis,No
plant_images/14623.jpg,14,Ficaria verna,Yes
plant_images/10477.jpg,6,Lonicera japonica,Yes
plant_images/1370.jpg,9,Parthenocissus quinquefolia,No
plant_images/21203.jpg,4,Rubus phoenicolasius,Yes
plant_images/6945.jpg,9,Parthenocissus quinquefolia,No
plant_images/15322.jpg,4,Rubus phoenicolasius,Yes
plant_images/15048.jpg,4,Rubus phoenicolasius,Yes
plant_images/8994.jpg,14,Ficaria verna,Yes
plant_images/8695.jpg,8,Hedera helix,Yes
plant_images/11323.jpg,4,Rubus phoenicolasius,Yes
plant_images/17187.jpg,6,Lonicera japonica,Yes
plant_images/9897.jpg,15,Packera aurea,No
plant_images/6476.jpg,10,Persicaria perfoliata,Yes
plant_images/7126.jpg,4,Rubus phoenicolasius,Yes
plant_images/21411.jpg,0,Ailanthus altissima,Yes
plant_images/1540.jpg,6,Lonicera japonica,Yes
plant_images/23452.jpg,3,Asimina triloba,No
plant_images/14399.jpg,14,Ficaria verna,Yes
plant_images/13944.jpg,2,Elaeagnus umbellata,Yes
plant_images/10714.jpg,8,Hedera helix,Yes
plant_images/1767.jpg,8,Hedera helix,Yes
plant_images/14380.jpg,11,Persicaria sagittata,No
plant_images/22649.jpg,0,Ailanthus altissima,Yes
plant_images/18911.jpg,9,Parthenocissus quinquefolia,No
plant_images/16321.jpg,3,Asimina triloba,No
plant_images/13036.jpg,2,Elaeagnus umbellata,Yes
plant_images/1535.jpg,12,Alliaria petiolata,Yes
plant_images/22168.jpg,6,Lonicera japonica,Yes
plant_images/15326.jpg,9,Parthenocissus quinquefolia,No
plant_images/25223.jpg,3,Asimina triloba,No
plant_images/7156.jpg,0,Ailanthus altissima,Yes
plant_images/9786.jpg,3,Asimina triloba,No
plant_images/39.jpg,0,Ailanthus altissima,Yes
plant_images/2687.jpg,6,Lonicera japonica,Yes
plant_images/24145.jpg,3,Asimina triloba,No
plant_images/26780.jpg,12,Alliaria petiolata,Yes
plant_images/2638.jpg,3,Asimina triloba,No
plant_images/5426.jpg,6,Lonicera japonica,Yes
plant_images/23087.jpg,6,Lonicera japonica,Yes
plant_images/8651.jpg,7,Campsis radicans,No
plant_images/13575.jpg,6,Lonicera japonica,Yes
plant_images/888.jpg,6,Lonicera japonica,Yes
plant_images/16719.jpg,8,Hedera helix,Yes
plant_images/27880.jpg,3,Asimina triloba,No
plant_images/12993.jpg,3,Asimina triloba,No
plant_images/11689.jpg,6,Lonicera japonica,Yes
plant_images/14871.jpg,10,Persicaria perfoliata,Yes
plant_images/6434.jpg,2,Elaeagnus umbellata,Yes
plant_images/4926.jpg,13,Geum canadense,No
plant_images/14245.jpg,9,Parthenocissus quinquefolia,No
plant_images/7212.jpg,0,Ailanthus altissima,Yes
plant_images/15825.jpg,14,Ficaria verna,Yes
plant_images/11005.jpg,2,Elaeagnus umbellata,Yes
plant_images/17192.jpg,12,Alliaria petiolata,Yes
plant_images/8734.jpg,4,Rubus phoenicolasius,Yes
plant_images/13867.jpg,4,Rubus phoenicolasius,Yes
plant_images/15437.jpg,4,Rubus phoenicolasius,Yes
plant_images/26843.jpg,3,Asimina triloba,No
plant_images/14377.jpg,6,Lonicera japonica,Yes
plant_images/25757.jpg,0,Ailanthus altissima,Yes
plant_images/21602.jpg,12,Alliaria petiolata,Yes
plant_images/24812.jpg,12,Alliaria petiolata,Yes
plant_images/643.jpg,6,Lonicera japonica,Yes
plant_images/5054.jpg,2,Elaeagnus umbellata,Yes
plant_images/9086.jpg,14,Ficaria verna,Yes
plant_images/11966.jpg,3,Asimina triloba,No
plant_images/10892.jpg,14,Ficaria verna,Yes
plant_images/26072.jpg,3,Asimina triloba,No
plant_images/2581.jpg,9,Parthenocissus quinquefolia,No
plant_images/22183.jpg,12,Alliaria petiolata,Yes
plant_images/25021.jpg,9,Parthenocissus quinquefolia,No
plant_images/12275.jpg,10,Persicaria perfoliata,Yes
plant_images/15442.jpg,4,Rubus phoenicolasius,Yes
plant_images/16643.jpg,15,Packera aurea,No
plant_images/16222.jpg,2,Elaeagnus umbellata,Yes
plant_images/12168.jpg,0,Ailanthus altissima,Yes
plant_images/16856.jpg,7,Campsis radicans,No
plant_images/24669.jpg,8,Hedera helix,Yes
plant_images/9529.jpg,15,Packera aurea,No
plant_images/9285.jpg,14,Ficaria verna,Yes
plant_images/17959.jpg,12,Alliaria petiolata,Yes
plant_images/7789.jpg,14,Ficaria verna,Yes
plant_images/25015.jpg,9,Parthenocissus quinquefolia,No
plant_images/11516.jpg,6,Lonicera japonica,Yes
plant_images/22852.jpg,4,Rubus phoenicolasius,Yes
plant_images/4815.jpg,7,Campsis radicans,No
plant_images/27266.jpg,7,Campsis radicans,No
plant_images/10804.jpg,3,Asimina triloba,No
plant_images/3912.jpg,7,Campsis radicans,No
plant_images/8327.jpg,10,Persicaria perfoliata,Yes
plant_images/3462.jpg,12,Alliaria petiolata,Yes
plant_images/3323.jpg,4,Rubus phoenicolasius,Yes
plant_images/6521.jpg,2,Elaeagnus umbellata,Yes
plant_images/13072.jpg,12,Alliaria petiolata,Yes
plant_images/20105.jpg,12,Alliaria petiolata,Yes
plant_images/16518.jpg,12,Alliaria petiolata,Yes
plant_images/2012.jpg,14,Ficaria verna,Yes
plant_images/13079.jpg,4,Rubus phoenicolasius,Yes
plant_images/20140.jpg,12,Alliaria petiolata,Yes
plant_images/11157.jpg,14,Ficaria verna,Yes
plant_images/2601.jpg,12,Alliaria petiolata,Yes
plant_images/7650.jpg,9,Parthenocissus quinquefolia,No
plant_images/14220.jpg,3,Asimina triloba,No
plant_images/19451.jpg,4,Rubus phoenicolasius,Yes
plant_images/7115.jpg,12,Alliaria petiolata,Yes
plant_images/9548.jpg,12,Alliaria petiolata,Yes
plant_images/28251.jpg,4,Rubus phoenicolasius,Yes
plant_images/10436.jpg,7,Campsis radicans,No
plant_images/26568.jpg,3,Asimina triloba,No
plant_images/14610.jpg,14,Ficaria verna,Yes
plant_images/12387.jpg,8,Hedera helix,Yes
plant_images/21379.jpg,2,Elaeagnus umbellata,Yes
plant_images/24088.jpg,13,Geum canadense,No
plant_images/17971.jpg,14,Ficaria verna,Yes
plant_images/16736.jpg,3,Asimina triloba,No
plant_images/18253.jpg,14,Ficaria verna,Yes
plant_images/25867.jpg,7,Campsis radicans,No
plant_images/10392.jpg,12,Alliaria petiolata,Yes
plant_images/11561.jpg,0,Ailanthus altissima,Yes
plant_images/12185.jpg,2,Elaeagnus umbellata,Yes
plant_images/7967.jpg,10,Persicaria perfoliata,Yes
plant_images/18090.jpg,12,Alliaria petiolata,Yes
plant_images/23960.jpg,9,Parthenocissus quinquefolia,No
plant_images/20061.jpg,12,Alliaria petiolata,Yes
plant_images/12196.jpg,10,Persicaria perfoliata,Yes
plant_images/7326.jpg,9,Parthenocissus quinquefolia,No
plant_images/13129.jpg,0,Ailanthus altissima,Yes
plant_images/1367.jpg,1,Rhus copallinum,No
plant_images/12285.jpg,10,Persicaria perfoliata,Yes
plant_images/2365.jpg,15,Packera aurea,No
plant_images/13139.jpg,8,Hedera helix,Yes
plant_images/4647.jpg,0,Ailanthus altissima,Yes
plant_images/3856.jpg,9,Parthenocissus quinquefolia,No
plant_images/23249.jpg,3,Asimina triloba,No
plant_images/7829.jpg,3,Asimina triloba,No
plant_images/18345.jpg,6,Lonicera japonica,Yes
plant_images/15441.jpg,10,Persicaria perfoliata,Yes
plant_images/26345.jpg,2,Elaeagnus umbellata,Yes
plant_images/13871.jpg,7,Campsis radicans,No
plant_images/8380.jpg,13,Geum canadense,No
plant_images/27696.jpg,9,Parthenocissus quinquefolia,No
plant_images/17744.jpg,8,Hedera helix,Yes
plant_images/23080.jpg,11,Persicaria sagittata,No
plant_images/3929.jpg,7,Campsis radicans,No
plant_images/20836.jpg,9,Parthenocissus quinquefolia,No
plant_images/4068.jpg,12,Alliaria petiolata,Yes
plant_images/22622.jpg,12,Alliaria petiolata,Yes
plant_images/15297.jpg,9,Parthenocissus quinquefolia,No
plant_images/10796.jpg,12,Alliaria petiolata,Yes
plant_images/20170.jpg,9,Parthenocissus quinquefolia,No
plant_images/14168.jpg,4,Rubus phoenicolasius,Yes
plant_images/8296.jpg,7,Campsis radicans,No
plant_images/4389.jpg,12,Alliaria petiolata,Yes
plant_images/2260.jpg,3,Asimina triloba,No
plant_images/25424.jpg,4,Rubus phoenicolasius,Yes
plant_images/8838.jpg,2,Elaeagnus umbellata,Yes
plant_images/15670.jpg,10,Persicaria perfoliata,Yes
plant_images/22506.jpg,10,Persicaria perfoliata,Yes
plant_images/13319.jpg,12,Alliaria petiolata,Yes
plant_images/26163.jpg,3,Asimina triloba,No
plant_images/20827.jpg,9,Parthenocissus quinquefolia,No
plant_images/14301.jpg,8,Hedera helix,Yes
plant_images/9125.jpg,14,Ficaria verna,Yes
plant_images/13834.jpg,4,Rubus phoenicolasius,Yes
plant_images/20369.jpg,0,Ailanthus altissima,Yes
plant_images/22011.jpg,4,Rubus phoenicolasius,Yes
plant_images/20577.jpg,3,Asimina triloba,No
plant_images/22234.jpg,9,Parthenocissus quinquefolia,No
plant_images/24873.jpg,2,Elaeagnus umbellata,Yes
plant_images/7043.jpg,3,Asimina triloba,No
plant_images/21112.jpg,9,Parthenocissus quinquefolia,No
plant_images/4859.jpg,10,Persicaria perfoliata,Yes
plant_images/14462.jpg,6,Lonicera japonica,Yes
plant_images/10706.jpg,1,Rhus copallinum,No
plant_images/13455.jpg,12,Alliaria petiolata,Yes
plant_images/13361.jpg,9,Parthenocissus quinquefolia,No
plant_images/24801.jpg,2,Elaeagnus umbellata,Yes
plant_images/1073.jpg,14,Ficaria verna,Yes
plant_images/10498.jpg,10,Persicaria perfoliata,Yes
plant_images/1680.jpg,12,Alliaria petiolata,Yes
plant_images/23294.jpg,2,Elaeagnus umbellata,Yes
plant_images/605.jpg,12,Alliaria petiolata,Yes
plant_images/27031.jpg,3,Asimina triloba,No
plant_images/12664.jpg,14,Ficaria verna,Yes
plant_images/5422.jpg,10,Persicaria perfoliata,Yes
plant_images/23647.jpg,3,Asimina triloba,No
plant_images/23414.jpg,1,Rhus copallinum,No
plant_images/6460.jpg,10,Persicaria perfoliata,Yes
plant_images/9403.jpg,3,Asimina triloba,No
plant_images/15022.jpg,3,Asimina triloba,No
plant_images/8314.jpg,10,Persicaria perfoliata,Yes
plant_images/10428.jpg,10,Persicaria perfoliata,Yes
plant_images/10676.jpg,2,Elaeagnus umbellata,Yes
plant_images/16590.jpg,5,Rubus occidentalis,No
plant_images/5487.jpg,6,Lonicera japonica,Yes
plant_images/28304.jpg,11,Persicaria sagittata,No
plant_images/9557.jpg,4,Rubus phoenicolasius,Yes
plant_images/8374.jpg,1,Rhus copallinum,No
plant_images/2233.jpg,9,Parthenocissus quinquefolia,No
plant_images/20539.jpg,3,Asimina triloba,No
plant_images/23185.jpg,2,Elaeagnus umbellata,Yes
plant_images/9451.jpg,2,Elaeagnus umbellata,Yes
plant_images/15758.jpg,9,Parthenocissus quinquefolia,No
plant_images/28031.jpg,14,Ficaria verna,Yes
plant_images/25939.jpg,5,Rubus occidentalis,No
plant_images/10984.jpg,6,Lonicera japonica,Yes
plant_images/22213.jpg,4,Rubus phoenicolasius,Yes
plant_images/18047.jpg,6,Lonicera japonica,Yes
plant_images/6675.jpg,12,Alliaria petiolata,Yes
plant_images/9192.jpg,12,Alliaria petiolata,Yes
plant_images/11160.jpg,4,Rubus phoenicolasius,Yes
plant_images/15855.jpg,0,Ailanthus altissima,Yes
plant_images/23305.jpg,4,Rubus phoenicolasius,Yes
plant_images/3396.jpg,9,Parthenocissus quinquefolia,No
plant_images/3418.jpg,8,Hedera helix,Yes
plant_images/11173.jpg,6,Lonicera japonica,Yes
plant_images/23173.jpg,3,Asimina triloba,No
plant_images/15956.jpg,14,Ficaria verna,Yes
plant_images/25236.jpg,0,Ailanthus altissima,Yes
plant_images/21436.jpg,3,Asimina triloba,No
plant_images/11617.jpg,9,Parthenocissus quinquefolia,No
plant_images/12485.jpg,4,Rubus phoenicolasius,Yes
plant_images/18970.jpg,2,Elaeagnus umbellata,Yes
plant_images/9816.jpg,9,Parthenocissus quinquefolia,No
plant_images/7319.jpg,6,Lonicera japonica,Yes
plant_images/5442.jpg,8,Hedera helix,Yes
plant_images/17862.jpg,12,Alliaria petiolata,Yes
plant_images/17190.jpg,0,Ailanthus altissima,Yes
plant_images/5990.jpg,6,Lonicera japonica,Yes
plant_images/4776.jpg,10,Persicaria perfoliata,Yes
plant_images/3672.jpg,6,Lonicera japonica,Yes
plant_images/15042.jpg,12,Alliaria petiolata,Yes
plant_images/10648.jpg,2,Elaeagnus umbellata,Yes
plant_images/4080.jpg,3,Asimina triloba,No
plant_images/5929.jpg,14,Ficaria verna,Yes
plant_images/12736.jpg,14,Ficaria verna,Yes
plant_images/16603.jpg,9,Parthenocissus quinquefolia,No
plant_images/19355.jpg,7,Campsis radicans,No
plant_images/27283.jpg,1,Rhus copallinum,No
plant_images/19623.jpg,1,Rhus copallinum,No
plant_images/4439.jpg,14,Ficaria verna,Yes
plant_images/15772.jpg,8,Hedera helix,Yes
plant_images/10200.jpg,7,Campsis radicans,No
plant_images/16085.jpg,14,Ficaria verna,Yes
plant_images/6177.jpg,6,Lonicera japonica,Yes
plant_images/10434.jpg,9,Parthenocissus quinquefolia,No
plant_images/21796.jpg,0,Ailanthus altissima,Yes
plant_images/9004.jpg,2,Elaeagnus umbellata,Yes
plant_images/5061.jpg,12,Alliaria petiolata,Yes
plant_images/21076.jpg,12,Alliaria petiolata,Yes
plant_images/9437.jpg,9,Parthenocissus quinquefolia,No
plant_images/10786.jpg,3,Asimina triloba,No
plant_images/16198.jpg,6,Lonicera japonica,Yes
plant_images/16504.jpg,7,Campsis radicans,No
plant_images/12053.jpg,3,Asimina triloba,No
plant_images/21451.jpg,2,Elaeagnus umbellata,Yes
plant_images/9289.jpg,8,Hedera helix,Yes
plant_images/238.jpg,8,Hedera helix,Yes
plant_images/12548.jpg,14,Ficaria verna,Yes
plant_images/20918.jpg,3,Asimina triloba,No
plant_images/614.jpg,9,Parthenocissus quinquefolia,No
plant_images/18436.jpg,12,Alliaria petiolata,Yes
plant_images/19821.jpg,8,Hedera helix,Yes
plant_images/21679.jpg,12,Alliaria petiolata,Yes
plant_images/6455.jpg,8,Hedera helix,Yes
plant_images/19883.jpg,4,Rubus phoenicolasius,Yes
plant_images/19313.jpg,10,Persicaria perfoliata,Yes
plant_images/7134.jpg,12,Alliaria petiolata,Yes
plant_images/5963.jpg,3,Asimina triloba,No
plant_images/8841.jpg,8,Hedera helix,Yes
plant_images/733.jpg,10,Persicaria perfoliata,Yes
plant_images/7836.jpg,4,Rubus phoenicolasius,Yes
plant_images/12153.jpg,0,Ailanthus altissima,Yes
plant_images/8863.jpg,12,Alliaria petiolata,Yes
plant_images/116.jpg,10,Persicaria perfoliata,Yes
plant_images/10716.jpg,13,Geum canadense,No
plant_images/8916.jpg,4,Rubus phoenicolasius,Yes
plant_images/9925.jpg,4,Rubus phoenicolasius,Yes
plant_images/17958.jpg,14,Ficaria verna,Yes
plant_images/8594.jpg,11,Persicaria sagittata,No
plant_images/13512.jpg,9,Parthenocissus quinquefolia,No
plant_images/7081.jpg,0,Ailanthus altissima,Yes
plant_images/18227.jpg,12,Alliaria petiolata,Yes
plant_images/26180.jpg,2,Elaeagnus umbellata,Yes
plant_images/10589.jpg,2,Elaeagnus umbellata,Yes
plant_images/8884.jpg,0,Ailanthus altissima,Yes
plant_images/14677.jpg,12,Alliaria petiolata,Yes
plant_images/12590.jpg,14,Ficaria verna,Yes
plant_images/1132.jpg,9,Parthenocissus quinquefolia,No
plant_images/21258.jpg,11,Persicaria sagittata,No
plant_images/21703.jpg,0,Ailanthus altissima,Yes
plant_images/17202.jpg,7,Campsis radicans,No
plant_images/16399.jpg,14,Ficaria verna,Yes
plant_images/6263.jpg,4,Rubus phoenicolasius,Yes
plant_images/6652.jpg,13,Geum canadense,No
plant_images/27265.jpg,3,Asimina triloba,No
plant_images/16029.jpg,12,Alliaria petiolata,Yes
plant_images/5634.jpg,2,Elaeagnus umbellata,Yes
plant_images/21000.jpg,14,Ficaria verna,Yes
plant_images/26602.jpg,12,Alliaria petiolata,Yes
plant_images/23171.jpg,3,Asimina triloba,No
plant_images/11963.jpg,0,Ailanthus altissima,Yes
plant_images/254.jpg,9,Parthenocissus quinquefolia,No
plant_images/20639.jpg,2,Elaeagnus umbellata,Yes
plant_images/19123.jpg,3,Asimina triloba,No
plant_images/20957.jpg,4,Rubus phoenicolasius,Yes
plant_images/21215.jpg,0,Ailanthus altissima,Yes
plant_images/1233.jpg,6,Lonicera japonica,Yes
plant_images/2163.jpg,8,Hedera helix,Yes
plant_images/14891.jpg,3,Asimina triloba,No
plant_images/14707.jpg,3,Asimina triloba,No
plant_images/16917.jpg,6,Lonicera japonica,Yes
plant_images/17973.jpg,12,Alliaria petiolata,Yes
plant_images/14727.jpg,12,Alliaria petiolata,Yes
plant_images/11995.jpg,1,Rhus copallinum,No
plant_images/34.jpg,2,Elaeagnus umbellata,Yes
plant_images/1451.jpg,4,Rubus phoenicolasius,Yes
plant_images/26082.jpg,2,Elaeagnus umbellata,Yes
plant_images/4006.jpg,14,Ficaria verna,Yes
plant_images/1343.jpg,0,Ailanthus altissima,Yes
plant_images/18452.jpg,4,Rubus phoenicolasius,Yes
plant_images/19622.jpg,1,Rhus copallinum,No
plant_images/19617.jpg,0,Ailanthus altissima,Yes
plant_images/15770.jpg,4,Rubus phoenicolasius,Yes
plant_images/28090.jpg,2,Elaeagnus umbellata,Yes
plant_images/19755.jpg,2,Elaeagnus umbellata,Yes
plant_images/3133.jpg,15,Packera aurea,No
plant_images/19505.jpg,3,Asimina triloba,No
plant_images/4971.jpg,12,Alliaria petiolata,Yes
plant_images/26836.jpg,1,Rhus copallinum,No
plant_images/6871.jpg,0,Ailanthus altissima,Yes
plant_images/10145.jpg,0,Ailanthus altissima,Yes
plant_images/9879.jpg,10,Persicaria perfoliata,Yes
plant_images/18963.jpg,7,Campsis radicans,No
plant_images/14231.jpg,6,Lonicera japonica,Yes
plant_images/14505.jpg,14,Ficaria verna,Yes
plant_images/17885.jpg,14,Ficaria verna,Yes
plant_images/5008.jpg,15,Packera aurea,No
plant_images/25080.jpg,6,Lonicera japonica,Yes
plant_images/18189.jpg,14,Ficaria verna,Yes
plant_images/20178.jpg,3,Asimina triloba,No
plant_images/11444.jpg,12,Alliaria petiolata,Yes
plant_images/4729.jpg,12,Alliaria petiolata,Yes
plant_images/21309.jpg,2,Elaeagnus umbellata,Yes
plant_images/22012.jpg,7,Campsis radicans,No
plant_images/4269.jpg,9,Parthenocissus quinquefolia,No
plant_images/16385.jpg,9,Parthenocissus quinquefolia,No
plant_images/20345.jpg,0,Ailanthus altissima,Yes
plant_images/19378.jpg,4,Rubus phoenicolasius,Yes
plant_images/24290.jpg,2,Elaeagnus umbellata,Yes
plant_images/19587.jpg,7,Campsis radicans,No
plant_images/7874.jpg,12,Alliaria petiolata,Yes
plant_images/15566.jpg,7,Campsis radicans,No
plant_images/18218.jpg,14,Ficaria verna,Yes
plant_images/1585.jpg,8,Hedera helix,Yes
plant_images/9039.jpg,14,Ficaria verna,Yes
plant_images/26719.jpg,0,Ailanthus altissima,Yes
plant_images/11346.jpg,9,Parthenocissus quinquefolia,No
plant_images/24869.jpg,12,Alliaria petiolata,Yes
plant_images/28223.jpg,12,Alliaria petiolata,Yes
plant_images/1381.jpg,3,Asimina triloba,No
plant_images/26084.jpg,12,Alliaria petiolata,Yes
plant_images/6908.jpg,14,Ficaria verna,Yes
plant_images/26121.jpg,3,Asimina triloba,No
plant_images/28263.jpg,9,Parthenocissus quinquefolia,No
plant_images/13460.jpg,1,Rhus copallinum,No
plant_images/13089.jpg,3,Asimina triloba,No
plant_images/27057.jpg,3,Asimina triloba,No
plant_images/25928.jpg,7,Campsis radicans,No
plant_images/25458.jpg,6,Lonicera japonica,Yes
plant_images/20432.jpg,3,Asimina triloba,No
plant_images/25880.jpg,1,Rhus copallinum,No
plant_images/27151.jpg,1,Rhus copallinum,No
plant_images/16445.jpg,15,Packera aurea,No
plant_images/235.jpg,6,Lonicera japonica,Yes
plant_images/14876.jpg,14,Ficaria verna,Yes
plant_images/4997.jpg,4,Rubus phoenicolasius,Yes
plant_images/21555.jpg,14,Ficaria verna,Yes
plant_images/8226.jpg,9,Parthenocissus quinquefolia,No
plant_images/6089.jpg,3,Asimina triloba,No
plant_images/9202.jpg,14,Ficaria verna,Yes
plant_images/1440.jpg,8,Hedera helix,Yes
plant_images/24118.jpg,13,Geum canadense,No
plant_images/26308.jpg,4,Rubus phoenicolasius,Yes
plant_images/18514.jpg,15,Packera aurea,No
plant_images/6055.jpg,12,Alliaria petiolata,Yes
plant_images/20850.jpg,10,Persicaria perfoliata,Yes
plant_images/11279.jpg,6,Lonicera japonica,Yes
plant_images/4826.jpg,7,Campsis radicans,No
plant_images/21459.jpg,4,Rubus phoenicolasius,Yes
plant_images/13226.jpg,9,Parthenocissus quinquefolia,No
plant_images/1677.jpg,12,Alliaria petiolata,Yes
plant_images/1840.jpg,9,Parthenocissus quinquefolia,No
plant_images/2280.jpg,7,Campsis radicans,No
plant_images/6347.jpg,3,Asimina triloba,No
plant_images/5325.jpg,0,Ailanthus altissima,Yes
plant_images/6571.jpg,3,Asimina triloba,No
plant_images/8468.jpg,10,Persicaria perfoliata,Yes
plant_images/23381.jpg,2,Elaeagnus umbellata,Yes
plant_images/23124.jpg,4,Rubus phoenicolasius,Yes
plant_images/27328.jpg,4,Rubus phoenicolasius,Yes
plant_images/11312.jpg,9,Parthenocissus quinquefolia,No
plant_images/295.jpg,12,Alliaria petiolata,Yes
plant_images/3997.jpg,14,Ficaria verna,Yes
plant_images/19773.jpg,3,Asimina triloba,No
plant_images/7769.jpg,9,Parthenocissus quinquefolia,No
plant_images/25330.jpg,1,Rhus copallinum,No
plant_images/12798.jpg,14,Ficaria verna,Yes
plant_images/17829.jpg,8,Hedera helix,Yes
plant_images/15489.jpg,9,Parthenocissus quinquefolia,No
plant_images/18193.jpg,12,Alliaria petiolata,Yes
plant_images/8840.jpg,8,Hedera helix,Yes
plant_images/10421.jpg,7,Campsis radicans,No
plant_images/19446.jpg,3,Asimina triloba,No
plant_images/23920.jpg,0,Ailanthus altissima,Yes
plant_images/24947.jpg,2,Elaeagnus umbellata,Yes
plant_images/12120.jpg,0,Ailanthus altissima,Yes
plant_images/21204.jpg,4,Rubus phoenicolasius,Yes
plant_images/9290.jpg,3,Asimina triloba,No
plant_images/13156.jpg,9,Parthenocissus quinquefolia,No
plant_images/16718.jpg,14,Ficaria verna,Yes
plant_images/5105.jpg,2,Elaeagnus umbellata,Yes
plant_images/26060.jpg,2,Elaeagnus umbellata,Yes
plant_images/15213.jpg,3,Asimina triloba,No
plant_images/25822.jpg,3,Asimina triloba,No
plant_images/2546.jpg,6,Lonicera japonica,Yes
plant_images/26195.jpg,15,Packera aurea,No
plant_images/25557.jpg,2,Elaeagnus umbellata,Yes
plant_images/26703.jpg,1,Rhus copallinum,No
plant_images/9885.jpg,2,Elaeagnus umbellata,Yes
plant_images/4043.jpg,9,Parthenocissus quinquefolia,No
plant_images/10489.jpg,6,Lonicera japonica,Yes
plant_images/19381.jpg,5,Rubus occidentalis,No
plant_images/26300.jpg,9,Parthenocissus quinquefolia,No
plant_images/18018.jpg,6,Lonicera japonica,Yes
plant_images/8953.jpg,12,Alliaria petiolata,Yes
plant_images/26340.jpg,6,Lonicera japonica,Yes
plant_images/1193.jpg,9,Parthenocissus quinquefolia,No
plant_images/12862.jpg,12,Alliaria petiolata,Yes
plant_images/19065.jpg,1,Rhus copallinum,No
plant_images/26653.jpg,9,Parthenocissus quinquefolia,No
plant_images/14721.jpg,6,Lonicera japonica,Yes
plant_images/10319.jpg,4,Rubus phoenicolasius,Yes
plant_images/21756.jpg,4,Rubus phoenicolasius,Yes
plant_images/4940.jpg,6,Lonicera japonica,Yes
plant_images/21148.jpg,2,Elaeagnus umbellata,Yes
plant_images/13061.jpg,2,Elaeagnus umbellata,Yes
plant_images/17757.jpg,3,Asimina triloba,No
plant_images/4812.jpg,3,Asimina triloba,No
plant_images/2175.jpg,3,Asimina triloba,No
plant_images/25273.jpg,3,Asimina triloba,No
plant_images/10053.jpg,15,Packera aurea,No
plant_images/7162.jpg,14,Ficaria verna,Yes
plant_images/14327.jpg,7,Campsis radicans,No
plant_images/18451.jpg,6,Lonicera japonica,Yes
plant_images/26767.jpg,1,Rhus copallinum,No
plant_images/354.jpg,4,Rubus phoenicolasius,Yes
plant_images/26898.jpg,3,Asimina triloba,No
plant_images/20731.jpg,3,Asimina triloba,No
plant_images/24429.jpg,12,Alliaria petiolata,Yes
plant_images/12430.jpg,9,Parthenocissus quinquefolia,No
plant_images/8669.jpg,10,Persicaria perfoliata,Yes
plant_images/27968.jpg,12,Alliaria petiolata,Yes
plant_images/7589.jpg,14,Ficaria verna,Yes
plant_images/8438.jpg,9,Parthenocissus quinquefolia,No
plant_images/1936.jpg,4,Rubus phoenicolasius,Yes
plant_images/650.jpg,6,Lonicera japonica,Yes
plant_images/10149.jpg,6,Lonicera japonica,Yes
plant_images/16433.jpg,9,Parthenocissus quinquefolia,No
plant_images/13876.jpg,3,Asimina triloba,No
plant_images/7982.jpg,4,Rubus phoenicolasius,Yes
plant_images/1908.jpg,3,Asimina triloba,No
plant_images/1697.jpg,9,Parthenocissus quinquefolia,No
plant_images/3326.jpg,7,Campsis radicans,No
plant_images/17623.jpg,11,Persicaria sagittata,No
plant_images/22866.jpg,4,Rubus phoenicolasius,Yes
plant_images/17239.jpg,9,Parthenocissus quinquefolia,No
plant_images/22825.jpg,9,Parthenocissus quinquefolia,No
plant_images/24506.jpg,1,Rhus copallinum,No
plant_images/23562.jpg,2,Elaeagnus umbellata,Yes
plant_images/13428.jpg,6,Lonicera japonica,Yes
plant_images/4536.jpg,3,Asimina triloba,No
plant_images/24738.jpg,7,Campsis radicans,No
plant_images/16803.jpg,3,Asimina triloba,No
plant_images/9526.jpg,15,Packera aurea,No
plant_images/21138.jpg,13,Geum canadense,No
plant_images/13252.jpg,9,Parthenocissus quinquefolia,No
plant_images/1425.jpg,12,Alliaria petiolata,Yes
plant_images/1359.jpg,4,Rubus phoenicolasius,Yes
plant_images/15222.jpg,7,Campsis radicans,No
plant_images/25783.jpg,5,Rubus occidentalis,No
plant_images/312.jpg,12,Alliaria petiolata,Yes
plant_images/9603.jpg,2,Elaeagnus umbellata,Yes
plant_images/1798.jpg,12,Alliaria petiolata,Yes
plant_images/9921.jpg,9,Parthenocissus quinquefolia,No
plant_images/18140.jpg,14,Ficaria verna,Yes
plant_images/4648.jpg,0,Ailanthus altissima,Yes
plant_images/7883.jpg,3,Asimina triloba,No
plant_images/17341.jpg,0,Ailanthus altissima,Yes
plant_images/7477.jpg,12,Alliaria petiolata,Yes
plant_images/3041.jpg,9,Parthenocissus quinquefolia,No
plant_images/14217.jpg,3,Asimina triloba,No
plant_images/25199.jpg,9,Parthenocissus quinquefolia,No
plant_images/19690.jpg,3,Asimina triloba,No
plant_images/17262.jpg,4,Rubus phoenicolasius,Yes
plant_images/3096.jpg,3,Asimina triloba,No
plant_images/8525.jpg,9,Parthenocissus quinquefolia,No
plant_images/23129.jpg,2,Elaeagnus umbellata,Yes
plant_images/25086.jpg,12,Alliaria petiolata,Yes
plant_images/5399.jpg,10,Persicaria perfoliata,Yes
plant_images/18244.jpg,2,Elaeagnus umbellata,Yes
plant_images/14884.jpg,2,Elaeagnus umbellata,Yes
plant_images/7979.jpg,5,Rubus occidentalis,No
plant_images/22968.jpg,4,Rubus phoenicolasius,Yes
plant_images/22403.jpg,9,Parthenocissus quinquefolia,No
plant_images/6221.jpg,10,Persicaria perfoliata,Yes
plant_images/16647.jpg,9,Parthenocissus quinquefolia,No
plant_images/5207.jpg,9,Parthenocissus quinquefolia,No
plant_images/4961.jpg,4,Rubus phoenicolasius,Yes
plant_images/15258.jpg,3,Asimina triloba,No
plant_images/24124.jpg,7,Campsis radicans,No
plant_images/18005.jpg,3,Asimina triloba,No
plant_images/24002.jpg,6,Lonicera japonica,Yes
plant_images/26415.jpg,3,Asimina triloba,No
plant_images/11697.jpg,0,Ailanthus altissima,Yes
plant_images/14979.jpg,9,Parthenocissus quinquefolia,No
plant_images/3597.jpg,3,Asimina triloba,No
plant_images/8246.jpg,7,Campsis radicans,No
plant_images/13593.jpg,6,Lonicera japonica,Yes
plant_images/22113.jpg,6,Lonicera japonica,Yes
plant_images/16387.jpg,9,Parthenocissus quinquefolia,No
plant_images/15504.jpg,2,Elaeagnus umbellata,Yes
plant_images/5153.jpg,7,Campsis radicans,No
plant_images/5659.jpg,14,Ficaria verna,Yes
plant_images/5751.jpg,14,Ficaria verna,Yes
plant_images/12492.jpg,8,Hedera helix,Yes
plant_images/15892.jpg,14,Ficaria verna,Yes
plant_images/12521.jpg,6,Lonicera japonica,Yes
plant_images/17156.jpg,1,Rhus copallinum,No
plant_images/26269.jpg,2,Elaeagnus umbellata,Yes
plant_images/9899.jpg,7,Campsis radicans,No
plant_images/23529.jpg,2,Elaeagnus umbellata,Yes
plant_images/10239.jpg,7,Campsis radicans,No
plant_images/20523.jpg,4,Rubus phoenicolasius,Yes
plant_images/18889.jpg,4,Rubus phoenicolasius,Yes
plant_images/9314.jpg,9,Parthenocissus quinquefolia,No
plant_images/7310.jpg,12,Alliaria petiolata,Yes
plant_images/13784.jpg,0,Ailanthus altissima,Yes
plant_images/7623.jpg,0,Ailanthus altissima,Yes
plant_images/20003.jpg,12,Alliaria petiolata,Yes
plant_images/15983.jpg,14,Ficaria verna,Yes
plant_images/27435.jpg,6,Lonicera japonica,Yes
plant_images/20499.jpg,3,Asimina triloba,No
plant_images/14781.jpg,12,Alliaria petiolata,Yes
plant_images/10857.jpg,0,Ailanthus altissima,Yes
plant_images/13804.jpg,4,Rubus phoenicolasius,Yes
plant_images/2502.jpg,9,Parthenocissus quinquefolia,No
plant_images/22934.jpg,0,Ailanthus altissima,Yes
plant_images/4159.jpg,8,Hedera helix,Yes
plant_images/25083.jpg,3,Asimina triloba,No
plant_images/22790.jpg,9,Parthenocissus quinquefolia,No
plant_images/11162.jpg,12,Alliaria petiolata,Yes
plant_images/1878.jpg,12,Alliaria petiolata,Yes
plant_images/8666.jpg,4,Rubus phoenicolasius,Yes
plant_images/23949.jpg,0,Ailanthus altissima,Yes
plant_images/7446.jpg,8,Hedera helix,Yes
plant_images/23170.jpg,3,Asimina triloba,No
plant_images/2007.jpg,14,Ficaria verna,Yes
plant_images/2771.jpg,3,Asimina triloba,No
plant_images/2527.jpg,9,Parthenocissus quinquefolia,No
plant_images/26856.jpg,10,Persicaria perfoliata,Yes
plant_images/2959.jpg,9,Parthenocissus quinquefolia,No
plant_images/6360.jpg,4,Rubus phoenicolasius,Yes
plant_images/26506.jpg,3,Asimina triloba,No
plant_images/23705.jpg,10,Persicaria perfoliata,Yes
plant_images/25726.jpg,12,Alliaria petiolata,Yes
plant_images/6597.jpg,8,Hedera helix,Yes
plant_images/6942.jpg,12,Alliaria petiolata,Yes
plant_images/20848.jpg,3,Asimina triloba,No
plant_images/3884.jpg,0,Ailanthus altissima,Yes
plant_images/6034.jpg,7,Campsis radicans,No
plant_images/10460.jpg,13,Geum canadense,No
plant_images/20925.jpg,2,Elaeagnus umbellata,Yes
plant_images/20474.jpg,3,Asimina triloba,No
plant_images/11109.jpg,12,Alliaria petiolata,Yes
plant_images/18602.jpg,2,Elaeagnus umbellata,Yes
plant_images/16573.jpg,8,Hedera helix,Yes
plant_images/26968.jpg,6,Lonicera japonica,Yes
plant_images/27516.jpg,15,Packera aurea,No
plant_images/3398.jpg,0,Ailanthus altissima,Yes
plant_images/28328.jpg,11,Persicaria sagittata,No
plant_images/13962.jpg,7,Campsis radicans,No
plant_images/19115.jpg,6,Lonicera japonica,Yes
plant_images/9597.jpg,9,Parthenocissus quinquefolia,No
plant_images/23165.jpg,4,Rubus phoenicolasius,Yes
plant_images/8392.jpg,1,Rhus copallinum,No
plant_images/21342.jpg,3,Asimina triloba,No
plant_images/18213.jpg,14,Ficaria verna,Yes
plant_images/21019.jpg,3,Asimina triloba,No
plant_images/5824.jpg,12,Alliaria petiolata,Yes
plant_images/26515.jpg,12,Alliaria petiolata,Yes
plant_images/20852.jpg,9,Parthenocissus quinquefolia,No
plant_images/9841.jpg,14,Ficaria verna,Yes
plant_images/8966.jpg,4,Rubus phoenicolasius,Yes
plant_images/14700.jpg,6,Lonicera japonica,Yes
plant_images/9917.jpg,8,Hedera helix,Yes
plant_images/11937.jpg,4,Rubus phoenicolasius,Yes
plant_images/8465.jpg,4,Rubus phoenicolasius,Yes
plant_images/26168.jpg,12,Alliaria petiolata,Yes
plant_images/19644.jpg,10,Persicaria perfoliata,Yes
plant_images/20626.jpg,4,Rubus phoenicolasius,Yes
plant_images/466.jpg,14,Ficaria verna,Yes
plant_images/18645.jpg,7,Campsis radicans,No
plant_images/1763.jpg,7,Campsis radicans,No
plant_images/3648.jpg,4,Rubus phoenicolasius,Yes
plant_images/22219.jpg,0,Ailanthus altissima,Yes
plant_images/20743.jpg,4,Rubus phoenicolasius,Yes
plant_images/18351.jpg,2,Elaeagnus umbellata,Yes
plant_images/21740.jpg,0,Ailanthus altissima,Yes
plant_images/16667.jpg,9,Parthenocissus quinquefolia,No
plant_images/13666.jpg,0,Ailanthus altissima,Yes
plant_images/8743.jpg,6,Lonicera japonica,Yes
plant_images/1015.jpg,4,Rubus phoenicolasius,Yes
plant_images/4585.jpg,0,Ailanthus altissima,Yes
plant_images/4880.jpg,11,Persicaria sagittata,No
plant_images/11389.jpg,12,Alliaria petiolata,Yes
plant_images/5237.jpg,1,Rhus copallinum,No
plant_images/17964.jpg,14,Ficaria verna,Yes
plant_images/25432.jpg,1,Rhus copallinum,No
plant_images/4938.jpg,12,Alliaria petiolata,Yes
plant_images/5295.jpg,1,Rhus copallinum,No
plant_images/4523.jpg,4,Rubus phoenicolasius,Yes
plant_images/435.jpg,10,Persicaria perfoliata,Yes
plant_images/16880.jpg,4,Rubus phoenicolasius,Yes
plant_images/22374.jpg,3,Asimina triloba,No
plant_images/2357.jpg,6,Lonicera japonica,Yes
plant_images/21285.jpg,2,Elaeagnus umbellata,Yes
plant_images/26359.jpg,1,Rhus copallinum,No
plant_images/7010.jpg,14,Ficaria verna,Yes
plant_images/3202.jpg,0,Ailanthus altissima,Yes
plant_images/3429.jpg,6,Lonicera japonica,Yes
plant_images/28211.jpg,4,Rubus phoenicolasius,Yes
plant_images/24672.jpg,3,Asimina triloba,No
plant_images/5572.jpg,14,Ficaria verna,Yes
plant_images/12859.jpg,12,Alliaria petiolata,Yes
plant_images/4358.jpg,9,Parthenocissus quinquefolia,No
plant_images/17691.jpg,2,Elaeagnus umbellata,Yes
plant_images/8415.jpg,1,Rhus copallinum,No
plant_images/12737.jpg,14,Ficaria verna,Yes
plant_images/16305.jpg,14,Ficaria verna,Yes
plant_images/9649.jpg,9,Parthenocissus quinquefolia,No
plant_images/18648.jpg,2,Elaeagnus umbellata,Yes
plant_images/24195.jpg,9,Parthenocissus quinquefolia,No
plant_images/10592.jpg,6,Lonicera japonica,Yes
plant_images/23770.jpg,4,Rubus phoenicolasius,Yes
plant_images/24938.jpg,2,Elaeagnus umbellata,Yes
plant_images/12507.jpg,15,Packera aurea,No
plant_images/25844.jpg,6,Lonicera japonica,Yes
plant_images/4231.jpg,8,Hedera helix,Yes
plant_images/12856.jpg,14,Ficaria verna,Yes
plant_images/1839.jpg,1,Rhus copallinum,No
plant_images/15974.jpg,8,Hedera helix,Yes
plant_images/8050.jpg,4,Rubus phoenicolasius,Yes
plant_images/24293.jpg,2,Elaeagnus umbellata,Yes
plant_images/20814.jpg,9,Parthenocissus quinquefolia,No
plant_images/15025.jpg,14,Ficaria verna,Yes
plant_images/28142.jpg,12,Alliaria petiolata,Yes
plant_images/20990.jpg,12,Alliaria petiolata,Yes
plant_images/17511.jpg,11,Persicaria sagittata,No
plant_images/6664.jpg,14,Ficaria verna,Yes
plant_images/24199.jpg,12,Alliaria petiolata,Yes
plant_images/18082.jpg,6,Lonicera japonica,Yes
plant_images/23359.jpg,6,Lonicera japonica,Yes
plant_images/17606.jpg,7,Campsis radicans,No
plant_images/1157.jpg,9,Parthenocissus quinquefolia,No
plant_images/26884.jpg,0,Ailanthus altissima,Yes
plant_images/14697.jpg,14,Ficaria verna,Yes
plant_images/22027.jpg,12,Alliaria petiolata,Yes
plant_images/1940.jpg,9,Parthenocissus quinquefolia,No
plant_images/18312.jpg,12,Alliaria petiolata,Yes
plant_images/27275.jpg,2,Elaeagnus umbellata,Yes
plant_images/9834.jpg,4,Rubus phoenicolasius,Yes
plant_images/20236.jpg,6,Lonicera japonica,Yes
plant_images/6920.jpg,12,Alliaria petiolata,Yes
plant_images/407.jpg,13,Geum canadense,No
plant_images/13227.jpg,12,Alliaria petiolata,Yes
plant_images/14455.jpg,14,Ficaria verna,Yes
plant_images/26628.jpg,2,Elaeagnus umbellata,Yes
plant_images/17695.jpg,3,Asimina triloba,No
plant_images/12586.jpg,14,Ficaria verna,Yes
plant_images/13750.jpg,7,Campsis radicans,No
plant_images/6938.jpg,2,Elaeagnus umbellata,Yes
plant_images/2499.jpg,12,Alliaria petiolata,Yes
plant_images/1826.jpg,7,Campsis radicans,No
plant_images/22859.jpg,5,Rubus occidentalis,No
plant_images/7037.jpg,12,Alliaria petiolata,Yes
plant_images/24819.jpg,12,Alliaria petiolata,Yes
plant_images/19404.jpg,9,Parthenocissus quinquefolia,No
plant_images/292.jpg,9,Parthenocissus quinquefolia,No
plant_images/20665.jpg,3,Asimina triloba,No
plant_images/7934.jpg,5,Rubus occidentalis,No
plant_images/8031.jpg,0,Ailanthus altissima,Yes
plant_images/18369.jpg,15,Packera aurea,No
plant_images/27695.jpg,9,Parthenocissus quinquefolia,No
plant_images/4937.jpg,6,Lonicera japonica,Yes
plant_images/13822.jpg,4,Rubus phoenicolasius,Yes
plant_images/20461.jpg,0,Ailanthus altissima,Yes
plant_images/27022.jpg,14,Ficaria verna,Yes
plant_images/26917.jpg,2,Elaeagnus umbellata,Yes
plant_images/26451.jpg,0,Ailanthus altissima,Yes
plant_images/11139.jpg,2,Elaeagnus umbellata,Yes
plant_images/21755.jpg,7,Campsis radicans,No
plant_images/13971.jpg,4,Rubus phoenicolasius,Yes
plant_images/3802.jpg,9,Parthenocissus quinquefolia,No
plant_images/4344.jpg,9,Parthenocissus quinquefolia,No
plant_images/5188.jpg,9,Parthenocissus quinquefolia,No
plant_images/5879.jpg,9,Parthenocissus quinquefolia,No
plant_images/27490.jpg,14,Ficaria verna,Yes
plant_images/23327.jpg,7,Campsis radicans,No
plant_images/22801.jpg,10,Persicaria perfoliata,Yes
plant_images/18581.jpg,9,Parthenocissus quinquefolia,No
plant_images/8993.jpg,14,Ficaria verna,Yes
plant_images/27512.jpg,3,Asimina triloba,No
plant_images/24170.jpg,6,Lonicera japonica,Yes
plant_images/2567.jpg,12,Alliaria petiolata,Yes
plant_images/13055.jpg,2,Elaeagnus umbellata,Yes
plant_images/22694.jpg,9,Parthenocissus quinquefolia,No
plant_images/6344.jpg,6,Lonicera japonica,Yes
plant_images/3885.jpg,9,Parthenocissus quinquefolia,No
plant_images/15001.jpg,9,Parthenocissus quinquefolia,No
plant_images/21263.jpg,7,Campsis radicans,No
plant_images/16122.jpg,2,Elaeagnus umbellata,Yes
plant_images/15760.jpg,4,Rubus phoenicolasius,Yes
plant_images/3581.jpg,12,Alliaria petiolata,Yes
plant_images/5518.jpg,14,Ficaria verna,Yes
plant_images/10494.jpg,0,Ailanthus altissima,Yes
plant_images/11338.jpg,10,Persicaria perfoliata,Yes
plant_images/5510.jpg,12,Alliaria petiolata,Yes
plant_images/10177.jpg,2,Elaeagnus umbellata,Yes
plant_images/841.jpg,12,Alliaria petiolata,Yes
plant_images/16293.jpg,9,Parthenocissus quinquefolia,No
plant_images/20149.jpg,12,Alliaria petiolata,Yes
plant_images/13999.jpg,3,Asimina triloba,No
plant_images/27981.jpg,8,Hedera helix,Yes
plant_images/23132.jpg,2,Elaeagnus umbellata,Yes
plant_images/16772.jpg,2,Elaeagnus umbellata,Yes
plant_images/12647.jpg,14,Ficaria verna,Yes
plant_images/17263.jpg,2,Elaeagnus umbellata,Yes
plant_images/18958.jpg,9,Parthenocissus quinquefolia,No
plant_images/25519.jpg,12,Alliaria petiolata,Yes
plant_images/14691.jpg,12,Alliaria petiolata,Yes
plant_images/19870.jpg,7,Campsis radicans,No
plant_images/27323.jpg,3,Asimina triloba,No
plant_images/239.jpg,15,Packera aurea,No
plant_images/23498.jpg,4,Rubus phoenicolasius,Yes
plant_images/17496.jpg,12,Alliaria petiolata,Yes
plant_images/5920.jpg,2,Elaeagnus umbellata,Yes
plant_images/11919.jpg,0,Ailanthus altissima,Yes
plant_images/22558.jpg,0,Ailanthus altissima,Yes
plant_images/14882.jpg,15,Packera aurea,No
plant_images/17656.jpg,6,Lonicera japonica,Yes
plant_images/24952.jpg,2,Elaeagnus umbellata,Yes
plant_images/7455.jpg,15,Packera aurea,No
plant_images/2196.jpg,6,Lonicera japonica,Yes
plant_images/17753.jpg,8,Hedera helix,Yes
plant_images/22524.jpg,3,Asimina triloba,No
plant_images/3728.jpg,3,Asimina triloba,No
plant_images/20039.jpg,4,Rubus phoenicolasius,Yes
plant_images/16971.jpg,4,Rubus phoenicolasius,Yes
plant_images/25237.jpg,2,Elaeagnus umbellata,Yes
plant_images/15898.jpg,8,Hedera helix,Yes
plant_images/11106.jpg,2,Elaeagnus umbellata,Yes
plant_images/15152.jpg,12,Alliaria petiolata,Yes
plant_images/21532.jpg,14,Ficaria verna,Yes
plant_images/988.jpg,14,Ficaria verna,Yes
plant_images/10134.jpg,6,Lonicera japonica,Yes
plant_images/23524.jpg,4,Rubus phoenicolasius,Yes
plant_images/23344.jpg,10,Persicaria perfoliata,Yes
plant_images/16102.jpg,12,Alliaria petiolata,Yes
plant_images/44.jpg,6,Lonicera japonica,Yes
plant_images/4003.jpg,12,Alliaria petiolata,Yes
plant_images/3536.jpg,0,Ailanthus altissima,Yes
plant_images/22508.jpg,10,Persicaria perfoliata,Yes
plant_images/21915.jpg,10,Persicaria perfoliata,Yes
plant_images/19595.jpg,0,Ailanthus altissima,Yes
plant_images/15338.jpg,0,Ailanthus altissima,Yes
plant_images/4232.jpg,8,Hedera helix,Yes
plant_images/14478.jpg,14,Ficaria verna,Yes
plant_images/16231.jpg,3,Asimina triloba,No
plant_images/13332.jpg,5,Rubus occidentalis,No
plant_images/16877.jpg,5,Rubus occidentalis,No
plant_images/25764.jpg,9,Parthenocissus quinquefolia,No
plant_images/19239.jpg,3,Asimina triloba,No
plant_images/13501.jpg,3,Asimina triloba,No
plant_images/10616.jpg,6,Lonicera japonica,Yes
plant_images/17900.jpg,14,Ficaria verna,Yes
plant_images/20792.jpg,7,Campsis radicans,No
plant_images/8636.jpg,1,Rhus copallinum,No
plant_images/15664.jpg,14,Ficaria verna,Yes
plant_images/24468.jpg,3,Asimina triloba,No
plant_images/6654.jpg,12,Alliaria petiolata,Yes
plant_images/6765.jpg,14,Ficaria verna,Yes
plant_images/20969.jpg,14,Ficaria verna,Yes
plant_images/20605.jpg,2,Elaeagnus umbellata,Yes
plant_images/7030.jpg,7,Campsis radicans,No
plant_images/7831.jpg,4,Rubus phoenicolasius,Yes
plant_images/8719.jpg,8,Hedera helix,Yes
plant_images/322.jpg,12,Alliaria petiolata,Yes
plant_images/5098.jpg,2,Elaeagnus umbellata,Yes
plant_images/23053.jpg,0,Ailanthus altissima,Yes
plant_images/11767.jpg,4,Rubus phoenicolasius,Yes
plant_images/8183.jpg,13,Geum canadense,No
plant_images/27892.jpg,8,Hedera helix,Yes
plant_images/6016.jpg,2,Elaeagnus umbellata,Yes
plant_images/9539.jpg,3,Asimina triloba,No
plant_images/21503.jpg,8,Hedera helix,Yes
plant_images/2578.jpg,3,Asimina triloba,No
plant_images/22584.jpg,5,Rubus occidentalis,No
plant_images/26326.jpg,9,Parthenocissus quinquefolia,No
plant_images/18573.jpg,6,Lonicera japonica,Yes
plant_images/6527.jpg,9,Parthenocissus quinquefolia,No
plant_images/11893.jpg,7,Campsis radicans,No
plant_images/21131.jpg,12,Alliaria petiolata,Yes
plant_images/6114.jpg,10,Persicaria perfoliata,Yes
plant_images/20935.jpg,0,Ailanthus altissima,Yes
plant_images/7953.jpg,8,Hedera helix,Yes
plant_images/24487.jpg,13,Geum canadense,No
plant_images/25814.jpg,3,Asimina triloba,No
plant_images/747.jpg,13,Geum canadense,No
plant_images/4528.jpg,13,Geum canadense,No
plant_images/24138.jpg,3,Asimina triloba,No
plant_images/9622.jpg,12,Alliaria petiolata,Yes
plant_images/19610.jpg,11,Persicaria sagittata,No
plant_images/5793.jpg,12,Alliaria petiolata,Yes
plant_images/25008.jpg,9,Parthenocissus quinquefolia,No
plant_images/7352.jpg,8,Hedera helix,Yes
plant_images/7828.jpg,3,Asimina triloba,No
plant_images/13996.jpg,2,Elaeagnus umbellata,Yes
plant_images/20894.jpg,9,Parthenocissus quinquefolia,No
plant_images/12.jpg,3,Asimina triloba,No
plant_images/19036.jpg,1,Rhus copallinum,No
plant_images/10266.jpg,4,Rubus phoenicolasius,Yes
plant_images/11303.jpg,14,Ficaria verna,Yes
plant_images/14577.jpg,14,Ficaria verna,Yes
plant_images/11699.jpg,6,Lonicera japonica,Yes
plant_images/16311.jpg,3,Asimina triloba,No
plant_images/20822.jpg,3,Asimina triloba,No
plant_images/26918.jpg,6,Lonicera japonica,Yes
plant_images/510.jpg,9,Parthenocissus quinquefolia,No
plant_images/16405.jpg,14,Ficaria verna,Yes
plant_images/6869.jpg,15,Packera aurea,No
plant_images/20944.jpg,9,Parthenocissus quinquefolia,No
plant_images/23238.jpg,10,Persicaria perfoliata,Yes
plant_images/5836.jpg,9,Parthenocissus quinquefolia,No
plant_images/12698.jpg,14,Ficaria verna,Yes
plant_images/24537.jpg,7,Campsis radicans,No
plant_images/27744.jpg,7,Campsis radicans,No
plant_images/13773.jpg,7,Campsis radicans,No
plant_images/24618.jpg,6,Lonicera japonica,Yes
plant_images/23445.jpg,4,Rubus phoenicolasius,Yes
plant_images/6870.jpg,8,Hedera helix,Yes
plant_images/17941.jpg,12,Alliaria petiolata,Yes
plant_images/23774.jpg,8,Hedera helix,Yes
plant_images/16149.jpg,12,Alliaria petiolata,Yes
plant_images/17705.jpg,6,Lonicera japonica,Yes
plant_images/1172.jpg,9,Parthenocissus quinquefolia,No
plant_images/13476.jpg,10,Persicaria perfoliata,Yes
plant_images/5535.jpg,14,Ficaria verna,Yes
plant_images/7153.jpg,12,Alliaria petiolata,Yes
plant_images/12592.jpg,14,Ficaria verna,Yes
plant_images/26019.jpg,6,Lonicera japonica,Yes
plant_images/11378.jpg,15,Packera aurea,No
plant_images/9233.jpg,12,Alliaria petiolata,Yes
plant_images/7638.jpg,12,Alliaria petiolata,Yes
plant_images/1231.jpg,10,Persicaria perfoliata,Yes
plant_images/12626.jpg,14,Ficaria verna,Yes
plant_images/19272.jpg,7,Campsis radicans,No
plant_images/11495.jpg,14,Ficaria verna,Yes
plant_images/22972.jpg,9,Parthenocissus quinquefolia,No
plant_images/24492.jpg,3,Asimina triloba,No
plant_images/17427.jpg,11,Persicaria sagittata,No
plant_images/25629.jpg,3,Asimina triloba,No
plant_images/18932.jpg,4,Rubus phoenicolasius,Yes
plant_images/6718.jpg,14,Ficaria verna,Yes
plant_images/11264.jpg,6,Lonicera japonica,Yes
plant_images/7454.jpg,15,Packera aurea,No
plant_images/6932.jpg,14,Ficaria verna,Yes
plant_images/27526.jpg,12,Alliaria petiolata,Yes
plant_images/12501.jpg,8,Hedera helix,Yes
plant_images/221.jpg,9,Parthenocissus quinquefolia,No
plant_images/18707.jpg,13,Geum canadense,No
plant_images/12109.jpg,0,Ailanthus altissima,Yes
plant_images/26018.jpg,14,Ficaria verna,Yes
plant_images/15319.jpg,4,Rubus phoenicolasius,Yes
plant_images/17300.jpg,2,Elaeagnus umbellata,Yes
plant_images/18845.jpg,2,Elaeagnus umbellata,Yes
plant_images/1403.jpg,8,Hedera helix,Yes
plant_images/19629.jpg,2,Elaeagnus umbellata,Yes
plant_images/7756.jpg,6,Lonicera japonica,Yes
plant_images/19866.jpg,4,Rubus phoenicolasius,Yes
plant_images/6358.jpg,11,Persicaria sagittata,No
plant_images/27679.jpg,6,Lonicera japonica,Yes
plant_images/4463.jpg,7,Campsis radicans,No
plant_images/19073.jpg,12,Alliaria petiolata,Yes
plant_images/26910.jpg,1,Rhus copallinum,No
plant_images/6943.jpg,8,Hedera helix,Yes
plant_images/5575.jpg,14,Ficaria verna,Yes
plant_images/280.jpg,12,Alliaria petiolata,Yes
plant_images/22627.jpg,14,Ficaria verna,Yes
plant_images/1848.jpg,0,Ailanthus altissima,Yes
plant_images/21085.jpg,13,Geum canadense,No
plant_images/10687.jpg,6,Lonicera japonica,Yes
plant_images/4638.jpg,4,Rubus phoenicolasius,Yes
plant_images/15602.jpg,11,Persicaria sagittata,No
plant_images/5333.jpg,4,Rubus phoenicolasius,Yes
plant_images/20224.jpg,8,Hedera helix,Yes
plant_images/21033.jpg,9,Parthenocissus quinquefolia,No
plant_images/3492.jpg,12,Alliaria petiolata,Yes
plant_images/25613.jpg,5,Rubus occidentalis,No
plant_images/25604.jpg,3,Asimina triloba,No
plant_images/1184.jpg,0,Ailanthus altissima,Yes
plant_images/6577.jpg,6,Lonicera japonica,Yes
plant_images/25951.jpg,9,Parthenocissus quinquefolia,No
plant_images/25190.jpg,7,Campsis radicans,No
plant_images/13112.jpg,4,Rubus phoenicolasius,Yes
plant_images/16360.jpg,3,Asimina triloba,No
plant_images/4010.jpg,14,Ficaria verna,Yes
plant_images/24867.jpg,14,Ficaria verna,Yes
plant_images/25723.jpg,12,Alliaria petiolata,Yes
plant_images/3384.jpg,7,Campsis radicans,No
plant_images/14511.jpg,14,Ficaria verna,Yes
plant_images/4485.jpg,7,Campsis radicans,No
plant_images/26701.jpg,8,Hedera helix,Yes
plant_images/4912.jpg,7,Campsis radicans,No
plant_images/24953.jpg,2,Elaeagnus umbellata,Yes
plant_images/1791.jpg,12,Alliaria petiolata,Yes
plant_images/4489.jpg,7,Campsis radicans,No
plant_images/26946.jpg,6,Lonicera japonica,Yes
plant_images/22786.jpg,3,Asimina triloba,No
plant_images/6964.jpg,15,Packera aurea,No
plant_images/6593.jpg,6,Lonicera japonica,Yes
plant_images/21837.jpg,4,Rubus phoenicolasius,Yes
plant_images/5072.jpg,15,Packera aurea,No
plant_images/25973.jpg,1,Rhus copallinum,No
plant_images/26599.jpg,9,Parthenocissus quinquefolia,No
plant_images/16072.jpg,12,Alliaria petiolata,Yes
plant_images/11827.jpg,7,Campsis radicans,No
plant_images/14307.jpg,2,Elaeagnus umbellata,Yes
plant_images/12622.jpg,14,Ficaria verna,Yes
plant_images/5776.jpg,15,Packera aurea,No
plant_images/3748.jpg,9,Parthenocissus quinquefolia,No
plant_images/13276.jpg,9,Parthenocissus quinquefolia,No
plant_images/16050.jpg,14,Ficaria verna,Yes
plant_images/26400.jpg,7,Campsis radicans,No
plant_images/17152.jpg,8,Hedera helix,Yes
plant_images/24871.jpg,6,Lonicera japonica,Yes
plant_images/10959.jpg,12,Alliaria petiolata,Yes
plant_images/16384.jpg,12,Alliaria petiolata,Yes
plant_images/24696.jpg,4,Rubus phoenicolasius,Yes
plant_images/6693.jpg,14,Ficaria verna,Yes
plant_images/14372.jpg,8,Hedera helix,Yes
plant_images/20947.jpg,3,Asimina triloba,No
plant_images/2740.jpg,9,Parthenocissus quinquefolia,No
plant_images/2004.jpg,12,Alliaria petiolata,Yes
plant_images/7299.jpg,12,Alliaria petiolata,Yes
plant_images/227.jpg,15,Packera aurea,No
plant_images/4542.jpg,0,Ailanthus altissima,Yes
plant_images/24295.jpg,6,Lonicera japonica,Yes
plant_images/10136.jpg,8,Hedera helix,Yes
plant_images/21965.jpg,6,Lonicera japonica,Yes
plant_images/27662.jpg,10,Persicaria perfoliata,Yes
plant_images/10115.jpg,6,Lonicera japonica,Yes
plant_images/8677.jpg,6,Lonicera japonica,Yes
plant_images/4039.jpg,9,Parthenocissus quinquefolia,No
plant_images/12475.jpg,7,Campsis radicans,No
plant_images/18841.jpg,9,Parthenocissus quinquefolia,No
plant_images/17408.jpg,10,Persicaria perfoliata,Yes
plant_images/2694.jpg,5,Rubus occidentalis,No
plant_images/11393.jpg,4,Rubus phoenicolasius,Yes
plant_images/5539.jpg,12,Alliaria petiolata,Yes
plant_images/23290.jpg,3,Asimina triloba,No
plant_images/8648.jpg,10,Persicaria perfoliata,Yes
plant_images/1379.jpg,3,Asimina triloba,No
plant_images/8426.jpg,1,Rhus copallinum,No
plant_images/1648.jpg,12,Alliaria petiolata,Yes
plant_images/15808.jpg,4,Rubus phoenicolasius,Yes
plant_images/24883.jpg,8,Hedera helix,Yes
plant_images/16267.jpg,2,Elaeagnus umbellata,Yes
plant_images/10992.jpg,12,Alliaria petiolata,Yes
plant_images/24350.jpg,3,Asimina triloba,No
plant_images/6680.jpg,14,Ficaria verna,Yes
plant_images/21201.jpg,4,Rubus phoenicolasius,Yes
plant_images/12772.jpg,14,Ficaria verna,Yes
plant_images/5360.jpg,3,Asimina triloba,No
plant_images/9497.jpg,15,Packera aurea,No
plant_images/25782.jpg,10,Persicaria perfoliata,Yes
plant_images/11126.jpg,8,Hedera helix,Yes
plant_images/15623.jpg,11,Persicaria sagittata,No
plant_images/17727.jpg,4,Rubus phoenicolasius,Yes
plant_images/11098.jpg,12,Alliaria petiolata,Yes
plant_images/15275.jpg,1,Rhus copallinum,No
plant_images/1960.jpg,6,Lonicera japonica,Yes
plant_images/1105.jpg,12,Alliaria petiolata,Yes
plant_images/28270.jpg,7,Campsis radicans,No
plant_images/7461.jpg,15,Packera aurea,No
plant_images/3103.jpg,9,Parthenocissus quinquefolia,No
plant_images/1323.jpg,9,Parthenocissus quinquefolia,No
plant_images/26385.jpg,11,Persicaria sagittata,No
plant_images/13701.jpg,0,Ailanthus altissima,Yes
plant_images/21716.jpg,12,Alliaria petiolata,Yes
plant_images/12849.jpg,12,Alliaria petiolata,Yes
plant_images/27287.jpg,7,Campsis radicans,No
plant_images/24372.jpg,3,Asimina triloba,No
plant_images/14618.jpg,3,Asimina triloba,No
plant_images/11648.jpg,12,Alliaria petiolata,Yes
plant_images/18617.jpg,6,Lonicera japonica,Yes
plant_images/27427.jpg,13,Geum canadense,No
plant_images/21650.jpg,0,Ailanthus altissima,Yes
plant_images/6098.jpg,8,Hedera helix,Yes
plant_images/2763.jpg,0,Ailanthus altissima,Yes
plant_images/13866.jpg,7,Campsis radicans,No
plant_images/587.jpg,12,Alliaria petiolata,Yes
plant_images/9357.jpg,3,Asimina triloba,No
plant_images/13240.jpg,2,Elaeagnus umbellata,Yes
plant_images/8038.jpg,9,Parthenocissus quinquefolia,No
plant_images/4392.jpg,7,Campsis radicans,No
plant_images/1854.jpg,7,Campsis radicans,No
plant_images/15662.jpg,9,Parthenocissus quinquefolia,No
plant_images/14797.jpg,14,Ficaria verna,Yes
plant_images/10750.jpg,7,Campsis radicans,No
plant_images/15363.jpg,1,Rhus copallinum,No
plant_images/8455.jpg,11,Persicaria sagittata,No
plant_images/20795.jpg,4,Rubus phoenicolasius,Yes
plant_images/4783.jpg,14,Ficaria verna,Yes
plant_images/4876.jpg,3,Asimina triloba,No
plant_images/1806.jpg,9,Parthenocissus quinquefolia,No
plant_images/15225.jpg,6,Lonicera japonica,Yes
plant_images/1062.jpg,4,Rubus phoenicolasius,Yes
plant_images/6216.jpg,0,Ailanthus altissima,Yes
plant_images/19315.jpg,3,Asimina triloba,No
plant_images/12115.jpg,0,Ailanthus altissima,Yes
plant_images/904.jpg,4,Rubus phoenicolasius,Yes
plant_images/13931.jpg,13,Geum canadense,No
plant_images/25526.jpg,2,Elaeagnus umbellata,Yes
plant_images/24334.jpg,3,Asimina triloba,No
plant_images/16042.jpg,14,Ficaria verna,Yes
plant_images/28168.jpg,7,Campsis radicans,No
plant_images/14502.jpg,14,Ficaria verna,Yes
plant_images/6522.jpg,10,Persicaria perfoliata,Yes
plant_images/17905.jpg,12,Alliaria petiolata,Yes
plant_images/23937.jpg,11,Persicaria sagittata,No
plant_images/1497.jpg,8,Hedera helix,Yes
plant_images/25239.jpg,0,Ailanthus altissima,Yes
plant_images/27576.jpg,2,Elaeagnus umbellata,Yes
plant_images/5865.jpg,14,Ficaria verna,Yes
plant_images/14506.jpg,14,Ficaria verna,Yes
plant_images/10099.jpg,8,Hedera helix,Yes
plant_images/10826.jpg,12,Alliaria petiolata,Yes
plant_images/7703.jpg,6,Lonicera japonica,Yes
plant_images/1875.jpg,4,Rubus phoenicolasius,Yes
plant_images/12895.jpg,12,Alliaria petiolata,Yes
plant_images/16754.jpg,6,Lonicera japonica,Yes
plant_images/4149.jpg,8,Hedera helix,Yes
plant_images/694.jpg,15,Packera aurea,No
plant_images/20883.jpg,1,Rhus copallinum,No
plant_images/7306.jpg,6,Lonicera japonica,Yes
plant_images/20817.jpg,4,Rubus phoenicolasius,Yes
plant_images/19195.jpg,3,Asimina triloba,No
plant_images/16242.jpg,9,Parthenocissus quinquefolia,No
plant_images/4233.jpg,9,Parthenocissus quinquefolia,No
plant_images/15755.jpg,2,Elaeagnus umbellata,Yes
plant_images/8620.jpg,3,Asimina triloba,No
plant_images/9372.jpg,2,Elaeagnus umbellata,Yes
plant_images/13602.jpg,6,Lonicera japonica,Yes
plant_images/21193.jpg,12,Alliaria petiolata,Yes
plant_images/6711.jpg,12,Alliaria petiolata,Yes
plant_images/23759.jpg,6,Lonicera japonica,Yes
plant_images/13683.jpg,8,Hedera helix,Yes
plant_images/240.jpg,8,Hedera helix,Yes
plant_images/1699.jpg,9,Parthenocissus quinquefolia,No
plant_images/8275.jpg,9,Parthenocissus quinquefolia,No
plant_images/11441.jpg,12,Alliaria petiolata,Yes
plant_images/7700.jpg,14,Ficaria verna,Yes
plant_images/27203.jpg,4,Rubus phoenicolasius,Yes
plant_images/8.jpg,12,Alliaria petiolata,Yes
plant_images/7388.jpg,14,Ficaria verna,Yes
plant_images/9624.jpg,2,Elaeagnus umbellata,Yes
plant_images/1715.jpg,12,Alliaria petiolata,Yes
plant_images/21664.jpg,12,Alliaria petiolata,Yes
plant_images/1603.jpg,6,Lonicera japonica,Yes
plant_images/14779.jpg,9,Parthenocissus quinquefolia,No
plant_images/16889.jpg,6,Lonicera japonica,Yes
plant_images/4465.jpg,7,Campsis radicans,No
plant_images/24493.jpg,7,Campsis radicans,No
plant_images/21478.jpg,2,Elaeagnus umbellata,Yes
plant_images/11915.jpg,13,Geum canadense,No
plant_images/18973.jpg,9,Parthenocissus quinquefolia,No
plant_images/5950.jpg,7,Campsis radicans,No
plant_images/18866.jpg,3,Asimina triloba,No
plant_images/1423.jpg,6,Lonicera japonica,Yes
plant_images/7456.jpg,9,Parthenocissus quinquefolia,No
plant_images/12182.jpg,3,Asimina triloba,No
plant_images/2079.jpg,15,Packera aurea,No
plant_images/25505.jpg,3,Asimina triloba,No
plant_images/22337.jpg,9,Parthenocissus quinquefolia,No
plant_images/18166.jpg,2,Elaeagnus umbellata,Yes
plant_images/13740.jpg,4,Rubus phoenicolasius,Yes
plant_images/6799.jpg,14,Ficaria verna,Yes
plant_images/7892.jpg,9,Parthenocissus quinquefolia,No
plant_images/16703.jpg,4,Rubus phoenicolasius,Yes
plant_images/27320.jpg,3,Asimina triloba,No
plant_images/8987.jpg,14,Ficaria verna,Yes
plant_images/12481.jpg,6,Lonicera japonica,Yes
plant_images/24576.jpg,1,Rhus copallinum,No
plant_images/8979.jpg,8,Hedera helix,Yes
plant_images/3629.jpg,5,Rubus occidentalis,No
plant_images/18017.jpg,4,Rubus phoenicolasius,Yes
plant_images/5045.jpg,12,Alliaria petiolata,Yes
plant_images/4370.jpg,4,Rubus phoenicolasius,Yes
plant_images/24759.jpg,9,Parthenocissus quinquefolia,No
plant_images/14357.jpg,8,Hedera helix,Yes
plant_images/2795.jpg,9,Parthenocissus quinquefolia,No
plant_images/18888.jpg,9,Parthenocissus quinquefolia,No
plant_images/5985.jpg,2,Elaeagnus umbellata,Yes
plant_images/1198.jpg,0,Ailanthus altissima,Yes
plant_images/846.jpg,14,Ficaria verna,Yes
plant_images/7484.jpg,12,Alliaria petiolata,Yes
plant_images/19075.jpg,4,Rubus phoenicolasius,Yes
plant_images/26890.jpg,5,Rubus occidentalis,No
plant_images/20165.jpg,2,Elaeagnus umbellata,Yes
plant_images/3316.jpg,8,Hedera helix,Yes
plant_images/26935.jpg,14,Ficaria verna,Yes
plant_images/6086.jpg,12,Alliaria petiolata,Yes
plant_images/10045.jpg,12,Alliaria petiolata,Yes
plant_images/1317.jpg,10,Persicaria perfoliata,Yes
plant_images/9878.jpg,2,Elaeagnus umbellata,Yes
plant_images/19162.jpg,10,Persicaria perfoliata,Yes
plant_images/26922.jpg,8,Hedera helix,Yes
plant_images/3088.jpg,14,Ficaria verna,Yes
plant_images/8935.jpg,8,Hedera helix,Yes
plant_images/6624.jpg,12,Alliaria petiolata,Yes
plant_images/28207.jpg,13,Geum canadense,No
plant_images/18112.jpg,14,Ficaria verna,Yes
plant_images/12998.jpg,6,Lonicera japonica,Yes
plant_images/6152.jpg,6,Lonicera japonica,Yes
plant_images/20235.jpg,6,Lonicera japonica,Yes
plant_images/5531.jpg,14,Ficaria verna,Yes
plant_images/27865.jpg,6,Lonicera japonica,Yes
plant_images/18510.jpg,12,Alliaria petiolata,Yes
plant_images/2395.jpg,13,Geum canadense,No
plant_images/6505.jpg,3,Asimina triloba,No
plant_images/24106.jpg,9,Parthenocissus quinquefolia,No
plant_images/5555.jpg,14,Ficaria verna,Yes
plant_images/6639.jpg,13,Geum canadense,No
plant_images/16139.jpg,14,Ficaria verna,Yes
plant_images/2205.jpg,14,Ficaria verna,Yes
plant_images/22975.jpg,7,Campsis radicans,No
plant_images/27891.jpg,9,Parthenocissus quinquefolia,No
plant_images/22254.jpg,3,Asimina triloba,No
plant_images/5285.jpg,6,Lonicera japonica,Yes
plant_images/17585.jpg,3,Asimina triloba,No
plant_images/4715.jpg,5,Rubus occidentalis,No
plant_images/21746.jpg,9,Parthenocissus quinquefolia,No
plant_images/23873.jpg,3,Asimina triloba,No
plant_images/1959.jpg,7,Campsis radicans,No
plant_images/4326.jpg,3,Asimina triloba,No
plant_images/25326.jpg,2,Elaeagnus umbellata,Yes
plant_images/26944.jpg,6,Lonicera japonica,Yes
plant_images/5676.jpg,12,Alliaria petiolata,Yes
plant_images/27210.jpg,7,Campsis radicans,No
plant_images/27469.jpg,14,Ficaria verna,Yes
plant_images/20798.jpg,4,Rubus phoenicolasius,Yes
plant_images/17126.jpg,3,Asimina triloba,No
plant_images/5661.jpg,12,Alliaria petiolata,Yes
plant_images/18001.jpg,12,Alliaria petiolata,Yes
plant_images/3864.jpg,9,Parthenocissus quinquefolia,No
plant_images/6703.jpg,14,Ficaria verna,Yes
plant_images/25819.jpg,4,Rubus phoenicolasius,Yes
plant_images/11754.jpg,6,Lonicera japonica,Yes
plant_images/17312.jpg,10,Persicaria perfoliata,Yes
plant_images/26872.jpg,1,Rhus copallinum,No
plant_images/16987.jpg,13,Geum canadense,No
plant_images/25879.jpg,9,Parthenocissus quinquefolia,No
plant_images/1375.jpg,10,Persicaria perfoliata,Yes
plant_images/23188.jpg,4,Rubus phoenicolasius,Yes
plant_images/22594.jpg,6,Lonicera japonica,Yes
plant_images/21611.jpg,3,Asimina triloba,No
plant_images/28009.jpg,14,Ficaria verna,Yes
plant_images/21207.jpg,0,Ailanthus altissima,Yes
plant_images/27086.jpg,3,Asimina triloba,No
plant_images/28209.jpg,7,Campsis radicans,No
plant_images/9552.jpg,12,Alliaria petiolata,Yes
plant_images/16464.jpg,13,Geum canadense,No
plant_images/28111.jpg,9,Parthenocissus quinquefolia,No
plant_images/3423.jpg,8,Hedera helix,Yes
plant_images/19522.jpg,3,Asimina triloba,No
plant_images/26031.jpg,14,Ficaria verna,Yes
plant_images/11621.jpg,12,Alliaria petiolata,Yes
plant_images/6876.jpg,14,Ficaria verna,Yes
plant_images/28178.jpg,4,Rubus phoenicolasius,Yes
plant_images/22381.jpg,10,Persicaria perfoliata,Yes
plant_images/12872.jpg,14,Ficaria verna,Yes
plant_images/11683.jpg,6,Lonicera japonica,Yes
plant_images/11154.jpg,3,Asimina triloba,No
plant_images/5927.jpg,12,Alliaria petiolata,Yes
plant_images/8441.jpg,3,Asimina triloba,No
plant_images/17139.jpg,6,Lonicera japonica,Yes
plant_images/22029.jpg,12,Alliaria petiolata,Yes
plant_images/3557.jpg,4,Rubus phoenicolasius,Yes
plant_images/5009.jpg,15,Packera aurea,No
plant_images/5819.jpg,0,Ailanthus altissima,Yes
plant_images/27895.jpg,8,Hedera helix,Yes
plant_images/3208.jpg,4,Rubus phoenicolasius,Yes
plant_images/23267.jpg,3,Asimina triloba,No
plant_images/20010.jpg,5,Rubus occidentalis,No
plant_images/25866.jpg,7,Campsis radicans,No
plant_images/19898.jpg,13,Geum canadense,No
plant_images/25247.jpg,3,Asimina triloba,No
plant_images/12061.jpg,9,Parthenocissus quinquefolia,No
plant_images/24530.jpg,4,Rubus phoenicolasius,Yes
plant_images/11918.jpg,2,Elaeagnus umbellata,Yes
plant_images/25627.jpg,9,Parthenocissus quinquefolia,No
plant_images/18918.jpg,9,Parthenocissus quinquefolia,No
plant_images/10437.jpg,6,Lonicera japonica,Yes
plant_images/9951.jpg,4,Rubus phoenicolasius,Yes
plant_images/21767.jpg,6,Lonicera japonica,Yes
plant_images/17392.jpg,1,Rhus copallinum,No
plant_images/19377.jpg,13,Geum canadense,No
plant_images/4829.jpg,6,Lonicera japonica,Yes
plant_images/25693.jpg,3,Asimina triloba,No
plant_images/22659.jpg,0,Ailanthus altissima,Yes
plant_images/9235.jpg,6,Lonicera japonica,Yes
plant_images/19855.jpg,4,Rubus phoenicolasius,Yes
plant_images/24987.jpg,12,Alliaria petiolata,Yes
plant_images/9356.jpg,15,Packera aurea,No
plant_images/2808.jpg,3,Asimina triloba,No
plant_images/8675.jpg,11,Persicaria sagittata,No
plant_images/610.jpg,9,Parthenocissus quinquefolia,No
plant_images/13776.jpg,0,Ailanthus altissima,Yes
plant_images/18696.jpg,3,Asimina triloba,No
plant_images/13612.jpg,6,Lonicera japonica,Yes
plant_images/11435.jpg,3,Asimina triloba,No
plant_images/20030.jpg,4,Rubus phoenicolasius,Yes
plant_images/11410.jpg,2,Elaeagnus umbellata,Yes
plant_images/21784.jpg,3,Asimina triloba,No
plant_images/19922.jpg,2,Elaeagnus umbellata,Yes
plant_images/7530.jpg,14,Ficaria verna,Yes
plant_images/950.jpg,9,Parthenocissus quinquefolia,No
plant_images/1389.jpg,8,Hedera helix,Yes
plant_images/5459.jpg,6,Lonicera japonica,Yes
plant_images/2725.jpg,12,Alliaria petiolata,Yes
plant_images/15238.jpg,6,Lonicera japonica,Yes
plant_images/16663.jpg,9,Parthenocissus quinquefolia,No
plant_images/24079.jpg,3,Asimina triloba,No
plant_images/23857.jpg,4,Rubus phoenicolasius,Yes
plant_images/18461.jpg,4,Rubus phoenicolasius,Yes
plant_images/3684.jpg,12,Alliaria petiolata,Yes
plant_images/13213.jpg,6,Lonicera japonica,Yes
plant_images/14529.jpg,14,Ficaria verna,Yes
plant_images/21331.jpg,11,Persicaria sagittata,No
plant_images/1130.jpg,9,Parthenocissus quinquefolia,No
plant_images/11501.jpg,8,Hedera helix,Yes
plant_images/6196.jpg,10,Persicaria perfoliata,Yes
plant_images/7374.jpg,14,Ficaria verna,Yes
plant_images/4335.jpg,9,Parthenocissus quinquefolia,No
plant_images/14242.jpg,1,Rhus copallinum,No
plant_images/22826.jpg,9,Parthenocissus quinquefolia,No
plant_images/21383.jpg,9,Parthenocissus quinquefolia,No
plant_images/8657.jpg,2,Elaeagnus umbellata,Yes
plant_images/663.jpg,9,Parthenocissus quinquefolia,No
plant_images/2207.jpg,9,Parthenocissus quinquefolia,No
plant_images/953.jpg,15,Packera aurea,No
plant_images/22480.jpg,4,Rubus phoenicolasius,Yes
plant_images/20550.jpg,9,Parthenocissus quinquefolia,No
plant_images/20745.jpg,9,Parthenocissus quinquefolia,No
plant_images/20924.jpg,9,Parthenocissus quinquefolia,No
plant_images/17651.jpg,6,Lonicera japonica,Yes
plant_images/5581.jpg,14,Ficaria verna,Yes
plant_images/6701.jpg,14,Ficaria verna,Yes
plant_images/2616.jpg,10,Persicaria perfoliata,Yes
plant_images/23420.jpg,2,Elaeagnus umbellata,Yes
plant_images/11010.jpg,14,Ficaria verna,Yes
plant_images/11163.jpg,6,Lonicera japonica,Yes
plant_images/19173.jpg,6,Lonicera japonica,Yes
plant_images/5094.jpg,12,Alliaria petiolata,Yes
plant_images/2351.jpg,12,Alliaria petiolata,Yes
plant_images/13163.jpg,9,Parthenocissus quinquefolia,No
plant_images/22195.jpg,4,Rubus phoenicolasius,Yes
plant_images/15419.jpg,13,Geum canadense,No
plant_images/25463.jpg,4,Rubus phoenicolasius,Yes
plant_images/18996.jpg,12,Alliaria petiolata,Yes
plant_images/20004.jpg,12,Alliaria petiolata,Yes
plant_images/14274.jpg,0,Ailanthus altissima,Yes
plant_images/18072.jpg,14,Ficaria verna,Yes
plant_images/19462.jpg,0,Ailanthus altissima,Yes
plant_images/17572.jpg,10,Persicaria perfoliata,Yes
plant_images/10748.jpg,6,Lonicera japonica,Yes
plant_images/3466.jpg,4,Rubus phoenicolasius,Yes
plant_images/19307.jpg,10,Persicaria perfoliata,Yes
plant_images/9764.jpg,7,Campsis radicans,No
plant_images/6257.jpg,9,Parthenocissus quinquefolia,No
plant_images/14877.jpg,2,Elaeagnus umbellata,Yes
plant_images/16317.jpg,12,Alliaria petiolata,Yes
plant_images/12004.jpg,10,Persicaria perfoliata,Yes
plant_images/11667.jpg,15,Packera aurea,No
plant_images/15775.jpg,1,Rhus copallinum,No
plant_images/27133.jpg,4,Rubus phoenicolasius,Yes
plant_images/13618.jpg,9,Parthenocissus quinquefolia,No
plant_images/1988.jpg,8,Hedera helix,Yes
plant_images/10250.jpg,7,Campsis radicans,No
plant_images/26435.jpg,10,Persicaria perfoliata,Yes
plant_images/21636.jpg,6,Lonicera japonica,Yes
plant_images/26671.jpg,1,Rhus copallinum,No
plant_images/20195.jpg,9,Parthenocissus quinquefolia,No
plant_images/5717.jpg,9,Parthenocissus quinquefolia,No
plant_images/19493.jpg,10,Persicaria perfoliata,Yes
plant_images/3663.jpg,6,Lonicera japonica,Yes
plant_images/15104.jpg,3,Asimina triloba,No
plant_images/599.jpg,9,Parthenocissus quinquefolia,No
plant_images/22924.jpg,3,Asimina triloba,No
plant_images/12549.jpg,14,Ficaria verna,Yes
plant_images/7078.jpg,12,Alliaria petiolata,Yes
plant_images/17224.jpg,0,Ailanthus altissima,Yes
plant_images/21601.jpg,3,Asimina triloba,No
plant_images/19218.jpg,10,Persicaria perfoliata,Yes
plant_images/16331.jpg,6,Lonicera japonica,Yes
plant_images/25305.jpg,2,Elaeagnus umbellata,Yes
plant_images/21862.jpg,11,Persicaria sagittata,No
plant_images/6937.jpg,12,Alliaria petiolata,Yes
plant_images/6130.jpg,9,Parthenocissus quinquefolia,No
plant_images/15559.jpg,11,Persicaria sagittata,No
plant_images/14985.jpg,9,Parthenocissus quinquefolia,No
plant_images/4754.jpg,0,Ailanthus altissima,Yes
plant_images/14754.jpg,15,Packera aurea,No
plant_images/25466.jpg,5,Rubus occidentalis,No
plant_images/14822.jpg,6,Lonicera japonica,Yes
plant_images/4319.jpg,6,Lonicera japonica,Yes
plant_images/15696.jpg,4,Rubus phoenicolasius,Yes
plant_images/19886.jpg,1,Rhus copallinum,No
plant_images/25681.jpg,12,Alliaria petiolata,Yes
plant_images/14732.jpg,9,Parthenocissus quinquefolia,No
plant_images/3809.jpg,8,Hedera helix,Yes
plant_images/26235.jpg,12,Alliaria petiolata,Yes
plant_images/21822.jpg,2,Elaeagnus umbellata,Yes
plant_images/10351.jpg,3,Asimina triloba,No
plant_images/12700.jpg,14,Ficaria verna,Yes
plant_images/13551.jpg,9,Parthenocissus quinquefolia,No
plant_images/9076.jpg,14,Ficaria verna,Yes
plant_images/14664.jpg,14,Ficaria verna,Yes
plant_images/20789.jpg,7,Campsis radicans,No
plant_images/9419.jpg,12,Alliaria petiolata,Yes
plant_images/3377.jpg,9,Parthenocissus quinquefolia,No
plant_images/23315.jpg,3,Asimina triloba,No
plant_images/19052.jpg,12,Alliaria petiolata,Yes
plant_images/3241.jpg,15,Packera aurea,No
plant_images/1647.jpg,14,Ficaria verna,Yes
plant_images/16150.jpg,14,Ficaria verna,Yes
plant_images/3550.jpg,12,Alliaria petiolata,Yes
plant_images/7810.jpg,0,Ailanthus altissima,Yes
plant_images/6606.jpg,0,Ailanthus altissima,Yes
plant_images/2282.jpg,10,Persicaria perfoliata,Yes
plant_images/23730.jpg,4,Rubus phoenicolasius,Yes
plant_images/11775.jpg,3,Asimina triloba,No
plant_images/23844.jpg,6,Lonicera japonica,Yes
plant_images/1246.jpg,9,Parthenocissus quinquefolia,No
plant_images/5604.jpg,14,Ficaria verna,Yes
plant_images/12112.jpg,0,Ailanthus altissima,Yes
plant_images/7395.jpg,2,Elaeagnus umbellata,Yes
plant_images/5382.jpg,10,Persicaria perfoliata,Yes
plant_images/14311.jpg,2,Elaeagnus umbellata,Yes
plant_images/16184.jpg,3,Asimina triloba,No
plant_images/19520.jpg,12,Alliaria petiolata,Yes
plant_images/3170.jpg,6,Lonicera japonica,Yes
plant_images/5894.jpg,9,Parthenocissus quinquefolia,No
plant_images/27967.jpg,4,Rubus phoenicolasius,Yes
plant_images/20485.jpg,6,Lonicera japonica,Yes
plant_images/14073.jpg,7,Campsis radicans,No
plant_images/9634.jpg,14,Ficaria verna,Yes
plant_images/1546.jpg,14,Ficaria verna,Yes
plant_images/27840.jpg,6,Lonicera japonica,Yes
plant_images/25258.jpg,7,Campsis radicans,No
plant_images/25219.jpg,9,Parthenocissus quinquefolia,No
plant_images/12154.jpg,9,Parthenocissus quinquefolia,No
plant_images/21728.jpg,4,Rubus phoenicolasius,Yes
plant_images/25071.jpg,3,Asimina triloba,No
plant_images/23577.jpg,1,Rhus copallinum,No
plant_images/13376.jpg,12,Alliaria petiolata,Yes
plant_images/3801.jpg,10,Persicaria perfoliata,Yes
plant_images/7577.jpg,9,Parthenocissus quinquefolia,No
plant_images/21663.jpg,10,Persicaria perfoliata,Yes
plant_images/23845.jpg,3,Asimina triloba,No
plant_images/27000.jpg,2,Elaeagnus umbellata,Yes
plant_images/13330.jpg,1,Rhus copallinum,No
plant_images/22128.jpg,3,Asimina triloba,No
plant_images/1418.jpg,9,Parthenocissus quinquefolia,No
plant_images/10215.jpg,1,Rhus copallinum,No
plant_images/6553.jpg,1,Rhus copallinum,No
plant_images/15295.jpg,2,Elaeagnus umbellata,Yes
plant_images/20455.jpg,1,Rhus copallinum,No
plant_images/10529.jpg,2,Elaeagnus umbellata,Yes
plant_images/3918.jpg,9,Parthenocissus quinquefolia,No
plant_images/10151.jpg,4,Rubus phoenicolasius,Yes
plant_images/3920.jpg,0,Ailanthus altissima,Yes
plant_images/19481.jpg,2,Elaeagnus umbellata,Yes
plant_images/2658.jpg,8,Hedera helix,Yes
plant_images/17022.jpg,7,Campsis radicans,No
plant_images/24052.jpg,9,Parthenocissus quinquefolia,No
plant_images/18161.jpg,6,Lonicera japonica,Yes
plant_images/22421.jpg,2,Elaeagnus umbellata,Yes
plant_images/13433.jpg,9,Parthenocissus quinquefolia,No
plant_images/10731.jpg,2,Elaeagnus umbellata,Yes
plant_images/17081.jpg,7,Campsis radicans,No
plant_images/3567.jpg,13,Geum canadense,No
plant_images/5735.jpg,12,Alliaria petiolata,Yes
plant_images/25099.jpg,0,Ailanthus altissima,Yes
plant_images/27305.jpg,3,Asimina triloba,No
plant_images/12783.jpg,14,Ficaria verna,Yes
plant_images/570.jpg,4,Rubus phoenicolasius,Yes
plant_images/6475.jpg,11,Persicaria sagittata,No
plant_images/24654.jpg,6,Lonicera japonica,Yes
plant_images/23464.jpg,3,Asimina triloba,No
plant_images/8601.jpg,10,Persicaria perfoliata,Yes
plant_images/16688.jpg,2,Elaeagnus umbellata,Yes
plant_images/4544.jpg,0,Ailanthus altissima,Yes
plant_images/5536.jpg,14,Ficaria verna,Yes
plant_images/4607.jpg,0,Ailanthus altissima,Yes
plant_images/22216.jpg,0,Ailanthus altissima,Yes
plant_images/16734.jpg,12,Alliaria petiolata,Yes
plant_images/3524.jpg,14,Ficaria verna,Yes
plant_images/16835.jpg,10,Persicaria perfoliata,Yes
plant_images/25965.jpg,7,Campsis radicans,No
plant_images/9813.jpg,4,Rubus phoenicolasius,Yes
plant_images/2899.jpg,12,Alliaria petiolata,Yes
plant_images/371.jpg,12,Alliaria petiolata,Yes
plant_images/10390.jpg,13,Geum canadense,No
plant_images/1474.jpg,8,Hedera helix,Yes
plant_images/6710.jpg,14,Ficaria verna,Yes
plant_images/4772.jpg,13,Geum canadense,No
plant_images/14834.jpg,15,Packera aurea,No
plant_images/6944.jpg,14,Ficaria verna,Yes
plant_images/24706.jpg,15,Packera aurea,No
plant_images/22590.jpg,12,Alliaria petiolata,Yes
plant_images/15473.jpg,7,Campsis radicans,No
plant_images/6747.jpg,12,Alliaria petiolata,Yes
plant_images/26261.jpg,6,Lonicera japonica,Yes
plant_images/7184.jpg,9,Parthenocissus quinquefolia,No
plant_images/1471.jpg,8,Hedera helix,Yes
plant_images/9282.jpg,14,Ficaria verna,Yes
plant_images/12701.jpg,14,Ficaria verna,Yes
plant_images/24641.jpg,6,Lonicera japonica,Yes
plant_images/27983.jpg,6,Lonicera japonica,Yes
plant_images/15430.jpg,10,Persicaria perfoliata,Yes
plant_images/5561.jpg,9,Parthenocissus quinquefolia,No
plant_images/9823.jpg,9,Parthenocissus quinquefolia,No
plant_images/27593.jpg,6,Lonicera japonica,Yes
plant_images/19793.jpg,3,Asimina triloba,No
plant_images/8155.jpg,8,Hedera helix,Yes
plant_images/26880.jpg,1,Rhus copallinum,No
plant_images/26222.jpg,9,Parthenocissus quinquefolia,No
plant_images/7111.jpg,12,Alliaria petiolata,Yes
plant_images/24756.jpg,9,Parthenocissus quinquefolia,No
plant_images/20786.jpg,7,Campsis radicans,No
plant_images/14968.jpg,0,Ailanthus altissima,Yes
plant_images/25243.jpg,7,Campsis radicans,No
plant_images/821.jpg,8,Hedera helix,Yes
plant_images/16527.jpg,6,Lonicera japonica,Yes
plant_images/20841.jpg,3,Asimina triloba,No
plant_images/25404.jpg,2,Elaeagnus umbellata,Yes
plant_images/27100.jpg,4,Rubus phoenicolasius,Yes
plant_images/16308.jpg,4,Rubus phoenicolasius,Yes
plant_images/14944.jpg,12,Alliaria petiolata,Yes
plant_images/18455.jpg,15,Packera aurea,No
plant_images/24707.jpg,2,Elaeagnus umbellata,Yes
plant_images/15177.jpg,4,Rubus phoenicolasius,Yes
plant_images/24978.jpg,12,Alliaria petiolata,Yes
plant_images/12015.jpg,0,Ailanthus altissima,Yes
plant_images/3893.jpg,7,Campsis radicans,No
plant_images/12550.jpg,14,Ficaria verna,Yes
plant_images/19936.jpg,10,Persicaria perfoliata,Yes
plant_images/13364.jpg,14,Ficaria verna,Yes
plant_images/13214.jpg,9,Parthenocissus quinquefolia,No
plant_images/13819.jpg,3,Asimina triloba,No
plant_images/19178.jpg,4,Rubus phoenicolasius,Yes
plant_images/13057.jpg,2,Elaeagnus umbellata,Yes
plant_images/27980.jpg,6,Lonicera japonica,Yes
plant_images/18740.jpg,4,Rubus phoenicolasius,Yes
plant_images/8429.jpg,10,Persicaria perfoliata,Yes
plant_images/12239.jpg,6,Lonicera japonica,Yes
plant_images/23803.jpg,3,Asimina triloba,No
plant_images/24189.jpg,2,Elaeagnus umbellata,Yes
plant_images/2344.jpg,12,Alliaria petiolata,Yes
plant_images/23939.jpg,3,Asimina triloba,No
plant_images/3160.jpg,8,Hedera helix,Yes
plant_images/23671.jpg,12,Alliaria petiolata,Yes
plant_images/723.jpg,9,Parthenocissus quinquefolia,No
plant_images/1492.jpg,12,Alliaria petiolata,Yes
plant_images/19332.jpg,7,Campsis radicans,No
plant_images/21102.jpg,12,Alliaria petiolata,Yes
plant_images/4239.jpg,9,Parthenocissus quinquefolia,No
plant_images/9436.jpg,12,Alliaria petiolata,Yes
plant_images/5975.jpg,7,Campsis radicans,No
plant_images/7021.jpg,12,Alliaria petiolata,Yes
plant_images/23300.jpg,0,Ailanthus altissima,Yes
plant_images/423.jpg,8,Hedera helix,Yes
plant_images/7405.jpg,12,Alliaria petiolata,Yes
plant_images/11083.jpg,12,Alliaria petiolata,Yes
plant_images/14112.jpg,2,Elaeagnus umbellata,Yes
plant_images/14888.jpg,9,Parthenocissus quinquefolia,No
plant_images/3898.jpg,10,Persicaria perfoliata,Yes
plant_images/19627.jpg,4,Rubus phoenicolasius,Yes
plant_images/4894.jpg,12,Alliaria petiolata,Yes
plant_images/26528.jpg,14,Ficaria verna,Yes
plant_images/5934.jpg,4,Rubus phoenicolasius,Yes
plant_images/25602.jpg,3,Asimina triloba,No
plant_images/2659.jpg,9,Parthenocissus quinquefolia,No
plant_images/11677.jpg,0,Ailanthus altissima,Yes
plant_images/27471.jpg,2,Elaeagnus umbellata,Yes
plant_images/23114.jpg,2,Elaeagnus umbellata,Yes
plant_images/22205.jpg,6,Lonicera japonica,Yes
plant_images/17030.jpg,3,Asimina triloba,No
plant_images/1047.jpg,9,Parthenocissus quinquefolia,No
plant_images/22316.jpg,4,Rubus phoenicolasius,Yes
plant_images/19363.jpg,3,Asimina triloba,No
plant_images/5420.jpg,10,Persicaria perfoliata,Yes
plant_images/26580.jpg,8,Hedera helix,Yes
plant_images/12811.jpg,14,Ficaria verna,Yes
plant_images/15279.jpg,0,Ailanthus altissima,Yes
plant_images/5452.jpg,6,Lonicera japonica,Yes
plant_images/11024.jpg,4,Rubus phoenicolasius,Yes
plant_images/16077.jpg,14,Ficaria verna,Yes
plant_images/9095.jpg,14,Ficaria verna,Yes
plant_images/18238.jpg,12,Alliaria petiolata,Yes
plant_images/7420.jpg,12,Alliaria petiolata,Yes
plant_images/22631.jpg,12,Alliaria petiolata,Yes
plant_images/5800.jpg,9,Parthenocissus quinquefolia,No
plant_images/7556.jpg,9,Parthenocissus quinquefolia,No
plant_images/17664.jpg,12,Alliaria petiolata,Yes
plant_images/20327.jpg,0,Ailanthus altissima,Yes
plant_images/8010.jpg,6,Lonicera japonica,Yes
plant_images/10964.jpg,14,Ficaria verna,Yes
plant_images/6331.jpg,8,Hedera helix,Yes
plant_images/10462.jpg,2,Elaeagnus umbellata,Yes
plant_images/19148.jpg,12,Alliaria petiolata,Yes
plant_images/18201.jpg,12,Alliaria petiolata,Yes
plant_images/10766.jpg,6,Lonicera japonica,Yes
plant_images/8220.jpg,3,Asimina triloba,No
plant_images/10744.jpg,6,Lonicera japonica,Yes
plant_images/8581.jpg,8,Hedera helix,Yes
plant_images/20880.jpg,0,Ailanthus altissima,Yes
plant_images/3645.jpg,9,Parthenocissus quinquefolia,No
plant_images/12933.jpg,12,Alliaria petiolata,Yes
plant_images/14170.jpg,3,Asimina triloba,No
plant_images/24934.jpg,9,Parthenocissus quinquefolia,No
plant_images/3963.jpg,10,Persicaria perfoliata,Yes
plant_images/20532.jpg,8,Hedera helix,Yes
plant_images/27061.jpg,9,Parthenocissus quinquefolia,No
plant_images/9154.jpg,4,Rubus phoenicolasius,Yes
plant_images/13298.jpg,5,Rubus occidentalis,No
plant_images/14447.jpg,14,Ficaria verna,Yes
plant_images/13301.jpg,9,Parthenocissus quinquefolia,No
plant_images/1760.jpg,4,Rubus phoenicolasius,Yes
plant_images/277.jpg,12,Alliaria petiolata,Yes
plant_images/13881.jpg,9,Parthenocissus quinquefolia,No
plant_images/12989.jpg,14,Ficaria verna,Yes
plant_images/6978.jpg,9,Parthenocissus quinquefolia,No
plant_images/27357.jpg,6,Lonicera japonica,Yes
plant_images/5901.jpg,4,Rubus phoenicolasius,Yes
plant_images/1264.jpg,10,Persicaria perfoliata,Yes
plant_images/7100.jpg,9,Parthenocissus quinquefolia,No
plant_images/9561.jpg,2,Elaeagnus umbellata,Yes
plant_images/1382.jpg,10,Persicaria perfoliata,Yes
plant_images/2904.jpg,12,Alliaria petiolata,Yes
plant_images/14266.jpg,1,Rhus copallinum,No
plant_images/20072.jpg,15,Packera aurea,No
plant_images/17191.jpg,5,Rubus occidentalis,No
plant_images/24325.jpg,12,Alliaria petiolata,Yes
plant_images/22870.jpg,9,Parthenocissus quinquefolia,No
plant_images/6773.jpg,12,Alliaria petiolata,Yes
plant_images/3675.jpg,9,Parthenocissus quinquefolia,No
plant_images/20999.jpg,3,Asimina triloba,No
plant_images/13025.jpg,2,Elaeagnus umbellata,Yes
plant_images/13125.jpg,12,Alliaria petiolata,Yes
plant_images/23380.jpg,12,Alliaria petiolata,Yes
plant_images/28008.jpg,14,Ficaria verna,Yes
plant_images/21826.jpg,1,Rhus copallinum,No
plant_images/1667.jpg,6,Lonicera japonica,Yes
plant_images/5923.jpg,9,Parthenocissus quinquefolia,No
plant_images/10975.jpg,9,Parthenocissus quinquefolia,No
plant_images/3305.jpg,4,Rubus phoenicolasius,Yes
plant_images/6423.jpg,4,Rubus phoenicolasius,Yes
plant_images/17078.jpg,4,Rubus phoenicolasius,Yes
plant_images/13124.jpg,7,Campsis radicans,No
plant_images/4073.jpg,14,Ficaria verna,Yes
plant_images/27306.jpg,9,Parthenocissus quinquefolia,No
plant_images/19296.jpg,7,Campsis radicans,No
plant_images/6170.jpg,2,Elaeagnus umbellata,Yes
plant_images/15237.jpg,4,Rubus phoenicolasius,Yes
plant_images/15391.jpg,6,Lonicera japonica,Yes
plant_images/2589.jpg,9,Parthenocissus quinquefolia,No
plant_images/27224.jpg,12,Alliaria petiolata,Yes
plant_images/16079.jpg,14,Ficaria verna,Yes
plant_images/14079.jpg,9,Parthenocissus quinquefolia,No
plant_images/3477.jpg,14,Ficaria verna,Yes
plant_images/24971.jpg,3,Asimina triloba,No
plant_images/19807.jpg,0,Ailanthus altissima,Yes
plant_images/8251.jpg,13,Geum canadense,No
plant_images/20719.jpg,3,Asimina triloba,No
plant_images/18188.jpg,12,Alliaria petiolata,Yes
plant_images/20996.jpg,14,Ficaria verna,Yes
plant_images/928.jpg,10,Persicaria perfoliata,Yes
plant_images/12513.jpg,4,Rubus phoenicolasius,Yes
plant_images/1919.jpg,0,Ailanthus altissima,Yes
plant_images/5460.jpg,8,Hedera helix,Yes
plant_images/2214.jpg,9,Parthenocissus quinquefolia,No
plant_images/9715.jpg,9,Parthenocissus quinquefolia,No
plant_images/14986.jpg,12,Alliaria petiolata,Yes
plant_images/26848.jpg,1,Rhus copallinum,No
plant_images/25477.jpg,2,Elaeagnus umbellata,Yes
plant_images/20810.jpg,3,Asimina triloba,No
plant_images/12620.jpg,14,Ficaria verna,Yes
plant_images/7820.jpg,9,Parthenocissus quinquefolia,No
plant_images/2796.jpg,9,Parthenocissus quinquefolia,No
plant_images/17364.jpg,1,Rhus copallinum,No
plant_images/23656.jpg,13,Geum canadense,No
plant_images/26573.jpg,2,Elaeagnus umbellata,Yes
plant_images/21613.jpg,12,Alliaria petiolata,Yes
plant_images/24621.jpg,2,Elaeagnus umbellata,Yes
plant_images/13518.jpg,9,Parthenocissus quinquefolia,No
plant_images/402.jpg,0,Ailanthus altissima,Yes
plant_images/17342.jpg,3,Asimina triloba,No
plant_images/13165.jpg,8,Hedera helix,Yes
plant_images/16203.jpg,9,Parthenocissus quinquefolia,No
plant_images/12791.jpg,14,Ficaria verna,Yes
plant_images/919.jpg,15,Packera aurea,No
plant_images/7605.jpg,9,Parthenocissus quinquefolia,No
plant_images/21543.jpg,14,Ficaria verna,Yes
plant_images/10696.jpg,0,Ailanthus altissima,Yes
plant_images/25057.jpg,6,Lonicera japonica,Yes
plant_images/25969.jpg,1,Rhus copallinum,No
plant_images/19267.jpg,0,Ailanthus altissima,Yes
plant_images/437.jpg,8,Hedera helix,Yes
plant_images/537.jpg,15,Packera aurea,No
plant_images/23433.jpg,1,Rhus copallinum,No
plant_images/15509.jpg,9,Parthenocissus quinquefolia,No
plant_images/13742.jpg,5,Rubus occidentalis,No
plant_images/8017.jpg,2,Elaeagnus umbellata,Yes
plant_images/5960.jpg,15,Packera aurea,No
plant_images/19516.jpg,3,Asimina triloba,No
plant_images/4207.jpg,5,Rubus occidentalis,No
plant_images/3725.jpg,4,Rubus phoenicolasius,Yes
plant_images/5503.jpg,14,Ficaria verna,Yes
plant_images/5673.jpg,2,Elaeagnus umbellata,Yes
plant_images/17144.jpg,0,Ailanthus altissima,Yes
plant_images/11812.jpg,6,Lonicera japonica,Yes
plant_images/1986.jpg,12,Alliaria petiolata,Yes
plant_images/19948.jpg,10,Persicaria perfoliata,Yes
plant_images/2860.jpg,12,Alliaria petiolata,Yes
plant_images/27450.jpg,13,Geum canadense,No
plant_images/9129.jpg,14,Ficaria verna,Yes
plant_images/26128.jpg,0,Ailanthus altissima,Yes
plant_images/2444.jpg,12,Alliaria petiolata,Yes
plant_images/7254.jpg,12,Alliaria petiolata,Yes
plant_images/8001.jpg,1,Rhus copallinum,No
plant_images/2068.jpg,9,Parthenocissus quinquefolia,No
plant_images/15439.jpg,0,Ailanthus altissima,Yes
plant_images/25940.jpg,11,Persicaria sagittata,No
plant_images/19783.jpg,4,Rubus phoenicolasius,Yes
plant_images/13056.jpg,0,Ailanthus altissima,Yes
plant_images/4726.jpg,7,Campsis radicans,No
plant_images/772.jpg,4,Rubus phoenicolasius,Yes
plant_images/19090.jpg,3,Asimina triloba,No
plant_images/18379.jpg,12,Alliaria petiolata,Yes
plant_images/27459.jpg,4,Rubus phoenicolasius,Yes
plant_images/23499.jpg,9,Parthenocissus quinquefolia,No
plant_images/6611.jpg,4,Rubus phoenicolasius,Yes
plant_images/24419.jpg,12,Alliaria petiolata,Yes
plant_images/2337.jpg,7,Campsis radicans,No
plant_images/1624.jpg,12,Alliaria petiolata,Yes
plant_images/12167.jpg,3,Asimina triloba,No
plant_images/16175.jpg,8,Hedera helix,Yes
plant_images/13486.jpg,0,Ailanthus altissima,Yes
plant_images/10587.jpg,9,Parthenocissus quinquefolia,No
plant_images/5351.jpg,6,Lonicera japonica,Yes
plant_images/9254.jpg,3,Asimina triloba,No
plant_images/2877.jpg,14,Ficaria verna,Yes
plant_images/19476.jpg,9,Parthenocissus quinquefolia,No
plant_images/13362.jpg,0,Ailanthus altissima,Yes
plant_images/62.jpg,14,Ficaria verna,Yes
plant_images/7404.jpg,12,Alliaria petiolata,Yes
plant_images/9439.jpg,3,Asimina triloba,No
plant_images/11158.jpg,3,Asimina triloba,No
plant_images/24798.jpg,2,Elaeagnus umbellata,Yes
plant_images/20642.jpg,9,Parthenocissus quinquefolia,No
plant_images/4674.jpg,0,Ailanthus altissima,Yes
plant_images/23149.jpg,4,Rubus phoenicolasius,Yes
plant_images/20541.jpg,14,Ficaria verna,Yes
plant_images/1013.jpg,12,Alliaria petiolata,Yes
plant_images/13696.jpg,4,Rubus phoenicolasius,Yes
plant_images/14292.jpg,9,Parthenocissus quinquefolia,No
plant_images/15339.jpg,2,Elaeagnus umbellata,Yes
plant_images/7270.jpg,9,Parthenocissus quinquefolia,No
plant_images/2336.jpg,7,Campsis radicans,No
plant_images/74.jpg,15,Packera aurea,No
plant_images/9673.jpg,1,Rhus copallinum,No
plant_images/9812.jpg,12,Alliaria petiolata,Yes
plant_images/10677.jpg,0,Ailanthus altissima,Yes
plant_images/4203.jpg,4,Rubus phoenicolasius,Yes
plant_images/14582.jpg,12,Alliaria petiolata,Yes
plant_images/19163.jpg,4,Rubus phoenicolasius,Yes
plant_images/22353.jpg,8,Hedera helix,Yes
plant_images/26377.jpg,1,Rhus copallinum,No
plant_images/19161.jpg,4,Rubus phoenicolasius,Yes
plant_images/22108.jpg,4,Rubus phoenicolasius,Yes
plant_images/19086.jpg,9,Parthenocissus quinquefolia,No
plant_images/6695.jpg,12,Alliaria petiolata,Yes
plant_images/28135.jpg,12,Alliaria petiolata,Yes
plant_images/19483.jpg,9,Parthenocissus quinquefolia,No
plant_images/4852.jpg,6,Lonicera japonica,Yes
plant_images/21569.jpg,12,Alliaria petiolata,Yes
plant_images/26665.jpg,12,Alliaria petiolata,Yes
plant_images/17550.jpg,7,Campsis radicans,No
plant_images/25515.jpg,2,Elaeagnus umbellata,Yes
plant_images/9311.jpg,3,Asimina triloba,No
plant_images/12294.jpg,0,Ailanthus altissima,Yes
plant_images/9284.jpg,14,Ficaria verna,Yes
plant_images/10978.jpg,2,Elaeagnus umbellata,Yes
plant_images/10176.jpg,7,Campsis radicans,No
plant_images/13201.jpg,8,Hedera helix,Yes
plant_images/2660.jpg,15,Packera aurea,No
plant_images/11780.jpg,4,Rubus phoenicolasius,Yes
plant_images/7878.jpg,6,Lonicera japonica,Yes
plant_images/4307.jpg,3,Asimina triloba,No
plant_images/18262.jpg,14,Ficaria verna,Yes
plant_images/11311.jpg,8,Hedera helix,Yes
plant_images/2471.jpg,15,Packera aurea,No
plant_images/9735.jpg,8,Hedera helix,Yes
plant_images/11953.jpg,1,Rhus copallinum,No
plant_images/5073.jpg,9,Parthenocissus quinquefolia,No
plant_images/13558.jpg,6,Lonicera japonica,Yes
plant_images/4081.jpg,12,Alliaria petiolata,Yes
plant_images/9110.jpg,14,Ficaria verna,Yes
plant_images/5808.jpg,4,Rubus phoenicolasius,Yes
plant_images/14411.jpg,8,Hedera helix,Yes
plant_images/17947.jpg,6,Lonicera japonica,Yes
plant_images/7470.jpg,9,Parthenocissus quinquefolia,No
plant_images/10550.jpg,8,Hedera helix,Yes
plant_images/9665.jpg,8,Hedera helix,Yes
plant_images/25420.jpg,6,Lonicera japonica,Yes
plant_images/5491.jpg,12,Alliaria petiolata,Yes
plant_images/15505.jpg,12,Alliaria petiolata,Yes
plant_images/20287.jpg,9,Parthenocissus quinquefolia,No
plant_images/8591.jpg,4,Rubus phoenicolasius,Yes
plant_images/2003.jpg,15,Packera aurea,No
plant_images/27074.jpg,9,Parthenocissus quinquefolia,No
plant_images/14563.jpg,14,Ficaria verna,Yes
plant_images/28185.jpg,10,Persicaria perfoliata,Yes
plant_images/26844.jpg,2,Elaeagnus umbellata,Yes
plant_images/28252.jpg,1,Rhus copallinum,No
plant_images/16602.jpg,2,Elaeagnus umbellata,Yes
plant_images/27766.jpg,7,Campsis radicans,No
plant_images/21142.jpg,12,Alliaria petiolata,Yes
plant_images/5310.jpg,1,Rhus copallinum,No
plant_images/2817.jpg,4,Rubus phoenicolasius,Yes
plant_images/1597.jpg,14,Ficaria verna,Yes
plant_images/25418.jpg,6,Lonicera japonica,Yes
plant_images/1821.jpg,8,Hedera helix,Yes
plant_images/8394.jpg,2,Elaeagnus umbellata,Yes
plant_images/17505.jpg,4,Rubus phoenicolasius,Yes
plant_images/19577.jpg,6,Lonicera japonica,Yes
plant_images/17365.jpg,0,Ailanthus altissima,Yes
plant_images/22095.jpg,2,Elaeagnus umbellata,Yes
plant_images/7370.jpg,15,Packera aurea,No
plant_images/16117.jpg,14,Ficaria verna,Yes
plant_images/12205.jpg,0,Ailanthus altissima,Yes
plant_images/17351.jpg,8,Hedera helix,Yes
plant_images/26246.jpg,9,Parthenocissus quinquefolia,No
plant_images/25257.jpg,7,Campsis radicans,No
plant_images/24221.jpg,13,Geum canadense,No
plant_images/19433.jpg,3,Asimina triloba,No
plant_images/3853.jpg,7,Campsis radicans,No
plant_images/19294.jpg,11,Persicaria sagittata,No
plant_images/24212.jpg,13,Geum canadense,No
plant_images/14321.jpg,9,Parthenocissus quinquefolia,No
plant_images/17770.jpg,6,Lonicera japonica,Yes
plant_images/21941.jpg,0,Ailanthus altissima,Yes
plant_images/5290.jpg,7,Campsis radicans,No
plant_images/4161.jpg,14,Ficaria verna,Yes
plant_images/20629.jpg,10,Persicaria perfoliata,Yes
plant_images/7807.jpg,12,Alliaria petiolata,Yes
plant_images/5815.jpg,8,Hedera helix,Yes
plant_images/20555.jpg,3,Asimina triloba,No
plant_images/28027.jpg,13,Geum canadense,No
plant_images/17376.jpg,3,Asimina triloba,No
plant_images/16626.jpg,2,Elaeagnus umbellata,Yes
plant_images/20569.jpg,12,Alliaria petiolata,Yes
plant_images/26546.jpg,3,Asimina triloba,No
plant_images/27770.jpg,7,Campsis radicans,No
plant_images/9628.jpg,3,Asimina triloba,No
plant_images/5197.jpg,10,Persicaria perfoliata,Yes
plant_images/15586.jpg,7,Campsis radicans,No
plant_images/18977.jpg,9,Parthenocissus quinquefolia,No
plant_images/3091.jpg,0,Ailanthus altissima,Yes
plant_images/14019.jpg,9,Parthenocissus quinquefolia,No
plant_images/14840.jpg,14,Ficaria verna,Yes
plant_images/10593.jpg,3,Asimina triloba,No
plant_images/22449.jpg,12,Alliaria petiolata,Yes
plant_images/17353.jpg,7,Campsis radicans,No
plant_images/2016.jpg,12,Alliaria petiolata,Yes
plant_images/13874.jpg,3,Asimina triloba,No
plant_images/12928.jpg,6,Lonicera japonica,Yes
plant_images/12135.jpg,9,Parthenocissus quinquefolia,No
plant_images/932.jpg,14,Ficaria verna,Yes
plant_images/22015.jpg,12,Alliaria petiolata,Yes
plant_images/15416.jpg,12,Alliaria petiolata,Yes
plant_images/21282.jpg,2,Elaeagnus umbellata,Yes
plant_images/5395.jpg,2,Elaeagnus umbellata,Yes
plant_images/11624.jpg,12,Alliaria petiolata,Yes
plant_images/21486.jpg,10,Persicaria perfoliata,Yes
plant_images/17095.jpg,3,Asimina triloba,No
plant_images/3870.jpg,0,Ailanthus altissima,Yes
plant_images/27889.jpg,3,Asimina triloba,No
plant_images/3408.jpg,2,Elaeagnus umbellata,Yes
plant_images/10122.jpg,6,Lonicera japonica,Yes
plant_images/3388.jpg,3,Asimina triloba,No
plant_images/3766.jpg,4,Rubus phoenicolasius,Yes
plant_images/13598.jpg,0,Ailanthus altissima,Yes
plant_images/6326.jpg,9,Parthenocissus quinquefolia,No
plant_images/25448.jpg,12,Alliaria petiolata,Yes
plant_images/27050.jpg,2,Elaeagnus umbellata,Yes
plant_images/5966.jpg,12,Alliaria petiolata,Yes
plant_images/13975.jpg,4,Rubus phoenicolasius,Yes
plant_images/28312.jpg,3,Asimina triloba,No
plant_images/15285.jpg,6,Lonicera japonica,Yes
plant_images/17164.jpg,0,Ailanthus altissima,Yes
plant_images/25351.jpg,9,Parthenocissus quinquefolia,No
plant_images/5655.jpg,15,Packera aurea,No
plant_images/3300.jpg,4,Rubus phoenicolasius,Yes
plant_images/23325.jpg,10,Persicaria perfoliata,Yes
plant_images/11099.jpg,6,Lonicera japonica,Yes
plant_images/530.jpg,6,Lonicera japonica,Yes
plant_images/21177.jpg,4,Rubus phoenicolasius,Yes
plant_images/24264.jpg,4,Rubus phoenicolasius,Yes
plant_images/767.jpg,13,Geum canadense,No
plant_images/27978.jpg,3,Asimina triloba,No
plant_images/15561.jpg,4,Rubus phoenicolasius,Yes
plant_images/17842.jpg,7,Campsis radicans,No
plant_images/7457.jpg,4,Rubus phoenicolasius,Yes
plant_images/1924.jpg,13,Geum canadense,No
plant_images/26353.jpg,10,Persicaria perfoliata,Yes
plant_images/20766.jpg,5,Rubus occidentalis,No
plant_images/16896.jpg,10,Persicaria perfoliata,Yes
plant_images/4953.jpg,12,Alliaria petiolata,Yes
plant_images/3126.jpg,9,Parthenocissus quinquefolia,No
plant_images/6464.jpg,3,Asimina triloba,No
plant_images/7799.jpg,0,Ailanthus altissima,Yes
plant_images/19487.jpg,0,Ailanthus altissima,Yes
plant_images/23301.jpg,11,Persicaria sagittata,No
plant_images/25592.jpg,0,Ailanthus altissima,Yes
plant_images/27235.jpg,0,Ailanthus altissima,Yes
plant_images/5761.jpg,12,Alliaria petiolata,Yes
plant_images/24632.jpg,2,Elaeagnus umbellata,Yes
plant_images/6661.jpg,4,Rubus phoenicolasius,Yes
plant_images/16358.jpg,12,Alliaria petiolata,Yes
plant_images/3708.jpg,9,Parthenocissus quinquefolia,No
plant_images/4295.jpg,3,Asimina triloba,No
plant_images/11409.jpg,12,Alliaria petiolata,Yes
plant_images/11705.jpg,8,Hedera helix,Yes
plant_images/27330.jpg,3,Asimina triloba,No
plant_images/3934.jpg,0,Ailanthus altissima,Yes
plant_images/22611.jpg,14,Ficaria verna,Yes
plant_images/1887.jpg,4,Rubus phoenicolasius,Yes
plant_images/15636.jpg,3,Asimina triloba,No
plant_images/9215.jpg,14,Ficaria verna,Yes
plant_images/11880.jpg,12,Alliaria petiolata,Yes
plant_images/14675.jpg,14,Ficaria verna,Yes
plant_images/11456.jpg,4,Rubus phoenicolasius,Yes
plant_images/6241.jpg,13,Geum canadense,No
plant_images/27864.jpg,10,Persicaria perfoliata,Yes
plant_images/18511.jpg,9,Parthenocissus quinquefolia,No
plant_images/27605.jpg,10,Persicaria perfoliata,Yes
plant_images/1615.jpg,0,Ailanthus altissima,Yes
plant_images/7125.jpg,6,Lonicera japonica,Yes
plant_images/18910.jpg,6,Lonicera japonica,Yes
plant_images/7647.jpg,9,Parthenocissus quinquefolia,No
plant_images/27099.jpg,12,Alliaria petiolata,Yes
plant_images/10273.jpg,7,Campsis radicans,No
plant_images/7009.jpg,6,Lonicera japonica,Yes
plant_images/25419.jpg,6,Lonicera japonica,Yes
plant_images/3824.jpg,0,Ailanthus altissima,Yes
plant_images/3967.jpg,10,Persicaria perfoliata,Yes
plant_images/22010.jpg,14,Ficaria verna,Yes
plant_images/16489.jpg,8,Hedera helix,Yes
plant_images/5881.jpg,9,Parthenocissus quinquefolia,No
plant_images/23907.jpg,11,Persicaria sagittata,No
plant_images/8011.jpg,6,Lonicera japonica,Yes
plant_images/21996.jpg,14,Ficaria verna,Yes
plant_images/7121.jpg,14,Ficaria verna,Yes
plant_images/19359.jpg,14,Ficaria verna,Yes
plant_images/7897.jpg,10,Persicaria perfoliata,Yes
plant_images/11358.jpg,3,Asimina triloba,No
plant_images/28112.jpg,6,Lonicera japonica,Yes
plant_images/13003.jpg,3,Asimina triloba,No
plant_images/28269.jpg,13,Geum canadense,No
plant_images/26551.jpg,6,Lonicera japonica,Yes
plant_images/5638.jpg,12,Alliaria petiolata,Yes
plant_images/28079.jpg,3,Asimina triloba,No
plant_images/575.jpg,9,Parthenocissus quinquefolia,No
plant_images/1472.jpg,8,Hedera helix,Yes
plant_images/21771.jpg,7,Campsis radicans,No
plant_images/22142.jpg,12,Alliaria petiolata,Yes
plant_images/22258.jpg,4,Rubus phoenicolasius,Yes
plant_images/25377.jpg,11,Persicaria sagittata,No
plant_images/12332.jpg,8,Hedera helix,Yes
plant_images/1685.jpg,12,Alliaria petiolata,Yes
plant_images/23561.jpg,6,Lonicera japonica,Yes
plant_images/19537.jpg,0,Ailanthus altissima,Yes
plant_images/6628.jpg,8,Hedera helix,Yes
plant_images/22382.jpg,10,Persicaria perfoliata,Yes
plant_images/2680.jpg,9,Parthenocissus quinquefolia,No
plant_images/9082.jpg,14,Ficaria verna,Yes
plant_images/14795.jpg,12,Alliaria petiolata,Yes
plant_images/12174.jpg,3,Asimina triloba,No
plant_images/2800.jpg,3,Asimina triloba,No
plant_images/4397.jpg,10,Persicaria perfoliata,Yes
plant_images/24615.jpg,2,Elaeagnus umbellata,Yes
plant_images/3134.jpg,4,Rubus phoenicolasius,Yes
plant_images/23567.jpg,4,Rubus phoenicolasius,Yes
plant_images/15913.jpg,14,Ficaria verna,Yes
plant_images/5763.jpg,12,Alliaria petiolata,Yes
plant_images/28256.jpg,0,Ailanthus altissima,Yes
plant_images/18392.jpg,12,Alliaria petiolata,Yes
plant_images/8456.jpg,6,Lonicera japonica,Yes
plant_images/25038.jpg,2,Elaeagnus umbellata,Yes
plant_images/13232.jpg,3,Asimina triloba,No
plant_images/24555.jpg,1,Rhus copallinum,No
plant_images/11048.jpg,2,Elaeagnus umbellata,Yes
plant_images/23772.jpg,4,Rubus phoenicolasius,Yes
plant_images/14550.jpg,14,Ficaria verna,Yes
plant_images/12722.jpg,14,Ficaria verna,Yes
plant_images/17931.jpg,14,Ficaria verna,Yes
plant_images/6785.jpg,12,Alliaria petiolata,Yes
plant_images/16500.jpg,8,Hedera helix,Yes
plant_images/7268.jpg,14,Ficaria verna,Yes
plant_images/21500.jpg,4,Rubus phoenicolasius,Yes
plant_images/7320.jpg,8,Hedera helix,Yes
plant_images/8736.jpg,8,Hedera helix,Yes
plant_images/5522.jpg,14,Ficaria verna,Yes
plant_images/7208.jpg,0,Ailanthus altissima,Yes
plant_images/15709.jpg,1,Rhus copallinum,No
plant_images/2890.jpg,14,Ficaria verna,Yes
plant_images/11515.jpg,3,Asimina triloba,No
plant_images/1295.jpg,3,Asimina triloba,No
plant_images/18139.jpg,14,Ficaria verna,Yes
plant_images/2271.jpg,7,Campsis radicans,No
plant_images/23051.jpg,2,Elaeagnus umbellata,Yes
plant_images/21091.jpg,10,Persicaria perfoliata,Yes
plant_images/4770.jpg,2,Elaeagnus umbellata,Yes
plant_images/25684.jpg,9,Parthenocissus quinquefolia,No
plant_images/6437.jpg,1,Rhus copallinum,No
plant_images/14593.jpg,14,Ficaria verna,Yes
plant_images/10292.jpg,4,Rubus phoenicolasius,Yes
plant_images/8927.jpg,4,Rubus phoenicolasius,Yes
plant_images/9174.jpg,14,Ficaria verna,Yes
plant_images/13159.jpg,2,Elaeagnus umbellata,Yes
plant_images/12562.jpg,14,Ficaria verna,Yes
plant_images/13758.jpg,9,Parthenocissus quinquefolia,No
plant_images/19367.jpg,0,Ailanthus altissima,Yes
plant_images/28124.jpg,9,Parthenocissus quinquefolia,No
plant_images/17309.jpg,4,Rubus phoenicolasius,Yes
plant_images/3606.jpg,14,Ficaria verna,Yes
plant_images/12398.jpg,3,Asimina triloba,No
plant_images/2938.jpg,14,Ficaria verna,Yes
plant_images/5184.jpg,3,Asimina triloba,No
plant_images/27751.jpg,13,Geum canadense,No
plant_images/27491.jpg,2,Elaeagnus umbellata,Yes
plant_images/13774.jpg,0,Ailanthus altissima,Yes
plant_images/12979.jpg,15,Packera aurea,No
plant_images/23415.jpg,4,Rubus phoenicolasius,Yes
plant_images/9920.jpg,15,Packera aurea,No
plant_images/26862.jpg,6,Lonicera japonica,Yes
plant_images/2955.jpg,12,Alliaria petiolata,Yes
plant_images/16290.jpg,15,Packera aurea,No
plant_images/20821.jpg,10,Persicaria perfoliata,Yes
plant_images/9754.jpg,12,Alliaria petiolata,Yes
plant_images/6363.jpg,13,Geum canadense,No
plant_images/27416.jpg,1,Rhus copallinum,No
plant_images/171.jpg,14,Ficaria verna,Yes
plant_images/7273.jpg,13,Geum canadense,No
plant_images/11773.jpg,6,Lonicera japonica,Yes
plant_images/19042.jpg,1,Rhus copallinum,No
plant_images/5264.jpg,3,Asimina triloba,No
plant_images/23256.jpg,6,Lonicera japonica,Yes
plant_images/14713.jpg,12,Alliaria petiolata,Yes
plant_images/635.jpg,8,Hedera helix,Yes
plant_images/18235.jpg,12,Alliaria petiolata,Yes
plant_images/16641.jpg,3,Asimina triloba,No
plant_images/684.jpg,6,Lonicera japonica,Yes
plant_images/11813.jpg,7,Campsis radicans,No
plant_images/25095.jpg,4,Rubus phoenicolasius,Yes
plant_images/13272.jpg,9,Parthenocissus quinquefolia,No
plant_images/24407.jpg,2,Elaeagnus umbellata,Yes
plant_images/19486.jpg,10,Persicaria perfoliata,Yes
plant_images/2969.jpg,3,Asimina triloba,No
plant_images/11250.jpg,4,Rubus phoenicolasius,Yes
plant_images/2699.jpg,0,Ailanthus altissima,Yes
plant_images/4309.jpg,6,Lonicera japonica,Yes
plant_images/17460.jpg,9,Parthenocissus quinquefolia,No
plant_images/22136.jpg,15,Packera aurea,No
plant_images/14235.jpg,1,Rhus copallinum,No
plant_images/2158.jpg,3,Asimina triloba,No
plant_images/11650.jpg,1,Rhus copallinum,No
plant_images/458.jpg,8,Hedera helix,Yes
plant_images/19671.jpg,6,Lonicera japonica,Yes
plant_images/8803.jpg,2,Elaeagnus umbellata,Yes
plant_images/1133.jpg,4,Rubus phoenicolasius,Yes
plant_images/3299.jpg,4,Rubus phoenicolasius,Yes
plant_images/13489.jpg,4,Rubus phoenicolasius,Yes
plant_images/10856.jpg,12,Alliaria petiolata,Yes
plant_images/18611.jpg,14,Ficaria verna,Yes
plant_images/8475.jpg,6,Lonicera japonica,Yes
plant_images/8321.jpg,1,Rhus copallinum,No
plant_images/11642.jpg,12,Alliaria petiolata,Yes
plant_images/18305.jpg,3,Asimina triloba,No
plant_images/18067.jpg,14,Ficaria verna,Yes
plant_images/22452.jpg,4,Rubus phoenicolasius,Yes
plant_images/12345.jpg,10,Persicaria perfoliata,Yes
plant_images/5944.jpg,14,Ficaria verna,Yes
plant_images/9177.jpg,14,Ficaria verna,Yes
plant_images/12450.jpg,1,Rhus copallinum,No
plant_images/17946.jpg,14,Ficaria verna,Yes
plant_images/16136.jpg,6,Lonicera japonica,Yes
plant_images/15362.jpg,7,Campsis radicans,No
plant_images/8221.jpg,0,Ailanthus altissima,Yes
plant_images/20561.jpg,14,Ficaria verna,Yes
plant_images/25924.jpg,2,Elaeagnus umbellata,Yes
plant_images/4180.jpg,0,Ailanthus altissima,Yes
plant_images/479.jpg,14,Ficaria verna,Yes
plant_images/23392.jpg,6,Lonicera japonica,Yes
plant_images/20710.jpg,4,Rubus phoenicolasius,Yes
plant_images/10365.jpg,4,Rubus phoenicolasius,Yes
plant_images/3428.jpg,14,Ficaria verna,Yes
plant_images/534.jpg,0,Ailanthus altissima,Yes
plant_images/6277.jpg,3,Asimina triloba,No
plant_images/22838.jpg,12,Alliaria petiolata,Yes
plant_images/11563.jpg,8,Hedera helix,Yes
plant_images/24457.jpg,6,Lonicera japonica,Yes
plant_images/14846.jpg,1,Rhus copallinum,No
plant_images/25813.jpg,7,Campsis radicans,No
plant_images/14574.jpg,13,Geum canadense,No
plant_images/14737.jpg,3,Asimina triloba,No
plant_images/15796.jpg,8,Hedera helix,Yes
plant_images/11286.jpg,8,Hedera helix,Yes
plant_images/1159.jpg,12,Alliaria petiolata,Yes
plant_images/3288.jpg,9,Parthenocissus quinquefolia,No
plant_images/19447.jpg,9,Parthenocissus quinquefolia,No
plant_images/22780.jpg,9,Parthenocissus quinquefolia,No
plant_images/19829.jpg,6,Lonicera japonica,Yes
plant_images/21929.jpg,6,Lonicera japonica,Yes
plant_images/22581.jpg,4,Rubus phoenicolasius,Yes
plant_images/14624.jpg,12,Alliaria petiolata,Yes
plant_images/25749.jpg,6,Lonicera japonica,Yes
plant_images/2474.jpg,3,Asimina triloba,No
plant_images/24789.jpg,2,Elaeagnus umbellata,Yes
plant_images/27959.jpg,2,Elaeagnus umbellata,Yes
plant_images/15397.jpg,2,Elaeagnus umbellata,Yes
plant_images/4457.jpg,6,Lonicera japonica,Yes
plant_images/1833.jpg,0,Ailanthus altissima,Yes
plant_images/9909.jpg,6,Lonicera japonica,Yes
plant_images/18387.jpg,3,Asimina triloba,No
plant_images/6972.jpg,14,Ficaria verna,Yes
plant_images/2087.jpg,3,Asimina triloba,No
plant_images/13640.jpg,2,Elaeagnus umbellata,Yes
plant_images/9073.jpg,14,Ficaria verna,Yes
plant_images/1283.jpg,0,Ailanthus altissima,Yes
plant_images/10044.jpg,9,Parthenocissus quinquefolia,No
plant_images/23225.jpg,10,Persicaria perfoliata,Yes
plant_images/8236.jpg,13,Geum canadense,No
plant_images/3542.jpg,14,Ficaria verna,Yes
plant_images/23089.jpg,0,Ailanthus altissima,Yes
plant_images/26012.jpg,14,Ficaria verna,Yes
plant_images/13287.jpg,9,Parthenocissus quinquefolia,No
plant_images/24444.jpg,2,Elaeagnus umbellata,Yes
plant_images/19961.jpg,12,Alliaria petiolata,Yes
plant_images/23922.jpg,0,Ailanthus altissima,Yes
plant_images/3915.jpg,9,Parthenocissus quinquefolia,No
plant_images/2834.jpg,4,Rubus phoenicolasius,Yes
plant_images/15503.jpg,9,Parthenocissus quinquefolia,No
plant_images/14839.jpg,14,Ficaria verna,Yes
plant_images/2272.jpg,10,Persicaria perfoliata,Yes
plant_images/16127.jpg,15,Packera aurea,No
plant_images/8964.jpg,14,Ficaria verna,Yes
plant_images/26882.jpg,10,Persicaria perfoliata,Yes
plant_images/20063.jpg,3,Asimina triloba,No
plant_images/4304.jpg,9,Parthenocissus quinquefolia,No
plant_images/2984.jpg,8,Hedera helix,Yes
plant_images/23552.jpg,2,Elaeagnus umbellata,Yes
plant_images/8804.jpg,14,Ficaria verna,Yes
plant_images/26208.jpg,0,Ailanthus altissima,Yes
plant_images/342.jpg,15,Packera aurea,No
plant_images/5015.jpg,3,Asimina triloba,No
plant_images/26152.jpg,12,Alliaria petiolata,Yes
plant_images/1828.jpg,12,Alliaria petiolata,Yes
plant_images/13780.jpg,0,Ailanthus altissima,Yes
plant_images/18618.jpg,9,Parthenocissus quinquefolia,No
plant_images/17893.jpg,14,Ficaria verna,Yes
plant_images/670.jpg,9,Parthenocissus quinquefolia,No
plant_images/3016.jpg,12,Alliaria petiolata,Yes
plant_images/20890.jpg,6,Lonicera japonica,Yes
plant_images/15233.jpg,8,Hedera helix,Yes
plant_images/19314.jpg,4,Rubus phoenicolasius,Yes
plant_images/8260.jpg,4,Rubus phoenicolasius,Yes
plant_images/4596.jpg,0,Ailanthus altissima,Yes
plant_images/8826.jpg,8,Hedera helix,Yes
plant_images/15632.jpg,3,Asimina triloba,No
plant_images/10063.jpg,9,Parthenocissus quinquefolia,No
plant_images/26256.jpg,6,Lonicera japonica,Yes
plant_images/8350.jpg,10,Persicaria perfoliata,Yes
plant_images/18632.jpg,6,Lonicera japonica,Yes
plant_images/25639.jpg,4,Rubus phoenicolasius,Yes
plant_images/20514.jpg,4,Rubus phoenicolasius,Yes
plant_images/20997.jpg,14,Ficaria verna,Yes
plant_images/19428.jpg,7,Campsis radicans,No
plant_images/17092.jpg,9,Parthenocissus quinquefolia,No
plant_images/2618.jpg,3,Asimina triloba,No
plant_images/577.jpg,12,Alliaria petiolata,Yes
plant_images/14144.jpg,0,Ailanthus altissima,Yes
plant_images/12959.jpg,9,Parthenocissus quinquefolia,No
plant_images/13297.jpg,9,Parthenocissus quinquefolia,No
plant_images/2038.jpg,12,Alliaria petiolata,Yes
plant_images/10303.jpg,3,Asimina triloba,No
plant_images/27615.jpg,15,Packera aurea,No
plant_images/14641.jpg,12,Alliaria petiolata,Yes
plant_images/26649.jpg,12,Alliaria petiolata,Yes
plant_images/5697.jpg,12,Alliaria petiolata,Yes
plant_images/17857.jpg,8,Hedera helix,Yes
plant_images/25787.jpg,1,Rhus copallinum,No
plant_images/12687.jpg,14,Ficaria verna,Yes
plant_images/18783.jpg,9,Parthenocissus quinquefolia,No
plant_images/4627.jpg,7,Campsis radicans,No
plant_images/944.jpg,4,Rubus phoenicolasius,Yes
plant_images/14814.jpg,9,Parthenocissus quinquefolia,No
plant_images/24142.jpg,6,Lonicera japonica,Yes
plant_images/25281.jpg,3,Asimina triloba,No
plant_images/3794.jpg,9,Parthenocissus quinquefolia,No
plant_images/8180.jpg,12,Alliaria petiolata,Yes
plant_images/15114.jpg,0,Ailanthus altissima,Yes
plant_images/9307.jpg,14,Ficaria verna,Yes
plant_images/18945.jpg,12,Alliaria petiolata,Yes
plant_images/16492.jpg,12,Alliaria petiolata,Yes
plant_images/11795.jpg,9,Parthenocissus quinquefolia,No
plant_images/14261.jpg,8,Hedera helix,Yes
plant_images/8726.jpg,5,Rubus occidentalis,No
plant_images/21813.jpg,10,Persicaria perfoliata,Yes
plant_images/21829.jpg,2,Elaeagnus umbellata,Yes
plant_images/11281.jpg,8,Hedera helix,Yes
plant_images/8113.jpg,9,Parthenocissus quinquefolia,No
plant_images/26070.jpg,6,Lonicera japonica,Yes
plant_images/5965.jpg,9,Parthenocissus quinquefolia,No
plant_images/19167.jpg,3,Asimina triloba,No
plant_images/8090.jpg,7,Campsis radicans,No
plant_images/18625.jpg,9,Parthenocissus quinquefolia,No
plant_images/23047.jpg,2,Elaeagnus umbellata,Yes
plant_images/350.jpg,9,Parthenocissus quinquefolia,No
plant_images/25806.jpg,0,Ailanthus altissima,Yes
plant_images/2011.jpg,12,Alliaria petiolata,Yes
plant_images/27599.jpg,10,Persicaria perfoliata,Yes
plant_images/27377.jpg,1,Rhus copallinum,No
plant_images/15283.jpg,4,Rubus phoenicolasius,Yes
plant_images/21527.jpg,0,Ailanthus altissima,Yes
plant_images/10240.jpg,4,Rubus phoenicolasius,Yes
plant_images/2875.jpg,4,Rubus phoenicolasius,Yes
plant_images/16247.jpg,14,Ficaria verna,Yes
plant_images/19708.jpg,0,Ailanthus altissima,Yes
plant_images/25202.jpg,10,Persicaria perfoliata,Yes
plant_images/15265.jpg,6,Lonicera japonica,Yes
plant_images/16979.jpg,9,Parthenocissus quinquefolia,No
plant_images/23354.jpg,9,Parthenocissus quinquefolia,No
plant_images/2884.jpg,14,Ficaria verna,Yes
plant_images/27671.jpg,6,Lonicera japonica,Yes
plant_images/9835.jpg,9,Parthenocissus quinquefolia,No
plant_images/12042.jpg,3,Asimina triloba,No
plant_images/24942.jpg,2,Elaeagnus umbellata,Yes
plant_images/12170.jpg,0,Ailanthus altissima,Yes
plant_images/14049.jpg,9,Parthenocissus quinquefolia,No
plant_images/14005.jpg,7,Campsis radicans,No
plant_images/18904.jpg,2,Elaeagnus umbellata,Yes
plant_images/16082.jpg,14,Ficaria verna,Yes
plant_images/1980.jpg,6,Lonicera japonica,Yes
plant_images/6796.jpg,14,Ficaria verna,Yes
plant_images/19816.jpg,9,Parthenocissus quinquefolia,No
plant_images/10962.jpg,14,Ficaria verna,Yes
plant_images/28152.jpg,3,Asimina triloba,No
plant_images/8571.jpg,0,Ailanthus altissima,Yes
plant_images/18675.jpg,9,Parthenocissus quinquefolia,No
plant_images/7594.jpg,12,Alliaria petiolata,Yes
plant_images/14466.jpg,14,Ficaria verna,Yes
plant_images/24763.jpg,0,Ailanthus altissima,Yes
plant_images/12472.jpg,7,Campsis radicans,No
plant_images/22282.jpg,9,Parthenocissus quinquefolia,No
plant_images/16035.jpg,14,Ficaria verna,Yes
plant_images/20226.jpg,0,Ailanthus altissima,Yes
plant_images/25680.jpg,5,Rubus occidentalis,No
plant_images/13702.jpg,0,Ailanthus altissima,Yes
plant_images/7677.jpg,4,Rubus phoenicolasius,Yes
plant_images/6969.jpg,14,Ficaria verna,Yes
plant_images/16737.jpg,6,Lonicera japonica,Yes
plant_images/22580.jpg,15,Packera aurea,No
plant_images/19009.jpg,0,Ailanthus altissima,Yes
plant_images/18906.jpg,7,Campsis radicans,No
plant_images/8192.jpg,9,Parthenocissus quinquefolia,No
plant_images/1206.jpg,10,Persicaria perfoliata,Yes
plant_images/24623.jpg,2,Elaeagnus umbellata,Yes
plant_images/14885.jpg,9,Parthenocissus quinquefolia,No
plant_images/28094.jpg,9,Parthenocissus quinquefolia,No
plant_images/22436.jpg,2,Elaeagnus umbellata,Yes
plant_images/19977.jpg,12,Alliaria petiolata,Yes
plant_images/26349.jpg,1,Rhus copallinum,No
plant_images/7402.jpg,12,Alliaria petiolata,Yes
plant_images/3063.jpg,0,Ailanthus altissima,Yes
plant_images/212.jpg,13,Geum canadense,No
plant_images/9831.jpg,2,Elaeagnus umbellata,Yes
plant_images/14830.jpg,3,Asimina triloba,No
plant_images/8487.jpg,14,Ficaria verna,Yes
plant_images/21024.jpg,2,Elaeagnus umbellata,Yes
plant_images/158.jpg,8,Hedera helix,Yes
plant_images/2936.jpg,14,Ficaria verna,Yes
plant_images/16951.jpg,1,Rhus copallinum,No
plant_images/12527.jpg,6,Lonicera japonica,Yes
plant_images/17837.jpg,7,Campsis radicans,No
plant_images/2509.jpg,9,Parthenocissus quinquefolia,No
plant_images/20739.jpg,4,Rubus phoenicolasius,Yes
plant_images/26032.jpg,14,Ficaria verna,Yes
plant_images/10758.jpg,6,Lonicera japonica,Yes
plant_images/1056.jpg,15,Packera aurea,No
plant_images/28011.jpg,0,Ailanthus altissima,Yes
plant_images/25574.jpg,9,Parthenocissus quinquefolia,No
plant_images/17910.jpg,14,Ficaria verna,Yes
plant_images/16765.jpg,6,Lonicera japonica,Yes
plant_images/12755.jpg,3,Asimina triloba,No
plant_images/462.jpg,8,Hedera helix,Yes
plant_images/23526.jpg,6,Lonicera japonica,Yes
plant_images/15669.jpg,3,Asimina triloba,No
plant_images/12261.jpg,0,Ailanthus altissima,Yes
plant_images/14504.jpg,8,Hedera helix,Yes
plant_images/20207.jpg,9,Parthenocissus quinquefolia,No
plant_images/14742.jpg,12,Alliaria petiolata,Yes
plant_images/25508.jpg,9,Parthenocissus quinquefolia,No
plant_images/22184.jpg,2,Elaeagnus umbellata,Yes
plant_images/11632.jpg,12,Alliaria petiolata,Yes
plant_images/23283.jpg,8,Hedera helix,Yes
plant_images/21821.jpg,3,Asimina triloba,No
plant_images/11519.jpg,9,Parthenocissus quinquefolia,No
plant_images/1477.jpg,12,Alliaria petiolata,Yes
plant_images/23563.jpg,3,Asimina triloba,No
plant_images/6558.jpg,3,Asimina triloba,No
plant_images/10059.jpg,9,Parthenocissus quinquefolia,No
plant_images/19369.jpg,4,Rubus phoenicolasius,Yes
plant_images/12614.jpg,14,Ficaria verna,Yes
plant_images/25837.jpg,1,Rhus copallinum,No
plant_images/4738.jpg,6,Lonicera japonica,Yes
plant_images/20722.jpg,4,Rubus phoenicolasius,Yes
plant_images/21414.jpg,3,Asimina triloba,No
plant_images/13273.jpg,6,Lonicera japonica,Yes
plant_images/4404.jpg,4,Rubus phoenicolasius,Yes
plant_images/21888.jpg,7,Campsis radicans,No
plant_images/9647.jpg,8,Hedera helix,Yes
plant_images/23485.jpg,3,Asimina triloba,No
plant_images/20707.jpg,12,Alliaria petiolata,Yes
plant_images/6771.jpg,12,Alliaria petiolata,Yes
plant_images/25593.jpg,9,Parthenocissus quinquefolia,No
plant_images/1040.jpg,9,Parthenocissus quinquefolia,No
plant_images/20276.jpg,2,Elaeagnus umbellata,Yes
plant_images/26013.jpg,14,Ficaria verna,Yes
plant_images/9840.jpg,4,Rubus phoenicolasius,Yes
plant_images/15245.jpg,8,Hedera helix,Yes
plant_images/13588.jpg,6,Lonicera japonica,Yes
plant_images/10781.jpg,8,Hedera helix,Yes
plant_images/13386.jpg,9,Parthenocissus quinquefolia,No
plant_images/6104.jpg,7,Campsis radicans,No
plant_images/7274.jpg,8,Hedera helix,Yes
plant_images/23554.jpg,4,Rubus phoenicolasius,Yes
plant_images/26007.jpg,12,Alliaria petiolata,Yes
plant_images/6618.jpg,4,Rubus phoenicolasius,Yes
plant_images/17869.jpg,6,Lonicera japonica,Yes
plant_images/10940.jpg,14,Ficaria verna,Yes
plant_images/8888.jpg,6,Lonicera japonica,Yes
plant_images/8029.jpg,6,Lonicera japonica,Yes
plant_images/24077.jpg,3,Asimina triloba,No
plant_images/9189.jpg,6,Lonicera japonica,Yes
plant_images/19182.jpg,10,Persicaria perfoliata,Yes
plant_images/5309.jpg,7,Campsis radicans,No
plant_images/9577.jpg,0,Ailanthus altissima,Yes
plant_images/3257.jpg,0,Ailanthus altissima,Yes
plant_images/1752.jpg,0,Ailanthus altissima,Yes
plant_images/24814.jpg,12,Alliaria petiolata,Yes
plant_images/13980.jpg,6,Lonicera japonica,Yes
plant_images/4246.jpg,8,Hedera helix,Yes
plant_images/21132.jpg,4,Rubus phoenicolasius,Yes
plant_images/25894.jpg,3,Asimina triloba,No
plant_images/15407.jpg,4,Rubus phoenicolasius,Yes
plant_images/8188.jpg,6,Lonicera japonica,Yes
plant_images/5328.jpg,6,Lonicera japonica,Yes
plant_images/2430.jpg,12,Alliaria petiolata,Yes
plant_images/8346.jpg,1,Rhus copallinum,No
plant_images/4238.jpg,9,Parthenocissus quinquefolia,No
plant_images/21424.jpg,11,Persicaria sagittata,No
plant_images/13239.jpg,12,Alliaria petiolata,Yes
plant_images/3011.jpg,9,Parthenocissus quinquefolia,No
plant_images/12438.jpg,1,Rhus copallinum,No
plant_images/4977.jpg,12,Alliaria petiolata,Yes
plant_images/24813.jpg,12,Alliaria petiolata,Yes
plant_images/25897.jpg,2,Elaeagnus umbellata,Yes
plant_images/14929.jpg,8,Hedera helix,Yes
plant_images/25567.jpg,8,Hedera helix,Yes
plant_images/25818.jpg,4,Rubus phoenicolasius,Yes
plant_images/8069.jpg,6,Lonicera japonica,Yes
plant_images/22726.jpg,3,Asimina triloba,No
plant_images/19770.jpg,2,Elaeagnus umbellata,Yes
plant_images/18942.jpg,1,Rhus copallinum,No
plant_images/16129.jpg,12,Alliaria petiolata,Yes
plant_images/24361.jpg,2,Elaeagnus umbellata,Yes
plant_images/5471.jpg,9,Parthenocissus quinquefolia,No
plant_images/7540.jpg,12,Alliaria petiolata,Yes
plant_images/19805.jpg,3,Asimina triloba,No
plant_images/24078.jpg,15,Packera aurea,No
plant_images/16365.jpg,6,Lonicera japonica,Yes
plant_images/8019.jpg,7,Campsis radicans,No
plant_images/25775.jpg,7,Campsis radicans,No
plant_images/582.jpg,4,Rubus phoenicolasius,Yes
plant_images/3568.jpg,12,Alliaria petiolata,Yes
plant_images/3183.jpg,12,Alliaria petiolata,Yes
plant_images/14095.jpg,10,Persicaria perfoliata,Yes
plant_images/22066.jpg,9,Parthenocissus quinquefolia,No
plant_images/3128.jpg,12,Alliaria petiolata,Yes
plant_images/19900.jpg,13,Geum canadense,No
plant_images/25197.jpg,7,Campsis radicans,No
plant_images/27405.jpg,10,Persicaria perfoliata,Yes
plant_images/18362.jpg,3,Asimina triloba,No
plant_images/6802.jpg,6,Lonicera japonica,Yes
plant_images/11797.jpg,7,Campsis radicans,No
plant_images/17762.jpg,4,Rubus phoenicolasius,Yes
plant_images/28149.jpg,8,Hedera helix,Yes
plant_images/8488.jpg,10,Persicaria perfoliata,Yes
plant_images/15652.jpg,6,Lonicera japonica,Yes
plant_images/17437.jpg,9,Parthenocissus quinquefolia,No
plant_images/21710.jpg,0,Ailanthus altissima,Yes
plant_images/16888.jpg,5,Rubus occidentalis,No
plant_images/14309.jpg,6,Lonicera japonica,Yes
plant_images/14942.jpg,12,Alliaria petiolata,Yes
plant_images/14808.jpg,3,Asimina triloba,No
plant_images/17339.jpg,3,Asimina triloba,No
plant_images/21047.jpg,12,Alliaria petiolata,Yes
plant_images/24794.jpg,2,Elaeagnus umbellata,Yes
plant_images/7124.jpg,8,Hedera helix,Yes
plant_images/1505.jpg,14,Ficaria verna,Yes
plant_images/21128.jpg,12,Alliaria petiolata,Yes
plant_images/20858.jpg,10,Persicaria perfoliata,Yes
plant_images/10880.jpg,14,Ficaria verna,Yes
plant_images/12453.jpg,6,Lonicera japonica,Yes
plant_images/24158.jpg,12,Alliaria petiolata,Yes
plant_images/25996.jpg,1,Rhus copallinum,No
plant_images/7627.jpg,12,Alliaria petiolata,Yes
plant_images/8085.jpg,7,Campsis radicans,No
plant_images/4290.jpg,9,Parthenocissus quinquefolia,No
plant_images/3024.jpg,9,Parthenocissus quinquefolia,No
plant_images/10947.jpg,12,Alliaria petiolata,Yes
plant_images/7463.jpg,6,Lonicera japonica,Yes
plant_images/22289.jpg,4,Rubus phoenicolasius,Yes
plant_images/20219.jpg,12,Alliaria petiolata,Yes
plant_images/12448.jpg,1,Rhus copallinum,No
plant_images/17673.jpg,3,Asimina triloba,No
plant_images/27685.jpg,9,Parthenocissus quinquefolia,No
plant_images/8537.jpg,3,Asimina triloba,No
plant_images/12066.jpg,3,Asimina triloba,No
plant_images/22391.jpg,9,Parthenocissus quinquefolia,No
plant_images/8716.jpg,2,Elaeagnus umbellata,Yes
plant_images/22665.jpg,14,Ficaria verna,Yes
plant_images/21808.jpg,9,Parthenocissus quinquefolia,No
plant_images/9708.jpg,14,Ficaria verna,Yes
plant_images/20091.jpg,9,Parthenocissus quinquefolia,No
plant_images/26967.jpg,6,Lonicera japonica,Yes
plant_images/11673.jpg,0,Ailanthus altissima,Yes
plant_images/16229.jpg,4,Rubus phoenicolasius,Yes
plant_images/14046.jpg,7,Campsis radicans,No
plant_images/12686.jpg,6,Lonicera japonica,Yes
plant_images/11596.jpg,9,Parthenocissus quinquefolia,No
plant_images/4433.jpg,9,Parthenocissus quinquefolia,No
plant_images/14082.jpg,7,Campsis radicans,No
plant_images/19557.jpg,11,Persicaria sagittata,No
plant_images/19676.jpg,8,Hedera helix,Yes
plant_images/23510.jpg,4,Rubus phoenicolasius,Yes
plant_images/17665.jpg,1,Rhus copallinum,No
plant_images/5832.jpg,12,Alliaria petiolata,Yes
plant_images/5165.jpg,6,Lonicera japonica,Yes
plant_images/15940.jpg,14,Ficaria verna,Yes
plant_images/2555.jpg,14,Ficaria verna,Yes
plant_images/25027.jpg,3,Asimina triloba,No
plant_images/20589.jpg,12,Alliaria petiolata,Yes
plant_images/11004.jpg,14,Ficaria verna,Yes
plant_images/22064.jpg,2,Elaeagnus umbellata,Yes
plant_images/4014.jpg,14,Ficaria verna,Yes
plant_images/989.jpg,9,Parthenocissus quinquefolia,No
plant_images/14461.jpg,14,Ficaria verna,Yes
plant_images/27597.jpg,15,Packera aurea,No
plant_images/23899.jpg,9,Parthenocissus quinquefolia,No
plant_images/14672.jpg,15,Packera aurea,No
plant_images/11525.jpg,4,Rubus phoenicolasius,Yes
plant_images/13023.jpg,3,Asimina triloba,No
plant_images/15574.jpg,1,Rhus copallinum,No
plant_images/27475.jpg,14,Ficaria verna,Yes
plant_images/9389.jpg,14,Ficaria verna,Yes
plant_images/17088.jpg,7,Campsis radicans,No
plant_images/11011.jpg,12,Alliaria petiolata,Yes
plant_images/3274.jpg,7,Campsis radicans,No
plant_images/11716.jpg,6,Lonicera japonica,Yes
plant_images/16919.jpg,3,Asimina triloba,No
plant_images/9991.jpg,15,Packera aurea,No
plant_images/24678.jpg,2,Elaeagnus umbellata,Yes
plant_images/8451.jpg,0,Ailanthus altissima,Yes
plant_images/12479.jpg,2,Elaeagnus umbellata,Yes
plant_images/10623.jpg,4,Rubus phoenicolasius,Yes
plant_images/21884.jpg,9,Parthenocissus quinquefolia,No
plant_images/9731.jpg,7,Campsis radicans,No
plant_images/4427.jpg,9,Parthenocissus quinquefolia,No
plant_images/20152.jpg,12,Alliaria petiolata,Yes
plant_images/21105.jpg,9,Parthenocissus quinquefolia,No
plant_images/2215.jpg,15,Packera aurea,No
plant_images/16746.jpg,4,Rubus phoenicolasius,Yes
plant_images/1611.jpg,14,Ficaria verna,Yes
plant_images/20333.jpg,10,Persicaria perfoliata,Yes
plant_images/5189.jpg,6,Lonicera japonica,Yes
plant_images/14337.jpg,12,Alliaria petiolata,Yes
plant_images/19844.jpg,0,Ailanthus altissima,Yes
plant_images/25689.jpg,15,Packera aurea,No
plant_images/16478.jpg,12,Alliaria petiolata,Yes
plant_images/7775.jpg,6,Lonicera japonica,Yes
plant_images/26533.jpg,2,Elaeagnus umbellata,Yes
plant_images/7070.jpg,12,Alliaria petiolata,Yes
plant_images/15069.jpg,2,Elaeagnus umbellata,Yes
plant_images/9021.jpg,12,Alliaria petiolata,Yes
plant_images/27863.jpg,3,Asimina triloba,No
plant_images/24028.jpg,0,Ailanthus altissima,Yes
plant_images/3774.jpg,0,Ailanthus altissima,Yes
plant_images/12937.jpg,6,Lonicera japonica,Yes
plant_images/2289.jpg,15,Packera aurea,No
plant_images/11786.jpg,5,Rubus occidentalis,No
plant_images/27579.jpg,9,Parthenocissus quinquefolia,No
plant_images/24049.jpg,0,Ailanthus altissima,Yes
plant_images/12531.jpg,8,Hedera helix,Yes
plant_images/15308.jpg,0,Ailanthus altissima,Yes
plant_images/6387.jpg,3,Asimina triloba,No
plant_images/11988.jpg,4,Rubus phoenicolasius,Yes
plant_images/9195.jpg,12,Alliaria petiolata,Yes
plant_images/10926.jpg,6,Lonicera japonica,Yes
plant_images/21939.jpg,9,Parthenocissus quinquefolia,No
plant_images/25141.jpg,4,Rubus phoenicolasius,Yes
plant_images/500.jpg,12,Alliaria petiolata,Yes
plant_images/26503.jpg,14,Ficaria verna,Yes
plant_images/14438.jpg,12,Alliaria petiolata,Yes
plant_images/24551.jpg,10,Persicaria perfoliata,Yes
plant_images/9012.jpg,4,Rubus phoenicolasius,Yes
plant_images/1308.jpg,7,Campsis radicans,No
plant_images/25260.jpg,7,Campsis radicans,No
plant_images/22666.jpg,10,Persicaria perfoliata,Yes
plant_images/14630.jpg,12,Alliaria petiolata,Yes
plant_images/5043.jpg,12,Alliaria petiolata,Yes
plant_images/5029.jpg,4,Rubus phoenicolasius,Yes
plant_images/9883.jpg,9,Parthenocissus quinquefolia,No
plant_images/8919.jpg,2,Elaeagnus umbellata,Yes
plant_images/2050.jpg,0,Ailanthus altissima,Yes
plant_images/9115.jpg,14,Ficaria verna,Yes
plant_images/21658.jpg,15,Packera aurea,No
plant_images/2772.jpg,9,Parthenocissus quinquefolia,No
plant_images/16413.jpg,4,Rubus phoenicolasius,Yes
plant_images/23989.jpg,4,Rubus phoenicolasius,Yes
plant_images/20273.jpg,3,Asimina triloba,No
plant_images/4096.jpg,12,Alliaria petiolata,Yes
plant_images/15659.jpg,11,Persicaria sagittata,No
plant_images/2370.jpg,12,Alliaria petiolata,Yes
plant_images/16219.jpg,12,Alliaria petiolata,Yes
plant_images/1095.jpg,3,Asimina triloba,No
plant_images/10664.jpg,2,Elaeagnus umbellata,Yes
plant_images/26933.jpg,6,Lonicera japonica,Yes
plant_images/3385.jpg,3,Asimina triloba,No
plant_images/5506.jpg,14,Ficaria verna,Yes
plant_images/1553.jpg,4,Rubus phoenicolasius,Yes
plant_images/11321.jpg,4,Rubus phoenicolasius,Yes
plant_images/27397.jpg,1,Rhus copallinum,No
plant_images/9217.jpg,14,Ficaria verna,Yes
plant_images/10719.jpg,4,Rubus phoenicolasius,Yes
plant_images/26956.jpg,4,Rubus phoenicolasius,Yes
plant_images/12143.jpg,2,Elaeagnus umbellata,Yes
plant_images/25427.jpg,3,Asimina triloba,No
plant_images/1260.jpg,8,Hedera helix,Yes
plant_images/24280.jpg,1,Rhus copallinum,No
plant_images/13848.jpg,9,Parthenocissus quinquefolia,No
plant_images/6442.jpg,3,Asimina triloba,No
plant_images/14521.jpg,14,Ficaria verna,Yes
plant_images/18460.jpg,2,Elaeagnus umbellata,Yes
plant_images/24008.jpg,3,Asimina triloba,No
plant_images/23804.jpg,3,Asimina triloba,No
plant_images/22118.jpg,7,Campsis radicans,No
plant_images/3496.jpg,14,Ficaria verna,Yes
plant_images/27945.jpg,6,Lonicera japonica,Yes
plant_images/11330.jpg,2,Elaeagnus umbellata,Yes
plant_images/15472.jpg,1,Rhus copallinum,No
plant_images/24096.jpg,8,Hedera helix,Yes
plant_images/13020.jpg,14,Ficaria verna,Yes
plant_images/17075.jpg,9,Parthenocissus quinquefolia,No
plant_images/22203.jpg,0,Ailanthus altissima,Yes
plant_images/2939.jpg,12,Alliaria petiolata,Yes
plant_images/3115.jpg,5,Rubus occidentalis,No
plant_images/250.jpg,9,Parthenocissus quinquefolia,No
plant_images/3896.jpg,8,Hedera helix,Yes
plant_images/9397.jpg,14,Ficaria verna,Yes
plant_images/1501.jpg,4,Rubus phoenicolasius,Yes
plant_images/4285.jpg,12,Alliaria petiolata,Yes
plant_images/25354.jpg,1,Rhus copallinum,No
plant_images/15720.jpg,6,Lonicera japonica,Yes
plant_images/4023.jpg,14,Ficaria verna,Yes
plant_images/18157.jpg,14,Ficaria verna,Yes
plant_images/14306.jpg,4,Rubus phoenicolasius,Yes
plant_images/21568.jpg,15,Packera aurea,No
plant_images/720.jpg,6,Lonicera japonica,Yes
plant_images/3140.jpg,3,Asimina triloba,No
plant_images/2480.jpg,12,Alliaria petiolata,Yes
plant_images/849.jpg,8,Hedera helix,Yes
plant_images/12555.jpg,14,Ficaria verna,Yes
plant_images/5176.jpg,9,Parthenocissus quinquefolia,No
plant_images/5220.jpg,4,Rubus phoenicolasius,Yes
plant_images/21020.jpg,3,Asimina triloba,No
plant_images/23273.jpg,3,Asimina triloba,No
plant_images/19310.jpg,7,Campsis radicans,No
plant_images/1410.jpg,4,Rubus phoenicolasius,Yes
plant_images/11817.jpg,7,Campsis radicans,No
plant_images/12131.jpg,0,Ailanthus altissima,Yes
plant_images/1107.jpg,12,Alliaria petiolata,Yes
plant_images/12377.jpg,3,Asimina triloba,No
plant_images/3609.jpg,8,Hedera helix,Yes
plant_images/5038.jpg,8,Hedera helix,Yes
plant_images/15468.jpg,7,Campsis radicans,No
plant_images/23961.jpg,4,Rubus phoenicolasius,Yes
plant_images/11523.jpg,4,Rubus phoenicolasius,Yes
plant_images/3823.jpg,0,Ailanthus altissima,Yes
plant_images/27706.jpg,10,Persicaria perfoliata,Yes
plant_images/18314.jpg,6,Lonicera japonica,Yes
plant_images/5917.jpg,10,Persicaria perfoliata,Yes
plant_images/22595.jpg,14,Ficaria verna,Yes
plant_images/108.jpg,0,Ailanthus altissima,Yes
plant_images/5849.jpg,15,Packera aurea,No
plant_images/26632.jpg,1,Rhus copallinum,No
plant_images/22491.jpg,4,Rubus phoenicolasius,Yes
plant_images/27332.jpg,3,Asimina triloba,No
plant_images/9349.jpg,12,Alliaria petiolata,Yes
plant_images/9725.jpg,6,Lonicera japonica,Yes
plant_images/22045.jpg,6,Lonicera japonica,Yes
plant_images/10867.jpg,4,Rubus phoenicolasius,Yes
plant_images/2116.jpg,4,Rubus phoenicolasius,Yes
plant_images/7625.jpg,3,Asimina triloba,No
plant_images/13048.jpg,12,Alliaria petiolata,Yes
plant_images/17932.jpg,14,Ficaria verna,Yes
plant_images/16161.jpg,3,Asimina triloba,No
plant_images/10487.jpg,3,Asimina triloba,No
plant_images/2867.jpg,6,Lonicera japonica,Yes
plant_images/11695.jpg,9,Parthenocissus quinquefolia,No
plant_images/3640.jpg,9,Parthenocissus quinquefolia,No
plant_images/25139.jpg,9,Parthenocissus quinquefolia,No
plant_images/3716.jpg,9,Parthenocissus quinquefolia,No
plant_images/21051.jpg,2,Elaeagnus umbellata,Yes
plant_images/16787.jpg,9,Parthenocissus quinquefolia,No
plant_images/27705.jpg,9,Parthenocissus quinquefolia,No
plant_images/14286.jpg,8,Hedera helix,Yes
plant_images/18549.jpg,2,Elaeagnus umbellata,Yes
plant_images/9010.jpg,14,Ficaria verna,Yes
plant_images/1529.jpg,14,Ficaria verna,Yes
plant_images/27768.jpg,7,Campsis radicans,No
plant_images/17950.jpg,14,Ficaria verna,Yes
plant_images/5580.jpg,14,Ficaria verna,Yes
plant_images/15289.jpg,2,Elaeagnus umbellata,Yes
plant_images/22556.jpg,3,Asimina triloba,No
plant_images/7462.jpg,0,Ailanthus altissima,Yes
plant_images/9782.jpg,9,Parthenocissus quinquefolia,No
plant_images/19082.jpg,0,Ailanthus altissima,Yes
plant_images/23284.jpg,7,Campsis radicans,No
plant_images/3322.jpg,0,Ailanthus altissima,Yes
plant_images/19599.jpg,1,Rhus copallinum,No
plant_images/2296.jpg,10,Persicaria perfoliata,Yes
plant_images/26995.jpg,12,Alliaria petiolata,Yes
plant_images/27586.jpg,9,Parthenocissus quinquefolia,No
plant_images/16025.jpg,14,Ficaria verna,Yes
plant_images/11556.jpg,7,Campsis radicans,No
plant_images/441.jpg,13,Geum canadense,No
plant_images/23062.jpg,0,Ailanthus altissima,Yes
plant_images/20445.jpg,6,Lonicera japonica,Yes
plant_images/16287.jpg,12,Alliaria petiolata,Yes
plant_images/11957.jpg,0,Ailanthus altissima,Yes
plant_images/6754.jpg,6,Lonicera japonica,Yes
plant_images/9232.jpg,12,Alliaria petiolata,Yes
plant_images/25395.jpg,9,Parthenocissus quinquefolia,No
plant_images/11181.jpg,6,Lonicera japonica,Yes
plant_images/25661.jpg,9,Parthenocissus quinquefolia,No
plant_images/8109.jpg,2,Elaeagnus umbellata,Yes
plant_images/18727.jpg,6,Lonicera japonica,Yes
plant_images/8729.jpg,4,Rubus phoenicolasius,Yes
plant_images/1331.jpg,3,Asimina triloba,No
plant_images/12502.jpg,6,Lonicera japonica,Yes
plant_images/14011.jpg,0,Ailanthus altissima,Yes
plant_images/11427.jpg,3,Asimina triloba,No
plant_images/27664.jpg,3,Asimina triloba,No
plant_images/21891.jpg,1,Rhus copallinum,No
plant_images/25314.jpg,0,Ailanthus altissima,Yes
plant_images/24847.jpg,2,Elaeagnus umbellata,Yes
plant_images/13798.jpg,3,Asimina triloba,No
plant_images/13271.jpg,4,Rubus phoenicolasius,Yes
plant_images/1012.jpg,12,Alliaria petiolata,Yes
plant_images/6173.jpg,6,Lonicera japonica,Yes
plant_images/9432.jpg,3,Asimina triloba,No
plant_images/7806.jpg,2,Elaeagnus umbellata,Yes
plant_images/65.jpg,14,Ficaria verna,Yes
plant_images/142.jpg,12,Alliaria petiolata,Yes
plant_images/24601.jpg,2,Elaeagnus umbellata,Yes
plant_images/24257.jpg,1,Rhus copallinum,No
plant_images/21975.jpg,3,Asimina triloba,No
plant_images/12155.jpg,10,Persicaria perfoliata,Yes
plant_images/10165.jpg,4,Rubus phoenicolasius,Yes
plant_images/10956.jpg,14,Ficaria verna,Yes
plant_images/19901.jpg,9,Parthenocissus quinquefolia,No
plant_images/7465.jpg,14,Ficaria verna,Yes
plant_images/112.jpg,14,Ficaria verna,Yes
plant_images/24502.jpg,1,Rhus copallinum,No
plant_images/16269.jpg,3,Asimina triloba,No
plant_images/12454.jpg,8,Hedera helix,Yes
plant_images/9182.jpg,6,Lonicera japonica,Yes
plant_images/17878.jpg,8,Hedera helix,Yes
plant_images/8103.jpg,9,Parthenocissus quinquefolia,No
plant_images/22387.jpg,4,Rubus phoenicolasius,Yes
plant_images/4249.jpg,12,Alliaria petiolata,Yes
plant_images/26185.jpg,9,Parthenocissus quinquefolia,No
plant_images/6778.jpg,4,Rubus phoenicolasius,Yes
plant_images/12799.jpg,12,Alliaria petiolata,Yes
plant_images/28118.jpg,2,Elaeagnus umbellata,Yes
plant_images/8679.jpg,0,Ailanthus altissima,Yes
plant_images/4572.jpg,0,Ailanthus altissima,Yes
plant_images/24535.jpg,2,Elaeagnus umbellata,Yes
plant_images/10363.jpg,1,Rhus copallinum,No
plant_images/11952.jpg,10,Persicaria perfoliata,Yes
plant_images/8217.jpg,13,Geum canadense,No
plant_images/3955.jpg,7,Campsis radicans,No
plant_images/12125.jpg,9,Parthenocissus quinquefolia,No
plant_images/11664.jpg,12,Alliaria petiolata,Yes
plant_images/18464.jpg,9,Parthenocissus quinquefolia,No
plant_images/24225.jpg,6,Lonicera japonica,Yes
plant_images/18974.jpg,9,Parthenocissus quinquefolia,No
plant_images/22987.jpg,4,Rubus phoenicolasius,Yes
plant_images/1552.jpg,13,Geum canadense,No
plant_images/695.jpg,6,Lonicera japonica,Yes
plant_images/27090.jpg,3,Asimina triloba,No
plant_images/17172.jpg,3,Asimina triloba,No
plant_images/7209.jpg,15,Packera aurea,No
plant_images/982.jpg,14,Ficaria verna,Yes
plant_images/15865.jpg,14,Ficaria verna,Yes
plant_images/17923.jpg,14,Ficaria verna,Yes
plant_images/6274.jpg,3,Asimina triloba,No
plant_images/26659.jpg,9,Parthenocissus quinquefolia,No
plant_images/3269.jpg,4,Rubus phoenicolasius,Yes
plant_images/13442.jpg,13,Geum canadense,No
plant_images/23376.jpg,8,Hedera helix,Yes
plant_images/27186.jpg,6,Lonicera japonica,Yes
plant_images/11044.jpg,14,Ficaria verna,Yes
plant_images/6246.jpg,7,Campsis radicans,No
plant_images/20902.jpg,10,Persicaria perfoliata,Yes
plant_images/9424.jpg,3,Asimina triloba,No
plant_images/11058.jpg,1,Rhus copallinum,No
plant_images/26221.jpg,4,Rubus phoenicolasius,Yes
plant_images/20112.jpg,12,Alliaria petiolata,Yes
plant_images/20123.jpg,12,Alliaria petiolata,Yes
plant_images/15449.jpg,13,Geum canadense,No
plant_images/2613.jpg,7,Campsis radicans,No
plant_images/7142.jpg,10,Persicaria perfoliata,Yes
plant_images/1762.jpg,3,Asimina triloba,No
plant_images/18374.jpg,12,Alliaria petiolata,Yes
plant_images/12097.jpg,0,Ailanthus altissima,Yes
plant_images/16582.jpg,9,Parthenocissus quinquefolia,No
plant_images/8780.jpg,8,Hedera helix,Yes
plant_images/21435.jpg,4,Rubus phoenicolasius,Yes
plant_images/11072.jpg,14,Ficaria verna,Yes
plant_images/4732.jpg,9,Parthenocissus quinquefolia,No
plant_images/3875.jpg,7,Campsis radicans,No
plant_images/3753.jpg,12,Alliaria petiolata,Yes
plant_images/20882.jpg,3,Asimina triloba,No
plant_images/14565.jpg,12,Alliaria petiolata,Yes
plant_images/8046.jpg,4,Rubus phoenicolasius,Yes
plant_images/2730.jpg,3,Asimina triloba,No
plant_images/6432.jpg,3,Asimina triloba,No
plant_images/2221.jpg,4,Rubus phoenicolasius,Yes
plant_images/2706.jpg,9,Parthenocissus quinquefolia,No
plant_images/22583.jpg,13,Geum canadense,No
plant_images/24921.jpg,4,Rubus phoenicolasius,Yes
plant_images/20872.jpg,2,Elaeagnus umbellata,Yes
plant_images/20774.jpg,9,Parthenocissus quinquefolia,No
plant_images/15624.jpg,11,Persicaria sagittata,No
plant_images/21570.jpg,12,Alliaria petiolata,Yes
plant_images/8898.jpg,8,Hedera helix,Yes
plant_images/18535.jpg,9,Parthenocissus quinquefolia,No
plant_images/8422.jpg,9,Parthenocissus quinquefolia,No
plant_images/14823.jpg,4,Rubus phoenicolasius,Yes
plant_images/21693.jpg,4,Rubus phoenicolasius,Yes
plant_images/25936.jpg,3,Asimina triloba,No
plant_images/10041.jpg,9,Parthenocissus quinquefolia,No
plant_images/1481.jpg,8,Hedera helix,Yes
plant_images/8618.jpg,1,Rhus copallinum,No
plant_images/12903.jpg,14,Ficaria verna,Yes
plant_images/14185.jpg,11,Persicaria sagittata,No
plant_images/895.jpg,4,Rubus phoenicolasius,Yes
plant_images/25026.jpg,4,Rubus phoenicolasius,Yes
plant_images/28145.jpg,10,Persicaria perfoliata,Yes
plant_images/1397.jpg,8,Hedera helix,Yes
plant_images/4138.jpg,15,Packera aurea,No
plant_images/24175.jpg,2,Elaeagnus umbellata,Yes
plant_images/3730.jpg,12,Alliaria petiolata,Yes
plant_images/22496.jpg,6,Lonicera japonica,Yes
plant_images/8697.jpg,11,Persicaria sagittata,No
plant_images/1928.jpg,4,Rubus phoenicolasius,Yes
plant_images/8963.jpg,8,Hedera helix,Yes
plant_images/18850.jpg,3,Asimina triloba,No
plant_images/8266.jpg,13,Geum canadense,No
plant_images/16206.jpg,3,Asimina triloba,No
plant_images/12335.jpg,12,Alliaria petiolata,Yes
plant_images/22420.jpg,3,Asimina triloba,No
plant_images/2406.jpg,14,Ficaria verna,Yes
plant_images/5612.jpg,14,Ficaria verna,Yes
plant_images/26530.jpg,12,Alliaria petiolata,Yes
plant_images/22929.jpg,12,Alliaria petiolata,Yes
plant_images/14598.jpg,3,Asimina triloba,No
plant_images/18597.jpg,2,Elaeagnus umbellata,Yes
plant_images/5256.jpg,10,Persicaria perfoliata,Yes
plant_images/16682.jpg,9,Parthenocissus quinquefolia,No
plant_images/28318.jpg,7,Campsis radicans,No
plant_images/28323.jpg,9,Parthenocissus quinquefolia,No
plant_images/7636.jpg,4,Rubus phoenicolasius,Yes
plant_images/28005.jpg,4,Rubus phoenicolasius,Yes
plant_images/6861.jpg,14,Ficaria verna,Yes
plant_images/15341.jpg,10,Persicaria perfoliata,Yes
plant_images/3995.jpg,14,Ficaria verna,Yes
plant_images/3734.jpg,9,Parthenocissus quinquefolia,No
plant_images/4102.jpg,0,Ailanthus altissima,Yes
plant_images/27029.jpg,3,Asimina triloba,No
plant_images/8373.jpg,9,Parthenocissus quinquefolia,No
plant_images/10638.jpg,10,Persicaria perfoliata,Yes
plant_images/21643.jpg,3,Asimina triloba,No
plant_images/1678.jpg,6,Lonicera japonica,Yes
plant_images/15466.jpg,7,Campsis radicans,No
plant_images/10690.jpg,3,Asimina triloba,No
plant_images/13921.jpg,7,Campsis radicans,No
plant_images/10454.jpg,7,Campsis radicans,No
plant_images/23906.jpg,0,Ailanthus altissima,Yes
plant_images/18553.jpg,9,Parthenocissus quinquefolia,No
plant_images/6156.jpg,4,Rubus phoenicolasius,Yes
plant_images/8606.jpg,10,Persicaria perfoliata,Yes
plant_images/25003.jpg,2,Elaeagnus umbellata,Yes
plant_images/4677.jpg,6,Lonicera japonica,Yes
plant_images/26745.jpg,4,Rubus phoenicolasius,Yes
plant_images/5675.jpg,12,Alliaria petiolata,Yes
plant_images/809.jpg,8,Hedera helix,Yes
plant_images/22084.jpg,9,Parthenocissus quinquefolia,No
plant_images/17491.jpg,9,Parthenocissus quinquefolia,No
plant_images/15753.jpg,7,Campsis radicans,No
plant_images/3358.jpg,6,Lonicera japonica,Yes
plant_images/14552.jpg,4,Rubus phoenicolasius,Yes
plant_images/15252.jpg,12,Alliaria petiolata,Yes
plant_images/9728.jpg,15,Packera aurea,No
plant_images/3107.jpg,4,Rubus phoenicolasius,Yes
plant_images/27928.jpg,7,Campsis radicans,No
plant_images/12265.jpg,4,Rubus phoenicolasius,Yes
plant_images/4186.jpg,15,Packera aurea,No
plant_images/8564.jpg,10,Persicaria perfoliata,Yes
plant_images/449.jpg,7,Campsis radicans,No
plant_images/16977.jpg,8,Hedera helix,Yes
plant_images/3765.jpg,10,Persicaria perfoliata,Yes
plant_images/11870.jpg,5,Rubus occidentalis,No
plant_images/1832.jpg,9,Parthenocissus quinquefolia,No
plant_images/15875.jpg,7,Campsis radicans,No
plant_images/14322.jpg,8,Hedera helix,Yes
plant_images/20117.jpg,4,Rubus phoenicolasius,Yes
plant_images/15673.jpg,0,Ailanthus altissima,Yes
plant_images/16069.jpg,3,Asimina triloba,No
plant_images/3465.jpg,4,Rubus phoenicolasius,Yes
plant_images/13103.jpg,3,Asimina triloba,No
plant_images/8940.jpg,4,Rubus phoenicolasius,Yes
plant_images/23870.jpg,4,Rubus phoenicolasius,Yes
plant_images/2491.jpg,0,Ailanthus altissima,Yes
plant_images/27730.jpg,3,Asimina triloba,No
plant_images/8685.jpg,1,Rhus copallinum,No
plant_images/16957.jpg,6,Lonicera japonica,Yes
plant_images/2916.jpg,14,Ficaria verna,Yes
plant_images/22180.jpg,12,Alliaria petiolata,Yes
plant_images/19997.jpg,6,Lonicera japonica,Yes
plant_images/11803.jpg,3,Asimina triloba,No
plant_images/1239.jpg,10,Persicaria perfoliata,Yes
plant_images/18677.jpg,10,Persicaria perfoliata,Yes
plant_images/27463.jpg,14,Ficaria verna,Yes
plant_images/10897.jpg,15,Packera aurea,No
plant_images/5250.jpg,9,Parthenocissus quinquefolia,No
plant_images/13464.jpg,6,Lonicera japonica,Yes
plant_images/7144.jpg,3,Asimina triloba,No
plant_images/26186.jpg,12,Alliaria petiolata,Yes
plant_images/11269.jpg,6,Lonicera japonica,Yes
plant_images/15538.jpg,7,Campsis radicans,No
plant_images/10201.jpg,15,Packera aurea,No
plant_images/26605.jpg,3,Asimina triloba,No
plant_images/15176.jpg,15,Packera aurea,No
plant_images/21299.jpg,4,Rubus phoenicolasius,Yes
plant_images/20494.jpg,4,Rubus phoenicolasius,Yes
plant_images/19190.jpg,0,Ailanthus altissima,Yes
plant_images/25989.jpg,2,Elaeagnus umbellata,Yes
plant_images/23364.jpg,9,Parthenocissus quinquefolia,No
plant_images/26707.jpg,6,Lonicera japonica,Yes
plant_images/1031.jpg,8,Hedera helix,Yes
plant_images/20078.jpg,12,Alliaria petiolata,Yes
plant_images/10559.jpg,2,Elaeagnus umbellata,Yes
plant_images/1658.jpg,6,Lonicera japonica,Yes
plant_images/19259.jpg,7,Campsis radicans,No
plant_images/439.jpg,9,Parthenocissus quinquefolia,No
plant_images/12717.jpg,14,Ficaria verna,Yes
plant_images/6174.jpg,12,Alliaria petiolata,Yes
plant_images/23309.jpg,6,Lonicera japonica,Yes
plant_images/12296.jpg,2,Elaeagnus umbellata,Yes
plant_images/23964.jpg,4,Rubus phoenicolasius,Yes
plant_images/10743.jpg,8,Hedera helix,Yes
plant_images/26548.jpg,15,Packera aurea,No
plant_images/11926.jpg,4,Rubus phoenicolasius,Yes
plant_images/20758.jpg,7,Campsis radicans,No
plant_images/20700.jpg,12,Alliaria petiolata,Yes
plant_images/23851.jpg,12,Alliaria petiolata,Yes
plant_images/1304.jpg,6,Lonicera japonica,Yes
plant_images/4906.jpg,10,Persicaria perfoliata,Yes
plant_images/14894.jpg,6,Lonicera japonica,Yes
plant_images/20874.jpg,4,Rubus phoenicolasius,Yes
plant_images/15482.jpg,0,Ailanthus altissima,Yes
plant_images/2928.jpg,3,Asimina triloba,No
plant_images/19699.jpg,3,Asimina triloba,No
plant_images/23384.jpg,3,Asimina triloba,No
plant_images/13288.jpg,12,Alliaria petiolata,Yes
plant_images/2114.jpg,15,Packera aurea,No
plant_images/27799.jpg,7,Campsis radicans,No
plant_images/1688.jpg,9,Parthenocissus quinquefolia,No
plant_images/11239.jpg,15,Packera aurea,No
plant_images/8747.jpg,0,Ailanthus altissima,Yes
plant_images/23307.jpg,10,Persicaria perfoliata,Yes
plant_images/13070.jpg,2,Elaeagnus umbellata,Yes
plant_images/24933.jpg,9,Parthenocissus quinquefolia,No
plant_images/7092.jpg,3,Asimina triloba,No
plant_images/9791.jpg,9,Parthenocissus quinquefolia,No
plant_images/8354.jpg,4,Rubus phoenicolasius,Yes
plant_images/24965.jpg,12,Alliaria petiolata,Yes
plant_images/7925.jpg,7,Campsis radicans,No
plant_images/22661.jpg,0,Ailanthus altissima,Yes
plant_images/10071.jpg,9,Parthenocissus quinquefolia,No
plant_images/21619.jpg,3,Asimina triloba,No
plant_images/8282.jpg,9,Parthenocissus quinquefolia,No
plant_images/6393.jpg,4,Rubus phoenicolasius,Yes
plant_images/9143.jpg,6,Lonicera japonica,Yes
plant_images/27857.jpg,1,Rhus copallinum,No
plant_images/9169.jpg,14,Ficaria verna,Yes
plant_images/9632.jpg,9,Parthenocissus quinquefolia,No
plant_images/4365.jpg,13,Geum canadense,No
plant_images/12490.jpg,8,Hedera helix,Yes
plant_images/21626.jpg,6,Lonicera japonica,Yes
plant_images/497.jpg,14,Ficaria verna,Yes
plant_images/13019.jpg,12,Alliaria petiolata,Yes
plant_images/15575.jpg,4,Rubus phoenicolasius,Yes
plant_images/16512.jpg,8,Hedera helix,Yes
plant_images/18283.jpg,14,Ficaria verna,Yes
plant_images/22921.jpg,5,Rubus occidentalis,No
plant_images/17527.jpg,3,Asimina triloba,No
plant_images/21633.jpg,4,Rubus phoenicolasius,Yes
plant_images/23182.jpg,0,Ailanthus altissima,Yes
plant_images/15467.jpg,3,Asimina triloba,No
plant_images/13270.jpg,9,Parthenocissus quinquefolia,No
plant_images/14747.jpg,12,Alliaria petiolata,Yes
plant_images/14423.jpg,7,Campsis radicans,No
plant_images/9662.jpg,9,Parthenocissus quinquefolia,No
plant_images/25220.jpg,2,Elaeagnus umbellata,Yes
plant_images/1518.jpg,14,Ficaria verna,Yes
plant_images/5496.jpg,12,Alliaria petiolata,Yes
plant_images/21447.jpg,6,Lonicera japonica,Yes
plant_images/25995.jpg,9,Parthenocissus quinquefolia,No
plant_images/4856.jpg,1,Rhus copallinum,No
plant_images/613.jpg,7,Campsis radicans,No
plant_images/12514.jpg,3,Asimina triloba,No
plant_images/13520.jpg,0,Ailanthus altissima,Yes
plant_images/3097.jpg,0,Ailanthus altissima,Yes
plant_images/16114.jpg,3,Asimina triloba,No
plant_images/14463.jpg,14,Ficaria verna,Yes
plant_images/660.jpg,9,Parthenocissus quinquefolia,No
plant_images/1690.jpg,12,Alliaria petiolata,Yes
plant_images/8839.jpg,4,Rubus phoenicolasius,Yes
plant_images/8589.jpg,10,Persicaria perfoliata,Yes
plant_images/865.jpg,14,Ficaria verna,Yes
plant_images/18212.jpg,2,Elaeagnus umbellata,Yes
plant_images/23893.jpg,9,Parthenocissus quinquefolia,No
plant_images/15765.jpg,4,Rubus phoenicolasius,Yes
plant_images/20145.jpg,2,Elaeagnus umbellata,Yes
plant_images/19452.jpg,7,Campsis radicans,No
plant_images/9992.jpg,12,Alliaria petiolata,Yes
plant_images/7423.jpg,2,Elaeagnus umbellata,Yes
plant_images/18599.jpg,8,Hedera helix,Yes
plant_images/17799.jpg,8,Hedera helix,Yes
plant_images/10673.jpg,6,Lonicera japonica,Yes
plant_images/21248.jpg,0,Ailanthus altissima,Yes
plant_images/50.jpg,14,Ficaria verna,Yes
plant_images/15936.jpg,14,Ficaria verna,Yes
plant_images/16345.jpg,9,Parthenocissus quinquefolia,No
plant_images/24560.jpg,0,Ailanthus altissima,Yes
plant_images/596.jpg,6,Lonicera japonica,Yes
plant_images/19779.jpg,3,Asimina triloba,No
plant_images/4479.jpg,0,Ailanthus altissima,Yes
plant_images/12884.jpg,14,Ficaria verna,Yes
plant_images/25695.jpg,11,Persicaria sagittata,No
plant_images/13144.jpg,12,Alliaria petiolata,Yes
plant_images/19411.jpg,4,Rubus phoenicolasius,Yes
plant_images/17214.jpg,1,Rhus copallinum,No
plant_images/22112.jpg,9,Parthenocissus quinquefolia,No
plant_images/14258.jpg,4,Rubus phoenicolasius,Yes
plant_images/5566.jpg,14,Ficaria verna,Yes
plant_images/15930.jpg,14,Ficaria verna,Yes
plant_images/5305.jpg,10,Persicaria perfoliata,Yes
plant_images/8587.jpg,12,Alliaria petiolata,Yes
plant_images/15779.jpg,4,Rubus phoenicolasius,Yes
plant_images/26203.jpg,4,Rubus phoenicolasius,Yes
plant_images/71.jpg,6,Lonicera japonica,Yes
plant_images/4437.jpg,8,Hedera helix,Yes
plant_images/9868.jpg,1,Rhus copallinum,No
plant_images/6297.jpg,2,Elaeagnus umbellata,Yes
plant_images/14639.jpg,4,Rubus phoenicolasius,Yes
plant_images/24902.jpg,12,Alliaria petiolata,Yes
plant_images/516.jpg,8,Hedera helix,Yes
plant_images/17356.jpg,4,Rubus phoenicolasius,Yes
plant_images/1024.jpg,12,Alliaria petiolata,Yes
plant_images/26818.jpg,3,Asimina triloba,No
plant_images/13500.jpg,9,Parthenocissus quinquefolia,No
plant_images/23818.jpg,0,Ailanthus altissima,Yes
plant_images/23288.jpg,6,Lonicera japonica,Yes
plant_images/27313.jpg,3,Asimina triloba,No
plant_images/11159.jpg,3,Asimina triloba,No
plant_images/24059.jpg,3,Asimina triloba,No
plant_images/2917.jpg,14,Ficaria verna,Yes
plant_images/1067.jpg,10,Persicaria perfoliata,Yes
plant_images/2703.jpg,8,Hedera helix,Yes
plant_images/7936.jpg,9,Parthenocissus quinquefolia,No
plant_images/16761.jpg,3,Asimina triloba,No
plant_images/16729.jpg,3,Asimina triloba,No
plant_images/26117.jpg,12,Alliaria petiolata,Yes
plant_images/103.jpg,3,Asimina triloba,No
plant_images/4525.jpg,0,Ailanthus altissima,Yes
plant_images/5249.jpg,0,Ailanthus altissima,Yes
plant_images/17464.jpg,10,Persicaria perfoliata,Yes
plant_images/18653.jpg,9,Parthenocissus quinquefolia,No
plant_images/7662.jpg,3,Asimina triloba,No
plant_images/4955.jpg,2,Elaeagnus umbellata,Yes
plant_images/27949.jpg,4,Rubus phoenicolasius,Yes
plant_images/2988.jpg,12,Alliaria petiolata,Yes
plant_images/1313.jpg,4,Rubus phoenicolasius,Yes
plant_images/14879.jpg,9,Parthenocissus quinquefolia,No
plant_images/22905.jpg,1,Rhus copallinum,No
plant_images/8810.jpg,6,Lonicera japonica,Yes
plant_images/2078.jpg,12,Alliaria petiolata,Yes
plant_images/3463.jpg,14,Ficaria verna,Yes
plant_images/19777.jpg,12,Alliaria petiolata,Yes
plant_images/10049.jpg,9,Parthenocissus quinquefolia,No
plant_images/1739.jpg,6,Lonicera japonica,Yes
plant_images/22939.jpg,13,Geum canadense,No
plant_images/24268.jpg,10,Persicaria perfoliata,Yes
plant_images/9866.jpg,4,Rubus phoenicolasius,Yes
plant_images/22400.jpg,10,Persicaria perfoliata,Yes
plant_images/18950.jpg,7,Campsis radicans,No
plant_images/10146.jpg,6,Lonicera japonica,Yes
plant_images/16620.jpg,9,Parthenocissus quinquefolia,No
plant_images/2657.jpg,12,Alliaria petiolata,Yes
plant_images/23130.jpg,2,Elaeagnus umbellata,Yes
plant_images/19754.jpg,0,Ailanthus altissima,Yes
plant_images/9598.jpg,3,Asimina triloba,No
plant_images/3195.jpg,10,Persicaria perfoliata,Yes
plant_images/19415.jpg,3,Asimina triloba,No
plant_images/18015.jpg,14,Ficaria verna,Yes
plant_images/11073.jpg,2,Elaeagnus umbellata,Yes
plant_images/552.jpg,14,Ficaria verna,Yes
plant_images/24566.jpg,11,Persicaria sagittata,No
plant_images/19391.jpg,4,Rubus phoenicolasius,Yes
plant_images/11087.jpg,12,Alliaria petiolata,Yes
plant_images/16507.jpg,6,Lonicera japonica,Yes
plant_images/24955.jpg,6,Lonicera japonica,Yes
plant_images/4217.jpg,7,Campsis radicans,No
plant_images/26318.jpg,7,Campsis radicans,No
plant_images/26466.jpg,3,Asimina triloba,No
plant_images/4425.jpg,5,Rubus occidentalis,No
plant_images/19972.jpg,6,Lonicera japonica,Yes
plant_images/4970.jpg,14,Ficaria verna,Yes
plant_images/25931.jpg,1,Rhus copallinum,No
plant_images/22655.jpg,0,Ailanthus altissima,Yes
plant_images/7415.jpg,10,Persicaria perfoliata,Yes
plant_images/3580.jpg,10,Persicaria perfoliata,Yes
plant_images/25359.jpg,10,Persicaria perfoliata,Yes
plant_images/12441.jpg,3,Asimina triloba,No
plant_images/15412.jpg,9,Parthenocissus quinquefolia,No
plant_images/14305.jpg,4,Rubus phoenicolasius,Yes
plant_images/4364.jpg,3,Asimina triloba,No
plant_images/22473.jpg,10,Persicaria perfoliata,Yes
plant_images/3483.jpg,8,Hedera helix,Yes
plant_images/13388.jpg,15,Packera aurea,No
plant_images/946.jpg,8,Hedera helix,Yes
plant_images/11700.jpg,4,Rubus phoenicolasius,Yes
plant_images/17717.jpg,4,Rubus phoenicolasius,Yes
plant_images/25250.jpg,6,Lonicera japonica,Yes
plant_images/313.jpg,9,Parthenocissus quinquefolia,No
plant_images/25443.jpg,3,Asimina triloba,No
plant_images/27155.jpg,4,Rubus phoenicolasius,Yes
plant_images/14428.jpg,3,Asimina triloba,No
plant_images/23814.jpg,2,Elaeagnus umbellata,Yes
plant_images/16679.jpg,8,Hedera helix,Yes
plant_images/12315.jpg,10,Persicaria perfoliata,Yes
plant_images/10330.jpg,9,Parthenocissus quinquefolia,No
plant_images/11221.jpg,14,Ficaria verna,Yes
plant_images/6033.jpg,14,Ficaria verna,Yes
plant_images/20824.jpg,1,Rhus copallinum,No
plant_images/22431.jpg,6,Lonicera japonica,Yes
plant_images/12865.jpg,12,Alliaria petiolata,Yes
plant_images/14910.jpg,12,Alliaria petiolata,Yes
plant_images/26713.jpg,9,Parthenocissus quinquefolia,No
plant_images/23439.jpg,3,Asimina triloba,No
plant_images/10840.jpg,7,Campsis radicans,No
plant_images/11497.jpg,4,Rubus phoenicolasius,Yes
plant_images/16473.jpg,6,Lonicera japonica,Yes
plant_images/25905.jpg,2,Elaeagnus umbellata,Yes
plant_images/13296.jpg,12,Alliaria petiolata,Yes
plant_images/28288.jpg,7,Campsis radicans,No
plant_images/23917.jpg,12,Alliaria petiolata,Yes
plant_images/17227.jpg,0,Ailanthus altissima,Yes
plant_images/17401.jpg,4,Rubus phoenicolasius,Yes
plant_images/10782.jpg,6,Lonicera japonica,Yes
plant_images/5603.jpg,12,Alliaria petiolata,Yes
plant_images/25025.jpg,14,Ficaria verna,Yes
plant_images/16886.jpg,4,Rubus phoenicolasius,Yes
plant_images/15751.jpg,7,Campsis radicans,No
plant_images/19070.jpg,12,Alliaria petiolata,Yes
plant_images/2957.jpg,6,Lonicera japonica,Yes
plant_images/19005.jpg,3,Asimina triloba,No
plant_images/5527.jpg,6,Lonicera japonica,Yes
plant_images/27717.jpg,3,Asimina triloba,No
plant_images/12704.jpg,14,Ficaria verna,Yes
plant_images/22086.jpg,4,Rubus phoenicolasius,Yes
plant_images/7913.jpg,8,Hedera helix,Yes
plant_images/18658.jpg,8,Hedera helix,Yes
plant_images/11151.jpg,12,Alliaria petiolata,Yes
plant_images/25698.jpg,9,Parthenocissus quinquefolia,No
plant_images/14091.jpg,3,Asimina triloba,No
plant_images/25128.jpg,10,Persicaria perfoliata,Yes
plant_images/13898.jpg,7,Campsis radicans,No
plant_images/26950.jpg,14,Ficaria verna,Yes
plant_images/7330.jpg,14,Ficaria verna,Yes
plant_images/22810.jpg,9,Parthenocissus quinquefolia,No
plant_images/13166.jpg,3,Asimina triloba,No
plant_images/16248.jpg,2,Elaeagnus umbellata,Yes
plant_images/19105.jpg,7,Campsis radicans,No
plant_images/17522.jpg,1,Rhus copallinum,No
plant_images/19242.jpg,6,Lonicera japonica,Yes
plant_images/15625.jpg,10,Persicaria perfoliata,Yes
plant_images/17433.jpg,2,Elaeagnus umbellata,Yes
plant_images/26274.jpg,5,Rubus occidentalis,No
plant_images/11465.jpg,3,Asimina triloba,No
plant_images/15470.jpg,12,Alliaria petiolata,Yes
plant_images/13425.jpg,3,Asimina triloba,No
plant_images/12889.jpg,6,Lonicera japonica,Yes
plant_images/18523.jpg,15,Packera aurea,No
plant_images/11305.jpg,15,Packera aurea,No
plant_images/14209.jpg,10,Persicaria perfoliata,Yes
plant_images/15408.jpg,4,Rubus phoenicolasius,Yes
plant_images/4503.jpg,3,Asimina triloba,No
plant_images/7288.jpg,0,Ailanthus altissima,Yes
plant_images/11326.jpg,8,Hedera helix,Yes
plant_images/17883.jpg,4,Rubus phoenicolasius,Yes
plant_images/13474.jpg,9,Parthenocissus quinquefolia,No
plant_images/27321.jpg,3,Asimina triloba,No
plant_images/21638.jpg,4,Rubus phoenicolasius,Yes
plant_images/19231.jpg,10,Persicaria perfoliata,Yes
plant_images/16847.jpg,4,Rubus phoenicolasius,Yes
plant_images/21998.jpg,14,Ficaria verna,Yes
plant_images/1890.jpg,7,Campsis radicans,No
plant_images/23347.jpg,3,Asimina triloba,No
plant_images/17063.jpg,7,Campsis radicans,No
plant_images/9775.jpg,9,Parthenocissus quinquefolia,No
plant_images/5864.jpg,14,Ficaria verna,Yes
plant_images/24858.jpg,12,Alliaria petiolata,Yes
plant_images/14820.jpg,9,Parthenocissus quinquefolia,No
plant_images/5718.jpg,9,Parthenocissus quinquefolia,No
plant_images/6708.jpg,4,Rubus phoenicolasius,Yes
plant_images/19458.jpg,9,Parthenocissus quinquefolia,No
plant_images/26299.jpg,6,Lonicera japonica,Yes
plant_images/25035.jpg,12,Alliaria petiolata,Yes
plant_images/6689.jpg,14,Ficaria verna,Yes
plant_images/14093.jpg,3,Asimina triloba,No
plant_images/10173.jpg,13,Geum canadense,No
plant_images/20612.jpg,3,Asimina triloba,No
plant_images/12129.jpg,0,Ailanthus altissima,Yes
plant_images/22832.jpg,10,Persicaria perfoliata,Yes
plant_images/25651.jpg,9,Parthenocissus quinquefolia,No
plant_images/3007.jpg,9,Parthenocissus quinquefolia,No
plant_images/5906.jpg,9,Parthenocissus quinquefolia,No
plant_images/21175.jpg,7,Campsis radicans,No
plant_images/23624.jpg,4,Rubus phoenicolasius,Yes
plant_images/9829.jpg,2,Elaeagnus umbellata,Yes
plant_images/9979.jpg,12,Alliaria petiolata,Yes
plant_images/25552.jpg,2,Elaeagnus umbellata,Yes
plant_images/18097.jpg,6,Lonicera japonica,Yes
plant_images/2690.jpg,10,Persicaria perfoliata,Yes
plant_images/26633.jpg,12,Alliaria petiolata,Yes
plant_images/9108.jpg,14,Ficaria verna,Yes
plant_images/7837.jpg,12,Alliaria petiolata,Yes
plant_images/10619.jpg,3,Asimina triloba,No
plant_images/23417.jpg,1,Rhus copallinum,No
plant_images/2317.jpg,7,Campsis radicans,No
plant_images/20043.jpg,2,Elaeagnus umbellata,Yes
plant_images/6046.jpg,3,Asimina triloba,No
plant_images/11118.jpg,12,Alliaria petiolata,Yes
plant_images/1274.jpg,12,Alliaria petiolata,Yes
plant_images/4779.jpg,14,Ficaria verna,Yes
plant_images/8958.jpg,6,Lonicera japonica,Yes
plant_images/11612.jpg,9,Parthenocissus quinquefolia,No
plant_images/26842.jpg,7,Campsis radicans,No
plant_images/7929.jpg,3,Asimina triloba,No
plant_images/19833.jpg,12,Alliaria petiolata,Yes
plant_images/8128.jpg,4,Rubus phoenicolasius,Yes
plant_images/15400.jpg,3,Asimina triloba,No
plant_images/22727.jpg,14,Ficaria verna,Yes
plant_images/20177.jpg,13,Geum canadense,No
plant_images/18492.jpg,5,Rubus occidentalis,No
plant_images/12278.jpg,10,Persicaria perfoliata,Yes
plant_images/12088.jpg,0,Ailanthus altissima,Yes
plant_images/21575.jpg,12,Alliaria petiolata,Yes
plant_images/24711.jpg,2,Elaeagnus umbellata,Yes
plant_images/17796.jpg,0,Ailanthus altissima,Yes
plant_images/7038.jpg,12,Alliaria petiolata,Yes
plant_images/22426.jpg,9,Parthenocissus quinquefolia,No
plant_images/19008.jpg,6,Lonicera japonica,Yes
plant_images/1586.jpg,14,Ficaria verna,Yes
plant_images/9931.jpg,3,Asimina triloba,No
plant_images/12273.jpg,8,Hedera helix,Yes
plant_images/5261.jpg,9,Parthenocissus quinquefolia,No
plant_images/23954.jpg,3,Asimina triloba,No
plant_images/6669.jpg,12,Alliaria petiolata,Yes
plant_images/2021.jpg,12,Alliaria petiolata,Yes
plant_images/14551.jpg,14,Ficaria verna,Yes
plant_images/3635.jpg,10,Persicaria perfoliata,Yes
plant_images/18144.jpg,3,Asimina triloba,No
plant_images/15193.jpg,7,Campsis radicans,No
plant_images/15189.jpg,12,Alliaria petiolata,Yes
plant_images/24038.jpg,0,Ailanthus altissima,Yes
plant_images/22259.jpg,9,Parthenocissus quinquefolia,No
plant_images/27288.jpg,0,Ailanthus altissima,Yes
plant_images/24390.jpg,6,Lonicera japonica,Yes
plant_images/14659.jpg,12,Alliaria petiolata,Yes
plant_images/19085.jpg,6,Lonicera japonica,Yes
plant_images/7880.jpg,13,Geum canadense,No
plant_images/20297.jpg,5,Rubus occidentalis,No
plant_images/202.jpg,12,Alliaria petiolata,Yes
plant_images/3589.jpg,9,Parthenocissus quinquefolia,No
plant_images/27419.jpg,6,Lonicera japonica,Yes
plant_images/24219.jpg,12,Alliaria petiolata,Yes
plant_images/3933.jpg,10,Persicaria perfoliata,Yes
plant_images/6952.jpg,8,Hedera helix,Yes
plant_images/13862.jpg,7,Campsis radicans,No
plant_images/9156.jpg,14,Ficaria verna,Yes
plant_images/21094.jpg,4,Rubus phoenicolasius,Yes
plant_images/12424.jpg,3,Asimina triloba,No
plant_images/25474.jpg,6,Lonicera japonica,Yes
plant_images/8928.jpg,14,Ficaria verna,Yes
plant_images/13011.jpg,12,Alliaria petiolata,Yes
plant_images/1900.jpg,13,Geum canadense,No
plant_images/19728.jpg,3,Asimina triloba,No
plant_images/26428.jpg,2,Elaeagnus umbellata,Yes
plant_images/27845.jpg,6,Lonicera japonica,Yes
plant_images/1141.jpg,15,Packera aurea,No
plant_images/27718.jpg,3,Asimina triloba,No
plant_images/17259.jpg,11,Persicaria sagittata,No
plant_images/9193.jpg,14,Ficaria verna,Yes
plant_images/15666.jpg,12,Alliaria petiolata,Yes
plant_images/25498.jpg,6,Lonicera japonica,Yes
plant_images/274.jpg,4,Rubus phoenicolasius,Yes
plant_images/20994.jpg,14,Ficaria verna,Yes
plant_images/21298.jpg,2,Elaeagnus umbellata,Yes
plant_images/508.jpg,15,Packera aurea,No
plant_images/11706.jpg,0,Ailanthus altissima,Yes
plant_images/14333.jpg,13,Geum canadense,No
plant_images/23858.jpg,4,Rubus phoenicolasius,Yes
plant_images/17961.jpg,8,Hedera helix,Yes
plant_images/11685.jpg,10,Persicaria perfoliata,Yes
plant_images/1256.jpg,10,Persicaria perfoliata,Yes
plant_images/25069.jpg,9,Parthenocissus quinquefolia,No
plant_images/9334.jpg,9,Parthenocissus quinquefolia,No
plant_images/23187.jpg,2,Elaeagnus umbellata,Yes
plant_images/6906.jpg,6,Lonicera japonica,Yes
plant_images/21059.jpg,9,Parthenocissus quinquefolia,No
plant_images/27652.jpg,3,Asimina triloba,No
plant_images/463.jpg,5,Rubus occidentalis,No
plant_images/7497.jpg,6,Lonicera japonica,Yes
plant_images/22708.jpg,12,Alliaria petiolata,Yes
plant_images/2102.jpg,9,Parthenocissus quinquefolia,No
plant_images/21485.jpg,10,Persicaria perfoliata,Yes
plant_images/11866.jpg,4,Rubus phoenicolasius,Yes
plant_images/25652.jpg,7,Campsis radicans,No
plant_images/15585.jpg,0,Ailanthus altissima,Yes
plant_images/26738.jpg,7,Campsis radicans,No
plant_images/19247.jpg,7,Campsis radicans,No
plant_images/24648.jpg,12,Alliaria petiolata,Yes
plant_images/21003.jpg,12,Alliaria petiolata,Yes
plant_images/22868.jpg,6,Lonicera japonica,Yes
plant_images/18574.jpg,15,Packera aurea,No
plant_images/1520.jpg,12,Alliaria petiolata,Yes
plant_images/1704.jpg,9,Parthenocissus quinquefolia,No
plant_images/23023.jpg,3,Asimina triloba,No
plant_images/24085.jpg,1,Rhus copallinum,No
plant_images/20802.jpg,1,Rhus copallinum,No
plant_images/4346.jpg,6,Lonicera japonica,Yes
plant_images/5782.jpg,15,Packera aurea,No
plant_images/23231.jpg,3,Asimina triloba,No
plant_images/18544.jpg,6,Lonicera japonica,Yes
plant_images/6797.jpg,14,Ficaria verna,Yes
plant_images/24614.jpg,2,Elaeagnus umbellata,Yes
plant_images/6022.jpg,2,Elaeagnus umbellata,Yes
plant_images/27725.jpg,12,Alliaria petiolata,Yes
plant_images/26525.jpg,12,Alliaria petiolata,Yes
plant_images/8650.jpg,6,Lonicera japonica,Yes
plant_images/4017.jpg,14,Ficaria verna,Yes
plant_images/5233.jpg,9,Parthenocissus quinquefolia,No
plant_images/22607.jpg,14,Ficaria verna,Yes
plant_images/15612.jpg,10,Persicaria perfoliata,Yes
plant_images/20456.jpg,3,Asimina triloba,No
plant_images/21807.jpg,9,Parthenocissus quinquefolia,No
plant_images/18880.jpg,10,Persicaria perfoliata,Yes
plant_images/14836.jpg,12,Alliaria petiolata,Yes
plant_images/6435.jpg,11,Persicaria sagittata,No
plant_images/23348.jpg,4,Rubus phoenicolasius,Yes
plant_images/11894.jpg,7,Campsis radicans,No
plant_images/10963.jpg,12,Alliaria petiolata,Yes
plant_images/5230.jpg,3,Asimina triloba,No
plant_images/9444.jpg,12,Alliaria petiolata,Yes
plant_images/4886.jpg,9,Parthenocissus quinquefolia,No
plant_images/17737.jpg,1,Rhus copallinum,No
plant_images/6485.jpg,11,Persicaria sagittata,No
plant_images/16246.jpg,8,Hedera helix,Yes
plant_images/9862.jpg,15,Packera aurea,No
plant_images/28186.jpg,3,Asimina triloba,No
plant_images/9851.jpg,12,Alliaria petiolata,Yes
plant_images/10305.jpg,4,Rubus phoenicolasius,Yes
plant_images/7015.jpg,12,Alliaria petiolata,Yes
plant_images/771.jpg,9,Parthenocissus quinquefolia,No
plant_images/26567.jpg,3,Asimina triloba,No
plant_images/26714.jpg,1,Rhus copallinum,No
plant_images/27666.jpg,2,Elaeagnus umbellata,Yes
plant_images/20027.jpg,12,Alliaria petiolata,Yes
plant_images/97.jpg,7,Campsis radicans,No
plant_images/8362.jpg,1,Rhus copallinum,No
plant_images/3163.jpg,15,Packera aurea,No
plant_images/17989.jpg,14,Ficaria verna,Yes
plant_images/12729.jpg,14,Ficaria verna,Yes
plant_images/3165.jpg,4,Rubus phoenicolasius,Yes
plant_images/15768.jpg,8,Hedera helix,Yes
plant_images/11570.jpg,11,Persicaria sagittata,No
plant_images/900.jpg,4,Rubus phoenicolasius,Yes
plant_images/9738.jpg,8,Hedera helix,Yes
plant_images/7710.jpg,14,Ficaria verna,Yes
plant_images/25009.jpg,6,Lonicera japonica,Yes
plant_images/4567.jpg,0,Ailanthus altissima,Yes
plant_images/2569.jpg,3,Asimina triloba,No
plant_images/15872.jpg,4,Rubus phoenicolasius,Yes
plant_images/4417.jpg,6,Lonicera japonica,Yes
plant_images/8070.jpg,13,Geum canadense,No
plant_images/20423.jpg,1,Rhus copallinum,No
plant_images/26281.jpg,9,Parthenocissus quinquefolia,No
plant_images/14015.jpg,1,Rhus copallinum,No
plant_images/21136.jpg,9,Parthenocissus quinquefolia,No
plant_images/19643.jpg,6,Lonicera japonica,Yes
plant_images/5953.jpg,15,Packera aurea,No
plant_images/5441.jpg,6,Lonicera japonica,Yes
plant_images/22922.jpg,5,Rubus occidentalis,No
plant_images/19244.jpg,4,Rubus phoenicolasius,Yes
plant_images/19971.jpg,4,Rubus phoenicolasius,Yes
plant_images/18041.jpg,14,Ficaria verna,Yes
plant_images/13846.jpg,4,Rubus phoenicolasius,Yes
plant_images/1059.jpg,15,Packera aurea,No
plant_images/6228.jpg,11,Persicaria sagittata,No
plant_images/23043.jpg,7,Campsis radicans,No
plant_images/12825.jpg,12,Alliaria petiolata,Yes
plant_images/18628.jpg,14,Ficaria verna,Yes
plant_images/13329.jpg,14,Ficaria verna,Yes
plant_images/4375.jpg,6,Lonicera japonica,Yes
plant_images/22217.jpg,0,Ailanthus altissima,Yes
plant_images/25433.jpg,3,Asimina triloba,No
plant_images/24720.jpg,12,Alliaria petiolata,Yes
plant_images/7147.jpg,3,Asimina triloba,No
plant_images/25925.jpg,1,Rhus copallinum,No
plant_images/20271.jpg,6,Lonicera japonica,Yes
plant_images/23224.jpg,11,Persicaria sagittata,No
plant_images/14751.jpg,12,Alliaria petiolata,Yes
plant_images/28286.jpg,1,Rhus copallinum,No
plant_images/6822.jpg,12,Alliaria petiolata,Yes
plant_images/13669.jpg,0,Ailanthus altissima,Yes
plant_images/22706.jpg,4,Rubus phoenicolasius,Yes
plant_images/4396.jpg,14,Ficaria verna,Yes
plant_images/12440.jpg,1,Rhus copallinum,No
plant_images/12225.jpg,10,Persicaria perfoliata,Yes
plant_images/4357.jpg,4,Rubus phoenicolasius,Yes
plant_images/28235.jpg,2,Elaeagnus umbellata,Yes
plant_images/19290.jpg,7,Campsis radicans,No
plant_images/16111.jpg,12,Alliaria petiolata,Yes
plant_images/8529.jpg,0,Ailanthus altissima,Yes
plant_images/13807.jpg,1,Rhus copallinum,No
plant_images/2600.jpg,0,Ailanthus altissima,Yes
plant_images/2652.jpg,0,Ailanthus altissima,Yes
plant_images/27211.jpg,7,Campsis radicans,No
plant_images/26293.jpg,7,Campsis radicans,No
plant_images/25186.jpg,0,Ailanthus altissima,Yes
plant_images/25017.jpg,2,Elaeagnus umbellata,Yes
plant_images/21681.jpg,9,Parthenocissus quinquefolia,No
plant_images/13028.jpg,14,Ficaria verna,Yes
plant_images/14906.jpg,9,Parthenocissus quinquefolia,No
plant_images/6125.jpg,7,Campsis radicans,No
plant_images/17039.jpg,6,Lonicera japonica,Yes
plant_images/14284.jpg,3,Asimina triloba,No
plant_images/28006.jpg,8,Hedera helix,Yes
plant_images/13281.jpg,1,Rhus copallinum,No
plant_images/2298.jpg,6,Lonicera japonica,Yes
plant_images/11807.jpg,9,Parthenocissus quinquefolia,No
plant_images/21242.jpg,3,Asimina triloba,No
plant_images/19243.jpg,4,Rubus phoenicolasius,Yes
plant_images/14650.jpg,12,Alliaria petiolata,Yes
plant_images/17087.jpg,3,Asimina triloba,No
plant_images/24156.jpg,12,Alliaria petiolata,Yes
plant_images/10948.jpg,14,Ficaria verna,Yes
plant_images/21599.jpg,2,Elaeagnus umbellata,Yes
plant_images/8912.jpg,3,Asimina triloba,No
plant_images/28314.jpg,1,Rhus copallinum,No
plant_images/12911.jpg,3,Asimina triloba,No
plant_images/5702.jpg,2,Elaeagnus umbellata,Yes
plant_images/8162.jpg,13,Geum canadense,No
plant_images/10401.jpg,3,Asimina triloba,No
plant_images/20734.jpg,0,Ailanthus altissima,Yes
plant_images/27763.jpg,4,Rubus phoenicolasius,Yes
plant_images/10400.jpg,8,Hedera helix,Yes
plant_images/27240.jpg,7,Campsis radicans,No
plant_images/17380.jpg,10,Persicaria perfoliata,Yes
plant_images/13117.jpg,9,Parthenocissus quinquefolia,No
plant_images/25234.jpg,7,Campsis radicans,No
plant_images/1430.jpg,3,Asimina triloba,No
plant_images/15691.jpg,11,Persicaria sagittata,No
plant_images/25484.jpg,6,Lonicera japonica,Yes
plant_images/20304.jpg,12,Alliaria petiolata,Yes
plant_images/13650.jpg,0,Ailanthus altissima,Yes
plant_images/2908.jpg,14,Ficaria verna,Yes
plant_images/17033.jpg,13,Geum canadense,No
plant_images/25983.jpg,6,Lonicera japonica,Yes
plant_images/11394.jpg,9,Parthenocissus quinquefolia,No
plant_images/25687.jpg,9,Parthenocissus quinquefolia,No
plant_images/22762.jpg,4,Rubus phoenicolasius,Yes
plant_images/3092.jpg,13,Geum canadense,No
plant_images/23833.jpg,9,Parthenocissus quinquefolia,No
plant_images/14436.jpg,11,Persicaria sagittata,No
plant_images/19723.jpg,0,Ailanthus altissima,Yes
plant_images/8790.jpg,3,Asimina triloba,No
plant_images/17724.jpg,10,Persicaria perfoliata,Yes
plant_images/6158.jpg,6,Lonicera japonica,Yes
plant_images/25182.jpg,13,Geum canadense,No
plant_images/6302.jpg,5,Rubus occidentalis,No
plant_images/27953.jpg,2,Elaeagnus umbellata,Yes
plant_images/601.jpg,4,Rubus phoenicolasius,Yes
plant_images/16354.jpg,9,Parthenocissus quinquefolia,No
plant_images/24320.jpg,6,Lonicera japonica,Yes
plant_images/9677.jpg,2,Elaeagnus umbellata,Yes
plant_images/20775.jpg,10,Persicaria perfoliata,Yes
plant_images/10381.jpg,13,Geum canadense,No
plant_images/20250.jpg,6,Lonicera japonica,Yes
plant_images/2913.jpg,10,Persicaria perfoliata,Yes
plant_images/9468.jpg,12,Alliaria petiolata,Yes
plant_images/26130.jpg,3,Asimina triloba,No
plant_images/3282.jpg,9,Parthenocissus quinquefolia,No
plant_images/12910.jpg,3,Asimina triloba,No
plant_images/1673.jpg,2,Elaeagnus umbellata,Yes
plant_images/11472.jpg,15,Packera aurea,No
plant_images/25541.jpg,2,Elaeagnus umbellata,Yes
plant_images/26557.jpg,3,Asimina triloba,No
plant_images/6813.jpg,14,Ficaria verna,Yes
plant_images/27446.jpg,6,Lonicera japonica,Yes
plant_images/9131.jpg,8,Hedera helix,Yes
plant_images/5342.jpg,0,Ailanthus altissima,Yes
plant_images/14493.jpg,14,Ficaria verna,Yes
plant_images/22030.jpg,12,Alliaria petiolata,Yes
plant_images/17743.jpg,6,Lonicera japonica,Yes
plant_images/16271.jpg,8,Hedera helix,Yes
plant_images/7928.jpg,9,Parthenocissus quinquefolia,No
plant_images/26769.jpg,3,Asimina triloba,No
plant_images/18622.jpg,9,Parthenocissus quinquefolia,No
plant_images/12087.jpg,0,Ailanthus altissima,Yes
plant_images/25720.jpg,0,Ailanthus altissima,Yes
plant_images/25403.jpg,10,Persicaria perfoliata,Yes
plant_images/2122.jpg,9,Parthenocissus quinquefolia,No
plant_images/22916.jpg,12,Alliaria petiolata,Yes
plant_images/9789.jpg,6,Lonicera japonica,Yes
plant_images/11680.jpg,3,Asimina triloba,No
plant_images/22860.jpg,3,Asimina triloba,No
plant_images/17514.jpg,6,Lonicera japonica,Yes
plant_images/9355.jpg,12,Alliaria petiolata,Yes
plant_images/18639.jpg,14,Ficaria verna,Yes
plant_images/23756.jpg,2,Elaeagnus umbellata,Yes
plant_images/13538.jpg,9,Parthenocissus quinquefolia,No
plant_images/27721.jpg,4,Rubus phoenicolasius,Yes
plant_images/9681.jpg,4,Rubus phoenicolasius,Yes
plant_images/5641.jpg,12,Alliaria petiolata,Yes
plant_images/23548.jpg,3,Asimina triloba,No
plant_images/24848.jpg,2,Elaeagnus umbellata,Yes
plant_images/14022.jpg,9,Parthenocissus quinquefolia,No
plant_images/21231.jpg,2,Elaeagnus umbellata,Yes
plant_images/10169.jpg,9,Parthenocissus quinquefolia,No
plant_images/4887.jpg,1,Rhus copallinum,No
plant_images/11574.jpg,2,Elaeagnus umbellata,Yes
plant_images/27678.jpg,3,Asimina triloba,No
plant_images/11447.jpg,8,Hedera helix,Yes
plant_images/5016.jpg,12,Alliaria petiolata,Yes
plant_images/7281.jpg,4,Rubus phoenicolasius,Yes
plant_images/26369.jpg,2,Elaeagnus umbellata,Yes
plant_images/11271.jpg,14,Ficaria verna,Yes
plant_images/22256.jpg,0,Ailanthus altissima,Yes
plant_images/7811.jpg,6,Lonicera japonica,Yes
plant_images/16995.jpg,12,Alliaria petiolata,Yes
plant_images/15169.jpg,9,Parthenocissus quinquefolia,No
plant_images/11908.jpg,1,Rhus copallinum,No
plant_images/26541.jpg,2,Elaeagnus umbellata,Yes
plant_images/25288.jpg,13,Geum canadense,No
plant_images/2488.jpg,14,Ficaria verna,Yes
plant_images/10371.jpg,9,Parthenocissus quinquefolia,No
plant_images/8454.jpg,3,Asimina triloba,No
plant_images/26421.jpg,2,Elaeagnus umbellata,Yes
plant_images/21541.jpg,12,Alliaria petiolata,Yes
plant_images/10974.jpg,14,Ficaria verna,Yes
plant_images/25608.jpg,3,Asimina triloba,No
plant_images/8950.jpg,8,Hedera helix,Yes
plant_images/26366.jpg,1,Rhus copallinum,No
plant_images/14802.jpg,4,Rubus phoenicolasius,Yes
plant_images/23871.jpg,4,Rubus phoenicolasius,Yes
plant_images/16970.jpg,8,Hedera helix,Yes
plant_images/17136.jpg,1,Rhus copallinum,No
plant_images/23139.jpg,2,Elaeagnus umbellata,Yes
plant_images/26457.jpg,6,Lonicera japonica,Yes
plant_images/16615.jpg,14,Ficaria verna,Yes
plant_images/17892.jpg,14,Ficaria verna,Yes
plant_images/25514.jpg,12,Alliaria petiolata,Yes
plant_images/958.jpg,0,Ailanthus altissima,Yes
plant_images/27162.jpg,9,Parthenocissus quinquefolia,No
plant_images/26204.jpg,12,Alliaria petiolata,Yes
plant_images/5017.jpg,3,Asimina triloba,No
plant_images/3792.jpg,6,Lonicera japonica,Yes
plant_images/21971.jpg,6,Lonicera japonica,Yes
plant_images/2990.jpg,3,Asimina triloba,No
plant_images/3829.jpg,10,Persicaria perfoliata,Yes
plant_images/10301.jpg,7,Campsis radicans,No
plant_images/13492.jpg,1,Rhus copallinum,No
plant_images/22078.jpg,2,Elaeagnus umbellata,Yes
plant_images/15375.jpg,0,Ailanthus altissima,Yes
plant_images/6758.jpg,14,Ficaria verna,Yes
plant_images/13153.jpg,12,Alliaria petiolata,Yes
plant_images/20799.jpg,13,Geum canadense,No
plant_images/8799.jpg,4,Rubus phoenicolasius,Yes
plant_images/22192.jpg,5,Rubus occidentalis,No
plant_images/17145.jpg,0,Ailanthus altissima,Yes
plant_images/9137.jpg,14,Ficaria verna,Yes
plant_images/12545.jpg,12,Alliaria petiolata,Yes
plant_images/21278.jpg,10,Persicaria perfoliata,Yes
plant_images/2382.jpg,14,Ficaria verna,Yes
plant_images/26316.jpg,8,Hedera helix,Yes
plant_images/22126.jpg,12,Alliaria petiolata,Yes
plant_images/11951.jpg,0,Ailanthus altissima,Yes
plant_images/9384.jpg,14,Ficaria verna,Yes
plant_images/2281.jpg,7,Campsis radicans,No
plant_images/19169.jpg,4,Rubus phoenicolasius,Yes
plant_images/11620.jpg,9,Parthenocissus quinquefolia,No
plant_images/10971.jpg,6,Lonicera japonica,Yes
plant_images/20542.jpg,14,Ficaria verna,Yes
plant_images/21720.jpg,0,Ailanthus altissima,Yes
plant_images/18428.jpg,12,Alliaria petiolata,Yes
plant_images/10578.jpg,11,Persicaria sagittata,No
plant_images/10009.jpg,8,Hedera helix,Yes
plant_images/5866.jpg,9,Parthenocissus quinquefolia,No
plant_images/11859.jpg,0,Ailanthus altissima,Yes
plant_images/8815.jpg,12,Alliaria petiolata,Yes
plant_images/27574.jpg,2,Elaeagnus umbellata,Yes
plant_images/12554.jpg,14,Ficaria verna,Yes
plant_images/11063.jpg,14,Ficaria verna,Yes
plant_images/8731.jpg,13,Geum canadense,No
plant_images/15819.jpg,6,Lonicera japonica,Yes
plant_images/8875.jpg,12,Alliaria petiolata,Yes
plant_images/27272.jpg,4,Rubus phoenicolasius,Yes
plant_images/17386.jpg,3,Asimina triloba,No
plant_images/16046.jpg,12,Alliaria petiolata,Yes
plant_images/1777.jpg,10,Persicaria perfoliata,Yes
plant_images/8065.jpg,13,Geum canadense,No
plant_images/24363.jpg,9,Parthenocissus quinquefolia,No
plant_images/15257.jpg,2,Elaeagnus umbellata,Yes
plant_images/24301.jpg,3,Asimina triloba,No
plant_images/1312.jpg,4,Rubus phoenicolasius,Yes
plant_images/14897.jpg,12,Alliaria petiolata,Yes
plant_images/24454.jpg,5,Rubus occidentalis,No
plant_images/26252.jpg,9,Parthenocissus quinquefolia,No
plant_images/24818.jpg,12,Alliaria petiolata,Yes
plant_images/6149.jpg,9,Parthenocissus quinquefolia,No
plant_images/3718.jpg,15,Packera aurea,No
plant_images/23386.jpg,3,Asimina triloba,No
plant_images/27443.jpg,8,Hedera helix,Yes
plant_images/4939.jpg,14,Ficaria verna,Yes
plant_images/2889.jpg,14,Ficaria verna,Yes
plant_images/11332.jpg,8,Hedera helix,Yes
plant_images/23008.jpg,9,Parthenocissus quinquefolia,No
plant_images/7841.jpg,6,Lonicera japonica,Yes
plant_images/4090.jpg,14,Ficaria verna,Yes
plant_images/9606.jpg,2,Elaeagnus umbellata,Yes
plant_images/20336.jpg,13,Geum canadense,No
plant_images/15676.jpg,3,Asimina triloba,No
plant_images/13606.jpg,4,Rubus phoenicolasius,Yes
plant_images/24652.jpg,12,Alliaria petiolata,Yes
plant_images/19713.jpg,4,Rubus phoenicolasius,Yes
plant_images/25110.jpg,1,Rhus copallinum,No
plant_images/5257.jpg,7,Campsis radicans,No
plant_images/12597.jpg,12,Alliaria petiolata,Yes
plant_images/22991.jpg,10,Persicaria perfoliata,Yes
plant_images/8351.jpg,1,Rhus copallinum,No
plant_images/8023.jpg,7,Campsis radicans,No
plant_images/9918.jpg,5,Rubus occidentalis,No
plant_images/15156.jpg,9,Parthenocissus quinquefolia,No
plant_images/4303.jpg,0,Ailanthus altissima,Yes
plant_images/7431.jpg,14,Ficaria verna,Yes
plant_images/19785.jpg,0,Ailanthus altissima,Yes
plant_images/7637.jpg,0,Ailanthus altissima,Yes
plant_images/5858.jpg,12,Alliaria petiolata,Yes
plant_images/10463.jpg,1,Rhus copallinum,No
plant_images/14613.jpg,6,Lonicera japonica,Yes
plant_images/7771.jpg,4,Rubus phoenicolasius,Yes
plant_images/10797.jpg,15,Packera aurea,No
plant_images/18491.jpg,3,Asimina triloba,No
plant_images/7086.jpg,12,Alliaria petiolata,Yes
plant_images/11530.jpg,12,Alliaria petiolata,Yes
plant_images/8821.jpg,2,Elaeagnus umbellata,Yes
plant_images/7410.jpg,9,Parthenocissus quinquefolia,No
plant_images/5419.jpg,10,Persicaria perfoliata,Yes
plant_images/817.jpg,12,Alliaria petiolata,Yes
plant_images/3451.jpg,14,Ficaria verna,Yes
plant_images/3555.jpg,4,Rubus phoenicolasius,Yes
plant_images/14475.jpg,14,Ficaria verna,Yes
plant_images/11626.jpg,2,Elaeagnus umbellata,Yes
plant_images/26008.jpg,6,Lonicera japonica,Yes
plant_images/3588.jpg,14,Ficaria verna,Yes
plant_images/24596.jpg,8,Hedera helix,Yes
plant_images/19044.jpg,6,Lonicera japonica,Yes
plant_images/4416.jpg,12,Alliaria petiolata,Yes
plant_images/17688.jpg,3,Asimina triloba,No
plant_images/19609.jpg,10,Persicaria perfoliata,Yes
plant_images/399.jpg,3,Asimina triloba,No
plant_images/6153.jpg,9,Parthenocissus quinquefolia,No
plant_images/18743.jpg,6,Lonicera japonica,Yes
plant_images/16653.jpg,9,Parthenocissus quinquefolia,No
plant_images/22527.jpg,6,Lonicera japonica,Yes
plant_images/26424.jpg,6,Lonicera japonica,Yes
plant_images/7862.jpg,9,Parthenocissus quinquefolia,No
plant_images/21006.jpg,12,Alliaria petiolata,Yes
plant_images/7943.jpg,8,Hedera helix,Yes
plant_images/7781.jpg,10,Persicaria perfoliata,Yes
plant_images/7177.jpg,4,Rubus phoenicolasius,Yes
plant_images/184.jpg,14,Ficaria verna,Yes
plant_images/17004.jpg,8,Hedera helix,Yes
plant_images/6956.jpg,12,Alliaria petiolata,Yes
plant_images/6897.jpg,6,Lonicera japonica,Yes
plant_images/9256.jpg,12,Alliaria petiolata,Yes
plant_images/19782.jpg,0,Ailanthus altissima,Yes
plant_images/4724.jpg,9,Parthenocissus quinquefolia,No
plant_images/16109.jpg,3,Asimina triloba,No
plant_images/8686.jpg,9,Parthenocissus quinquefolia,No
plant_images/9051.jpg,14,Ficaria verna,Yes
plant_images/26089.jpg,2,Elaeagnus umbellata,Yes
plant_images/10803.jpg,6,Lonicera japonica,Yes
plant_images/3957.jpg,4,Rubus phoenicolasius,Yes
plant_images/16320.jpg,3,Asimina triloba,No
plant_images/24561.jpg,7,Campsis radicans,No
plant_images/16176.jpg,14,Ficaria verna,Yes
plant_images/26544.jpg,3,Asimina triloba,No
plant_images/6516.jpg,3,Asimina triloba,No
plant_images/27539.jpg,3,Asimina triloba,No
plant_images/9060.jpg,14,Ficaria verna,Yes
plant_images/27412.jpg,9,Parthenocissus quinquefolia,No
plant_images/13824.jpg,13,Geum canadense,No
plant_images/13960.jpg,0,Ailanthus altissima,Yes
plant_images/4226.jpg,12,Alliaria petiolata,Yes
plant_images/22533.jpg,6,Lonicera japonica,Yes
plant_images/19579.jpg,2,Elaeagnus umbellata,Yes
plant_images/27894.jpg,2,Elaeagnus umbellata,Yes
plant_images/11532.jpg,5,Rubus occidentalis,No
plant_images/13261.jpg,4,Rubus phoenicolasius,Yes
plant_images/3992.jpg,13,Geum canadense,No
plant_images/28082.jpg,12,Alliaria petiolata,Yes
plant_images/25860.jpg,8,Hedera helix,Yes
plant_images/22554.jpg,3,Asimina triloba,No
plant_images/887.jpg,8,Hedera helix,Yes
plant_images/2498.jpg,12,Alliaria petiolata,Yes
plant_images/9094.jpg,12,Alliaria petiolata,Yes
plant_images/5457.jpg,6,Lonicera japonica,Yes
plant_images/22240.jpg,4,Rubus phoenicolasius,Yes
plant_images/22775.jpg,4,Rubus phoenicolasius,Yes
plant_images/25300.jpg,1,Rhus copallinum,No
plant_images/7143.jpg,12,Alliaria petiolata,Yes
plant_images/19872.jpg,12,Alliaria petiolata,Yes
plant_images/21953.jpg,8,Hedera helix,Yes
plant_images/15918.jpg,14,Ficaria verna,Yes
plant_images/16194.jpg,8,Hedera helix,Yes
plant_images/18983.jpg,9,Parthenocissus quinquefolia,No
plant_images/25504.jpg,12,Alliaria petiolata,Yes
plant_images/23316.jpg,4,Rubus phoenicolasius,Yes
plant_images/2043.jpg,14,Ficaria verna,Yes
plant_images/25382.jpg,7,Campsis radicans,No
plant_images/10132.jpg,6,Lonicera japonica,Yes
plant_images/16421.jpg,15,Packera aurea,No
plant_images/18373.jpg,9,Parthenocissus quinquefolia,No
plant_images/20321.jpg,4,Rubus phoenicolasius,Yes
plant_images/1235.jpg,7,Campsis radicans,No
plant_images/5524.jpg,14,Ficaria verna,Yes
plant_images/18745.jpg,3,Asimina triloba,No
plant_images/16939.jpg,9,Parthenocissus quinquefolia,No
plant_images/22740.jpg,2,Elaeagnus umbellata,Yes
plant_images/15135.jpg,2,Elaeagnus umbellata,Yes
plant_images/2144.jpg,9,Parthenocissus quinquefolia,No
plant_images/24554.jpg,6,Lonicera japonica,Yes
plant_images/27748.jpg,0,Ailanthus altissima,Yes
plant_images/2258.jpg,9,Parthenocissus quinquefolia,No
plant_images/5613.jpg,12,Alliaria petiolata,Yes
plant_images/21361.jpg,6,Lonicera japonica,Yes
plant_images/23391.jpg,3,Asimina triloba,No
plant_images/15347.jpg,1,Rhus copallinum,No
plant_images/15299.jpg,6,Lonicera japonica,Yes
plant_images/3634.jpg,8,Hedera helix,Yes
plant_images/9983.jpg,9,Parthenocissus quinquefolia,No
plant_images/149.jpg,14,Ficaria verna,Yes
plant_images/1090.jpg,12,Alliaria petiolata,Yes
plant_images/9111.jpg,14,Ficaria verna,Yes
plant_images/9911.jpg,7,Campsis radicans,No
plant_images/23466.jpg,3,Asimina triloba,No
plant_images/23788.jpg,12,Alliaria petiolata,Yes
plant_images/2837.jpg,0,Ailanthus altissima,Yes
plant_images/18175.jpg,2,Elaeagnus umbellata,Yes
plant_images/19618.jpg,0,Ailanthus altissima,Yes
plant_images/2009.jpg,4,Rubus phoenicolasius,Yes
plant_images/26501.jpg,14,Ficaria verna,Yes
plant_images/12904.jpg,14,Ficaria verna,Yes
plant_images/4881.jpg,1,Rhus copallinum,No
plant_images/17613.jpg,6,Lonicera japonica,Yes
plant_images/8744.jpg,10,Persicaria perfoliata,Yes
plant_images/1491.jpg,6,Lonicera japonica,Yes
plant_images/5362.jpg,6,Lonicera japonica,Yes
plant_images/24651.jpg,6,Lonicera japonica,Yes
plant_images/18733.jpg,2,Elaeagnus umbellata,Yes
plant_images/2848.jpg,15,Packera aurea,No
plant_images/7210.jpg,2,Elaeagnus umbellata,Yes
plant_images/26790.jpg,0,Ailanthus altissima,Yes
plant_images/18292.jpg,2,Elaeagnus umbellata,Yes
plant_images/26504.jpg,14,Ficaria verna,Yes
plant_images/8556.jpg,10,Persicaria perfoliata,Yes
plant_images/16449.jpg,14,Ficaria verna,Yes
plant_images/27196.jpg,6,Lonicera japonica,Yes
plant_images/22821.jpg,9,Parthenocissus quinquefolia,No
plant_images/17189.jpg,0,Ailanthus altissima,Yes
plant_images/4132.jpg,9,Parthenocissus quinquefolia,No
plant_images/18298.jpg,3,Asimina triloba,No
plant_images/11283.jpg,5,Rubus occidentalis,No
plant_images/1248.jpg,8,Hedera helix,Yes
plant_images/14800.jpg,12,Alliaria petiolata,Yes
plant_images/8225.jpg,7,Campsis radicans,No
plant_images/26874.jpg,10,Persicaria perfoliata,Yes
plant_images/7130.jpg,9,Parthenocissus quinquefolia,No
plant_images/9223.jpg,14,Ficaria verna,Yes
plant_images/18478.jpg,4,Rubus phoenicolasius,Yes
plant_images/25371.jpg,0,Ailanthus altissima,Yes
plant_images/7511.jpg,12,Alliaria petiolata,Yes
plant_images/20855.jpg,10,Persicaria perfoliata,Yes
plant_images/21176.jpg,4,Rubus phoenicolasius,Yes
plant_images/2443.jpg,14,Ficaria verna,Yes
plant_images/9353.jpg,15,Packera aurea,No
plant_images/3480.jpg,14,Ficaria verna,Yes
plant_images/25070.jpg,9,Parthenocissus quinquefolia,No
plant_images/15047.jpg,2,Elaeagnus umbellata,Yes
plant_images/23508.jpg,4,Rubus phoenicolasius,Yes
plant_images/5632.jpg,14,Ficaria verna,Yes
plant_images/20800.jpg,12,Alliaria petiolata,Yes
plant_images/9923.jpg,9,Parthenocissus quinquefolia,No
plant_images/7342.jpg,15,Packera aurea,No
plant_images/25108.jpg,12,Alliaria petiolata,Yes
plant_images/14539.jpg,14,Ficaria verna,Yes
plant_images/17106.jpg,4,Rubus phoenicolasius,Yes
plant_images/16727.jpg,0,Ailanthus altissima,Yes
plant_images/24186.jpg,3,Asimina triloba,No
plant_images/17220.jpg,0,Ailanthus altissima,Yes
plant_images/13511.jpg,2,Elaeagnus umbellata,Yes
plant_images/6132.jpg,1,Rhus copallinum,No
plant_images/7146.jpg,12,Alliaria petiolata,Yes
plant_images/26174.jpg,2,Elaeagnus umbellata,Yes
plant_images/3459.jpg,8,Hedera helix,Yes
plant_images/1082.jpg,9,Parthenocissus quinquefolia,No
plant_images/23766.jpg,9,Parthenocissus quinquefolia,No
plant_images/15960.jpg,12,Alliaria petiolata,Yes
plant_images/19305.jpg,10,Persicaria perfoliata,Yes
plant_images/19843.jpg,3,Asimina triloba,No
plant_images/2160.jpg,2,Elaeagnus umbellata,Yes
plant_images/9030.jpg,14,Ficaria verna,Yes
plant_images/10456.jpg,6,Lonicera japonica,Yes
plant_images/7269.jpg,12,Alliaria petiolata,Yes
plant_images/6857.jpg,8,Hedera helix,Yes
plant_images/20129.jpg,6,Lonicera japonica,Yes
plant_images/13321.jpg,6,Lonicera japonica,Yes
plant_images/18669.jpg,6,Lonicera japonica,Yes
plant_images/26498.jpg,12,Alliaria petiolata,Yes
plant_images/8702.jpg,7,Campsis radicans,No
plant_images/22297.jpg,7,Campsis radicans,No
plant_images/22912.jpg,6,Lonicera japonica,Yes
plant_images/1244.jpg,10,Persicaria perfoliata,Yes
plant_images/12832.jpg,14,Ficaria verna,Yes
plant_images/20508.jpg,4,Rubus phoenicolasius,Yes
plant_images/16408.jpg,12,Alliaria petiolata,Yes
plant_images/9364.jpg,3,Asimina triloba,No
plant_images/7659.jpg,15,Packera aurea,No
plant_images/22363.jpg,10,Persicaria perfoliata,Yes
plant_images/10161.jpg,2,Elaeagnus umbellata,Yes
plant_images/9543.jpg,12,Alliaria petiolata,Yes
plant_images/633.jpg,4,Rubus phoenicolasius,Yes
plant_images/25932.jpg,1,Rhus copallinum,No
plant_images/10671.jpg,3,Asimina triloba,No
plant_images/14453.jpg,14,Ficaria verna,Yes
plant_images/17756.jpg,8,Hedera helix,Yes
plant_images/1466.jpg,15,Packera aurea,No
plant_images/18923.jpg,12,Alliaria petiolata,Yes
plant_images/26319.jpg,4,Rubus phoenicolasius,Yes
plant_images/17980.jpg,14,Ficaria verna,Yes
plant_images/7592.jpg,13,Geum canadense,No
plant_images/8943.jpg,14,Ficaria verna,Yes
plant_images/28000.jpg,14,Ficaria verna,Yes
plant_images/4204.jpg,12,Alliaria petiolata,Yes
plant_images/27688.jpg,3,Asimina triloba,No
plant_images/15532.jpg,7,Campsis radicans,No
plant_images/26613.jpg,3,Asimina triloba,No
plant_images/12946.jpg,3,Asimina triloba,No
plant_images/10066.jpg,6,Lonicera japonica,Yes
plant_images/19519.jpg,0,Ailanthus altissima,Yes
plant_images/13047.jpg,12,Alliaria petiolata,Yes
plant_images/23406.jpg,4,Rubus phoenicolasius,Yes
plant_images/16668.jpg,6,Lonicera japonica,Yes
plant_images/16266.jpg,3,Asimina triloba,No
plant_images/15012.jpg,6,Lonicera japonica,Yes
plant_images/26517.jpg,12,Alliaria petiolata,Yes
plant_images/24613.jpg,2,Elaeagnus umbellata,Yes
plant_images/2648.jpg,12,Alliaria petiolata,Yes
plant_images/4143.jpg,9,Parthenocissus quinquefolia,No
plant_images/20702.jpg,2,Elaeagnus umbellata,Yes
plant_images/13118.jpg,2,Elaeagnus umbellata,Yes
plant_images/12983.jpg,2,Elaeagnus umbellata,Yes
plant_images/11180.jpg,3,Asimina triloba,No
plant_images/10469.jpg,4,Rubus phoenicolasius,Yes
plant_images/7091.jpg,14,Ficaria verna,Yes
plant_images/4960.jpg,12,Alliaria petiolata,Yes
plant_images/10760.jpg,8,Hedera helix,Yes
plant_images/7203.jpg,15,Packera aurea,No
plant_images/13424.jpg,2,Elaeagnus umbellata,Yes
plant_images/1807.jpg,0,Ailanthus altissima,Yes
plant_images/697.jpg,9,Parthenocissus quinquefolia,No
plant_images/23528.jpg,6,Lonicera japonica,Yes
plant_images/11406.jpg,6,Lonicera japonica,Yes
plant_images/4844.jpg,9,Parthenocissus quinquefolia,No
plant_images/16557.jpg,14,Ficaria verna,Yes
plant_images/15824.jpg,8,Hedera helix,Yes
plant_images/20619.jpg,7,Campsis radicans,No
plant_images/2066.jpg,6,Lonicera japonica,Yes
plant_images/16685.jpg,2,Elaeagnus umbellata,Yes
plant_images/17915.jpg,6,Lonicera japonica,Yes
plant_images/10571.jpg,2,Elaeagnus umbellata,Yes
plant_images/22906.jpg,3,Asimina triloba,No
plant_images/16771.jpg,4,Rubus phoenicolasius,Yes
plant_images/22189.jpg,4,Rubus phoenicolasius,Yes
plant_images/10385.jpg,7,Campsis radicans,No
plant_images/18580.jpg,12,Alliaria petiolata,Yes
plant_images/266.jpg,14,Ficaria verna,Yes
plant_images/8904.jpg,14,Ficaria verna,Yes
plant_images/1385.jpg,3,Asimina triloba,No
plant_images/12962.jpg,3,Asimina triloba,No
plant_images/4728.jpg,4,Rubus phoenicolasius,Yes
plant_images/2883.jpg,14,Ficaria verna,Yes
plant_images/9418.jpg,3,Asimina triloba,No
plant_images/13984.jpg,7,Campsis radicans,No
plant_images/3223.jpg,10,Persicaria perfoliata,Yes
plant_images/23072.jpg,2,Elaeagnus umbellata,Yes
plant_images/14260.jpg,2,Elaeagnus umbellata,Yes
plant_images/22479.jpg,2,Elaeagnus umbellata,Yes
plant_images/1865.jpg,12,Alliaria petiolata,Yes
plant_images/22340.jpg,7,Campsis radicans,No
plant_images/9180.jpg,14,Ficaria verna,Yes
plant_images/8384.jpg,6,Lonicera japonica,Yes
plant_images/14809.jpg,3,Asimina triloba,No
plant_images/6653.jpg,8,Hedera helix,Yes
plant_images/9734.jpg,9,Parthenocissus quinquefolia,No
plant_images/8524.jpg,6,Lonicera japonica,Yes
plant_images/24046.jpg,3,Asimina triloba,No
plant_images/26734.jpg,7,Campsis radicans,No
plant_images/23450.jpg,4,Rubus phoenicolasius,Yes
plant_images/19591.jpg,2,Elaeagnus umbellata,Yes
plant_images/10374.jpg,4,Rubus phoenicolasius,Yes
plant_images/22907.jpg,3,Asimina triloba,No
plant_images/16749.jpg,9,Parthenocissus quinquefolia,No
plant_images/15183.jpg,12,Alliaria petiolata,Yes
plant_images/4298.jpg,4,Rubus phoenicolasius,Yes
plant_images/16487.jpg,12,Alliaria petiolata,Yes
plant_images/12517.jpg,7,Campsis radicans,No
plant_images/1591.jpg,14,Ficaria verna,Yes
plant_images/23918.jpg,0,Ailanthus altissima,Yes
plant_images/5111.jpg,14,Ficaria verna,Yes
plant_images/10184.jpg,3,Asimina triloba,No
plant_images/28.jpg,4,Rubus phoenicolasius,Yes
plant_images/15036.jpg,12,Alliaria petiolata,Yes
plant_images/5514.jpg,12,Alliaria petiolata,Yes
plant_images/21283.jpg,2,Elaeagnus umbellata,Yes
plant_images/1078.jpg,12,Alliaria petiolata,Yes
plant_images/8328.jpg,9,Parthenocissus quinquefolia,No
plant_images/23618.jpg,12,Alliaria petiolata,Yes
plant_images/9072.jpg,12,Alliaria petiolata,Yes
plant_images/20832.jpg,11,Persicaria sagittata,No
plant_images/23266.jpg,10,Persicaria perfoliata,Yes
plant_images/10298.jpg,9,Parthenocissus quinquefolia,No
plant_images/4735.jpg,9,Parthenocissus quinquefolia,No
plant_images/1525.jpg,12,Alliaria petiolata,Yes
plant_images/9047.jpg,12,Alliaria petiolata,Yes
plant_images/5616.jpg,12,Alliaria petiolata,Yes
plant_images/993.jpg,9,Parthenocissus quinquefolia,No
plant_images/24360.jpg,12,Alliaria petiolata,Yes
plant_images/6953.jpg,6,Lonicera japonica,Yes
plant_images/17649.jpg,7,Campsis radicans,No
plant_images/13123.jpg,9,Parthenocissus quinquefolia,No
plant_images/8870.jpg,13,Geum canadense,No
plant_images/5415.jpg,12,Alliaria petiolata,Yes
plant_images/2878.jpg,14,Ficaria verna,Yes
plant_images/26380.jpg,7,Campsis radicans,No
plant_images/17582.jpg,3,Asimina triloba,No
plant_images/3109.jpg,4,Rubus phoenicolasius,Yes
plant_images/22629.jpg,14,Ficaria verna,Yes
plant_images/24967.jpg,13,Geum canadense,No
plant_images/6552.jpg,7,Campsis radicans,No
plant_images/22229.jpg,5,Rubus occidentalis,No
plant_images/6031.jpg,15,Packera aurea,No
plant_images/2230.jpg,4,Rubus phoenicolasius,Yes
plant_images/19737.jpg,3,Asimina triloba,No
plant_images/8243.jpg,9,Parthenocissus quinquefolia,No
plant_images/17771.jpg,13,Geum canadense,No
plant_images/12631.jpg,14,Ficaria verna,Yes
plant_images/22544.jpg,7,Campsis radicans,No
plant_images/2367.jpg,14,Ficaria verna,Yes
plant_images/5388.jpg,14,Ficaria verna,Yes
plant_images/15478.jpg,2,Elaeagnus umbellata,Yes
plant_images/24364.jpg,3,Asimina triloba,No
plant_images/4211.jpg,4,Rubus phoenicolasius,Yes
plant_images/17418.jpg,3,Asimina triloba,No
plant_images/22290.jpg,3,Asimina triloba,No
plant_images/5768.jpg,12,Alliaria petiolata,Yes
plant_images/13887.jpg,1,Rhus copallinum,No
plant_images/16543.jpg,6,Lonicera japonica,Yes
plant_images/14573.jpg,12,Alliaria petiolata,Yes
plant_images/19261.jpg,4,Rubus phoenicolasius,Yes
plant_images/20292.jpg,3,Asimina triloba,No
plant_images/18902.jpg,7,Campsis radicans,No
plant_images/26978.jpg,4,Rubus phoenicolasius,Yes
plant_images/7666.jpg,4,Rubus phoenicolasius,Yes
plant_images/25338.jpg,10,Persicaria perfoliata,Yes
plant_images/24042.jpg,9,Parthenocissus quinquefolia,No
plant_images/2193.jpg,0,Ailanthus altissima,Yes
plant_images/232.jpg,4,Rubus phoenicolasius,Yes
plant_images/11278.jpg,8,Hedera helix,Yes
plant_images/2629.jpg,10,Persicaria perfoliata,Yes
plant_images/25710.jpg,1,Rhus copallinum,No
plant_images/17389.jpg,3,Asimina triloba,No
plant_images/6049.jpg,2,Elaeagnus umbellata,Yes
plant_images/6323.jpg,13,Geum canadense,No
plant_images/12064.jpg,7,Campsis radicans,No
plant_images/28259.jpg,7,Campsis radicans,No
plant_images/27625.jpg,9,Parthenocissus quinquefolia,No
plant_images/19014.jpg,12,Alliaria petiolata,Yes
plant_images/26766.jpg,9,Parthenocissus quinquefolia,No
plant_images/27724.jpg,9,Parthenocissus quinquefolia,No
plant_images/20089.jpg,4,Rubus phoenicolasius,Yes
plant_images/9007.jpg,13,Geum canadense,No
plant_images/6214.jpg,1,Rhus copallinum,No
plant_images/398.jpg,3,Asimina triloba,No
plant_images/18267.jpg,12,Alliaria petiolata,Yes
plant_images/14033.jpg,8,Hedera helix,Yes
plant_images/5229.jpg,3,Asimina triloba,No
plant_images/12029.jpg,7,Campsis radicans,No
plant_images/1175.jpg,4,Rubus phoenicolasius,Yes
plant_images/19403.jpg,9,Parthenocissus quinquefolia,No
plant_images/24150.jpg,2,Elaeagnus umbellata,Yes
plant_images/14366.jpg,2,Elaeagnus umbellata,Yes
plant_images/5528.jpg,12,Alliaria petiolata,Yes
plant_images/7941.jpg,13,Geum canadense,No
plant_images/24227.jpg,1,Rhus copallinum,No
plant_images/13475.jpg,14,Ficaria verna,Yes
plant_images/14204.jpg,4,Rubus phoenicolasius,Yes
plant_images/4505.jpg,4,Rubus phoenicolasius,Yes
plant_images/21405.jpg,10,Persicaria perfoliata,Yes
plant_images/19179.jpg,6,Lonicera japonica,Yes
plant_images/14955.jpg,9,Parthenocissus quinquefolia,No
plant_images/773.jpg,0,Ailanthus altissima,Yes
plant_images/19252.jpg,3,Asimina triloba,No
plant_images/10554.jpg,3,Asimina triloba,No
plant_images/10788.jpg,9,Parthenocissus quinquefolia,No
plant_images/2295.jpg,7,Campsis radicans,No
plant_images/19714.jpg,9,Parthenocissus quinquefolia,No
plant_images/19186.jpg,12,Alliaria petiolata,Yes
plant_images/14705.jpg,4,Rubus phoenicolasius,Yes
plant_images/21577.jpg,3,Asimina triloba,No
plant_images/1226.jpg,6,Lonicera japonica,Yes
plant_images/8739.jpg,12,Alliaria petiolata,Yes
plant_images/25339.jpg,6,Lonicera japonica,Yes
plant_images/6807.jpg,12,Alliaria petiolata,Yes
plant_images/768.jpg,4,Rubus phoenicolasius,Yes
plant_images/3781.jpg,9,Parthenocissus quinquefolia,No
plant_images/17831.jpg,7,Campsis radicans,No
plant_images/17684.jpg,6,Lonicera japonica,Yes
plant_images/14163.jpg,10,Persicaria perfoliata,Yes
plant_images/2901.jpg,12,Alliaria petiolata,Yes
plant_images/24460.jpg,4,Rubus phoenicolasius,Yes
plant_images/4488.jpg,7,Campsis radicans,No
plant_images/17490.jpg,7,Campsis radicans,No
plant_images/2564.jpg,0,Ailanthus altissima,Yes
plant_images/6408.jpg,6,Lonicera japonica,Yes
plant_images/10599.jpg,9,Parthenocissus quinquefolia,No
plant_images/21040.jpg,15,Packera aurea,No
plant_images/8936.jpg,0,Ailanthus altissima,Yes
plant_images/19268.jpg,1,Rhus copallinum,No
plant_images/14686.jpg,12,Alliaria petiolata,Yes
plant_images/19093.jpg,6,Lonicera japonica,Yes
plant_images/9973.jpg,9,Parthenocissus quinquefolia,No
plant_images/26184.jpg,9,Parthenocissus quinquefolia,No
plant_images/5914.jpg,15,Packera aurea,No
plant_images/22802.jpg,12,Alliaria petiolata,Yes
plant_images/25599.jpg,6,Lonicera japonica,Yes
plant_images/13314.jpg,8,Hedera helix,Yes
plant_images/16181.jpg,3,Asimina triloba,No
plant_images/18564.jpg,3,Asimina triloba,No
plant_images/4147.jpg,9,Parthenocissus quinquefolia,No
plant_images/26226.jpg,2,Elaeagnus umbellata,Yes
plant_images/23148.jpg,2,Elaeagnus umbellata,Yes
plant_images/2784.jpg,3,Asimina triloba,No
plant_images/22280.jpg,3,Asimina triloba,No
plant_images/16113.jpg,12,Alliaria petiolata,Yes
plant_images/23752.jpg,12,Alliaria petiolata,Yes
plant_images/18651.jpg,12,Alliaria petiolata,Yes
plant_images/18801.jpg,9,Parthenocissus quinquefolia,No
plant_images/24464.jpg,9,Parthenocissus quinquefolia,No
plant_images/1326.jpg,9,Parthenocissus quinquefolia,No
plant_images/15074.jpg,14,Ficaria verna,Yes
plant_images/22156.jpg,3,Asimina triloba,No
plant_images/2226.jpg,9,Parthenocissus quinquefolia,No
plant_images/6415.jpg,9,Parthenocissus quinquefolia,No
plant_images/26912.jpg,4,Rubus phoenicolasius,Yes
plant_images/22589.jpg,2,Elaeagnus umbellata,Yes
plant_images/6559.jpg,0,Ailanthus altissima,Yes
plant_images/5647.jpg,3,Asimina triloba,No
plant_images/21501.jpg,3,Asimina triloba,No
plant_images/6350.jpg,13,Geum canadense,No
plant_images/19832.jpg,9,Parthenocissus quinquefolia,No
plant_images/9999.jpg,15,Packera aurea,No
plant_images/20600.jpg,2,Elaeagnus umbellata,Yes
plant_images/2203.jpg,15,Packera aurea,No
plant_images/6540.jpg,11,Persicaria sagittata,No
plant_images/6642.jpg,13,Geum canadense,No
plant_images/11572.jpg,6,Lonicera japonica,Yes
plant_images/18385.jpg,14,Ficaria verna,Yes
plant_images/12792.jpg,8,Hedera helix,Yes
plant_images/4198.jpg,9,Parthenocissus quinquefolia,No
plant_images/12788.jpg,4,Rubus phoenicolasius,Yes
plant_images/21439.jpg,0,Ailanthus altissima,Yes
plant_images/20409.jpg,10,Persicaria perfoliata,Yes
plant_images/5162.jpg,6,Lonicera japonica,Yes
plant_images/2123.jpg,9,Parthenocissus quinquefolia,No
plant_images/27941.jpg,12,Alliaria petiolata,Yes
plant_images/15667.jpg,9,Parthenocissus quinquefolia,No
plant_images/4188.jpg,3,Asimina triloba,No
plant_images/20659.jpg,6,Lonicera japonica,Yes
plant_images/23338.jpg,3,Asimina triloba,No
plant_images/8283.jpg,13,Geum canadense,No
plant_images/14655.jpg,4,Rubus phoenicolasius,Yes
plant_images/26360.jpg,7,Campsis radicans,No
plant_images/14922.jpg,9,Parthenocissus quinquefolia,No
plant_images/6817.jpg,12,Alliaria petiolata,Yes
plant_images/9315.jpg,14,Ficaria verna,Yes
plant_images/21380.jpg,1,Rhus copallinum,No
plant_images/5012.jpg,10,Persicaria perfoliata,Yes
plant_images/26531.jpg,3,Asimina triloba,No
plant_images/21876.jpg,7,Campsis radicans,No
plant_images/16490.jpg,9,Parthenocissus quinquefolia,No
plant_images/19684.jpg,12,Alliaria petiolata,Yes
plant_images/523.jpg,14,Ficaria verna,Yes
plant_images/19132.jpg,3,Asimina triloba,No
plant_images/11719.jpg,4,Rubus phoenicolasius,Yes
plant_images/13340.jpg,12,Alliaria petiolata,Yes
plant_images/23927.jpg,7,Campsis radicans,No
plant_images/2894.jpg,15,Packera aurea,No
plant_images/6080.jpg,9,Parthenocissus quinquefolia,No
plant_images/1356.jpg,7,Campsis radicans,No
plant_images/15778.jpg,8,Hedera helix,Yes
plant_images/18400.jpg,12,Alliaria petiolata,Yes
plant_images/7473.jpg,6,Lonicera japonica,Yes
plant_images/20412.jpg,3,Asimina triloba,No
plant_images/2991.jpg,15,Packera aurea,No
plant_images/24311.jpg,6,Lonicera japonica,Yes
plant_images/18365.jpg,14,Ficaria verna,Yes
plant_images/24378.jpg,12,Alliaria petiolata,Yes
plant_images/14763.jpg,12,Alliaria petiolata,Yes
plant_images/20738.jpg,12,Alliaria petiolata,Yes
plant_images/22614.jpg,12,Alliaria petiolata,Yes
plant_images/19069.jpg,0,Ailanthus altissima,Yes
plant_images/25144.jpg,5,Rubus occidentalis,No
plant_images/10595.jpg,4,Rubus phoenicolasius,Yes
plant_images/9033.jpg,14,Ficaria verna,Yes
plant_images/385.jpg,12,Alliaria petiolata,Yes
plant_images/18822.jpg,15,Packera aurea,No
plant_images/12415.jpg,2,Elaeagnus umbellata,Yes
plant_images/300.jpg,9,Parthenocissus quinquefolia,No
plant_images/25665.jpg,12,Alliaria petiolata,Yes
plant_images/16107.jpg,14,Ficaria verna,Yes
plant_images/10981.jpg,3,Asimina triloba,No
plant_images/16700.jpg,9,Parthenocissus quinquefolia,No
plant_images/12768.jpg,14,Ficaria verna,Yes
plant_images/27966.jpg,2,Elaeagnus umbellata,Yes
plant_images/3692.jpg,8,Hedera helix,Yes
plant_images/8068.jpg,4,Rubus phoenicolasius,Yes
plant_images/14066.jpg,0,Ailanthus altissima,Yes
plant_images/21079.jpg,12,Alliaria petiolata,Yes
plant_images/14693.jpg,12,Alliaria petiolata,Yes
plant_images/3220.jpg,9,Parthenocissus quinquefolia,No
plant_images/4921.jpg,14,Ficaria verna,Yes
plant_images/10325.jpg,7,Campsis radicans,No
plant_images/6458.jpg,9,Parthenocissus quinquefolia,No
plant_images/21221.jpg,9,Parthenocissus quinquefolia,No
plant_images/12247.jpg,9,Parthenocissus quinquefolia,No
plant_images/25106.jpg,3,Asimina triloba,No
plant_images/9582.jpg,8,Hedera helix,Yes
plant_images/9705.jpg,3,Asimina triloba,No
plant_images/21289.jpg,10,Persicaria perfoliata,Yes
plant_images/7910.jpg,7,Campsis radicans,No
plant_images/27866.jpg,1,Rhus copallinum,No
plant_images/25571.jpg,8,Hedera helix,Yes
plant_images/1551.jpg,14,Ficaria verna,Yes
plant_images/26861.jpg,1,Rhus copallinum,No
plant_images/14835.jpg,15,Packera aurea,No
plant_images/10297.jpg,13,Geum canadense,No
plant_images/12091.jpg,0,Ailanthus altissima,Yes
plant_images/16092.jpg,8,Hedera helix,Yes
plant_images/4187.jpg,12,Alliaria petiolata,Yes
plant_images/1863.jpg,3,Asimina triloba,No
plant_images/13456.jpg,10,Persicaria perfoliata,Yes
plant_images/4827.jpg,10,Persicaria perfoliata,Yes
plant_images/18151.jpg,14,Ficaria verna,Yes
plant_images/10636.jpg,1,Rhus copallinum,No
plant_images/8159.jpg,7,Campsis radicans,No
plant_images/276.jpg,14,Ficaria verna,Yes
plant_images/19532.jpg,14,Ficaria verna,Yes
plant_images/11984.jpg,13,Geum canadense,No
plant_images/3077.jpg,4,Rubus phoenicolasius,Yes
plant_images/2755.jpg,0,Ailanthus altissima,Yes
plant_images/25623.jpg,3,Asimina triloba,No
plant_images/3276.jpg,4,Rubus phoenicolasius,Yes
plant_images/14179.jpg,10,Persicaria perfoliata,Yes
plant_images/3899.jpg,14,Ficaria verna,Yes
plant_images/5345.jpg,0,Ailanthus altissima,Yes
plant_images/25014.jpg,12,Alliaria petiolata,Yes
plant_images/12844.jpg,14,Ficaria verna,Yes
plant_images/2146.jpg,8,Hedera helix,Yes
plant_images/18367.jpg,14,Ficaria verna,Yes
plant_images/2338.jpg,9,Parthenocissus quinquefolia,No
plant_images/11292.jpg,14,Ficaria verna,Yes
plant_images/4623.jpg,6,Lonicera japonica,Yes
plant_images/27835.jpg,0,Ailanthus altissima,Yes
plant_images/11655.jpg,9,Parthenocissus quinquefolia,No
plant_images/8333.jpg,9,Parthenocissus quinquefolia,No
plant_images/5952.jpg,12,Alliaria petiolata,Yes
plant_images/13789.jpg,1,Rhus copallinum,No
plant_images/22749.jpg,7,Campsis radicans,No
plant_images/19047.jpg,13,Geum canadense,No
plant_images/12851.jpg,14,Ficaria verna,Yes
plant_images/13597.jpg,14,Ficaria verna,Yes
plant_images/10575.jpg,3,Asimina triloba,No
plant_images/3032.jpg,9,Parthenocissus quinquefolia,No
plant_images/16440.jpg,9,Parthenocissus quinquefolia,No
plant_images/24125.jpg,9,Parthenocissus quinquefolia,No
plant_images/22653.jpg,0,Ailanthus altissima,Yes
plant_images/4394.jpg,3,Asimina triloba,No
plant_images/11852.jpg,9,Parthenocissus quinquefolia,No
plant_images/6116.jpg,12,Alliaria petiolata,Yes
plant_images/11494.jpg,9,Parthenocissus quinquefolia,No
plant_images/13415.jpg,9,Parthenocissus quinquefolia,No
plant_images/13625.jpg,9,Parthenocissus quinquefolia,No
plant_images/16619.jpg,6,Lonicera japonica,Yes
plant_images/10983.jpg,14,Ficaria verna,Yes
plant_images/13110.jpg,14,Ficaria verna,Yes
plant_images/8197.jpg,13,Geum canadense,No
plant_images/5003.jpg,12,Alliaria petiolata,Yes
plant_images/13001.jpg,9,Parthenocissus quinquefolia,No
plant_images/27248.jpg,4,Rubus phoenicolasius,Yes
plant_images/6218.jpg,10,Persicaria perfoliata,Yes
plant_images/16927.jpg,12,Alliaria petiolata,Yes
plant_images/1220.jpg,9,Parthenocissus quinquefolia,No
plant_images/25690.jpg,12,Alliaria petiolata,Yes
plant_images/17937.jpg,14,Ficaria verna,Yes
plant_images/2033.jpg,12,Alliaria petiolata,Yes
plant_images/21950.jpg,8,Hedera helix,Yes
plant_images/17252.jpg,9,Parthenocissus quinquefolia,No
plant_images/16840.jpg,4,Rubus phoenicolasius,Yes
plant_images/27502.jpg,3,Asimina triloba,No
plant_images/14596.jpg,14,Ficaria verna,Yes
plant_images/7719.jpg,0,Ailanthus altissima,Yes
plant_images/19837.jpg,15,Packera aurea,No
plant_images/13470.jpg,1,Rhus copallinum,No
plant_images/1290.jpg,7,Campsis radicans,No
plant_images/14394.jpg,8,Hedera helix,Yes
plant_images/12739.jpg,4,Rubus phoenicolasius,Yes
plant_images/3013.jpg,4,Rubus phoenicolasius,Yes
plant_images/1298.jpg,8,Hedera helix,Yes
plant_images/4756.jpg,3,Asimina triloba,No
plant_images/22068.jpg,3,Asimina triloba,No
plant_images/27963.jpg,6,Lonicera japonica,Yes
plant_images/18991.jpg,12,Alliaria petiolata,Yes
plant_images/9402.jpg,3,Asimina triloba,No
plant_images/15219.jpg,6,Lonicera japonica,Yes
plant_images/3381.jpg,0,Ailanthus altissima,Yes
plant_images/10417.jpg,1,Rhus copallinum,No
plant_images/26059.jpg,12,Alliaria petiolata,Yes
plant_images/11614.jpg,3,Asimina triloba,No
plant_images/9718.jpg,12,Alliaria petiolata,Yes
plant_images/18558.jpg,8,Hedera helix,Yes
plant_images/12877.jpg,15,Packera aurea,No
plant_images/14837.jpg,6,Lonicera japonica,Yes
plant_images/19138.jpg,8,Hedera helix,Yes
plant_images/20466.jpg,10,Persicaria perfoliata,Yes
plant_images/16844.jpg,4,Rubus phoenicolasius,Yes
plant_images/1643.jpg,3,Asimina triloba,No
plant_images/20887.jpg,1,Rhus copallinum,No
plant_images/1182.jpg,5,Rubus occidentalis,No
plant_images/11314.jpg,12,Alliaria petiolata,Yes
plant_images/8145.jpg,0,Ailanthus altissima,Yes
plant_images/19638.jpg,6,Lonicera japonica,Yes
plant_images/10291.jpg,7,Campsis radicans,No
plant_images/20137.jpg,9,Parthenocissus quinquefolia,No
plant_images/10174.jpg,6,Lonicera japonica,Yes
plant_images/8174.jpg,4,Rubus phoenicolasius,Yes
plant_images/24735.jpg,2,Elaeagnus umbellata,Yes
plant_images/985.jpg,12,Alliaria petiolata,Yes
plant_images/16485.jpg,2,Elaeagnus umbellata,Yes
plant_images/15806.jpg,9,Parthenocissus quinquefolia,No
plant_images/16834.jpg,4,Rubus phoenicolasius,Yes
plant_images/17916.jpg,14,Ficaria verna,Yes
plant_images/21757.jpg,0,Ailanthus altissima,Yes
plant_images/9267.jpg,12,Alliaria petiolata,Yes
plant_images/3135.jpg,15,Packera aurea,No
plant_images/27500.jpg,10,Persicaria perfoliata,Yes
plant_images/1416.jpg,12,Alliaria petiolata,Yes
plant_images/5273.jpg,0,Ailanthus altissima,Yes
plant_images/6186.jpg,2,Elaeagnus umbellata,Yes
plant_images/17661.jpg,2,Elaeagnus umbellata,Yes
plant_images/24839.jpg,12,Alliaria petiolata,Yes
plant_images/20252.jpg,4,Rubus phoenicolasius,Yes
plant_images/15877.jpg,9,Parthenocissus quinquefolia,No
plant_images/2799.jpg,7,Campsis radicans,No
plant_images/25096.jpg,12,Alliaria petiolata,Yes
plant_images/6325.jpg,1,Rhus copallinum,No
plant_images/12912.jpg,14,Ficaria verna,Yes
plant_images/21211.jpg,4,Rubus phoenicolasius,Yes
plant_images/27269.jpg,2,Elaeagnus umbellata,Yes
plant_images/6962.jpg,9,Parthenocissus quinquefolia,No
plant_images/24086.jpg,10,Persicaria perfoliata,Yes
plant_images/11029.jpg,12,Alliaria petiolata,Yes
plant_images/11630.jpg,12,Alliaria petiolata,Yes
plant_images/17321.jpg,3,Asimina triloba,No
plant_images/12830.jpg,14,Ficaria verna,Yes
plant_images/22948.jpg,6,Lonicera japonica,Yes
plant_images/27263.jpg,6,Lonicera japonica,Yes
plant_images/6821.jpg,3,Asimina triloba,No
plant_images/16389.jpg,2,Elaeagnus umbellata,Yes
plant_images/7369.jpg,6,Lonicera japonica,Yes
plant_images/28064.jpg,10,Persicaria perfoliata,Yes
plant_images/13947.jpg,7,Campsis radicans,No
plant_images/10698.jpg,3,Asimina triloba,No
plant_images/1202.jpg,7,Campsis radicans,No
plant_images/8858.jpg,4,Rubus phoenicolasius,Yes
plant_images/23859.jpg,4,Rubus phoenicolasius,Yes
plant_images/24682.jpg,12,Alliaria petiolata,Yes
plant_images/17055.jpg,11,Persicaria sagittata,No
plant_images/21055.jpg,9,Parthenocissus quinquefolia,No
plant_images/717.jpg,12,Alliaria petiolata,Yes
plant_images/9938.jpg,4,Rubus phoenicolasius,Yes
plant_images/27249.jpg,3,Asimina triloba,No
plant_images/18143.jpg,12,Alliaria petiolata,Yes
plant_images/19273.jpg,3,Asimina triloba,No
plant_images/25010.jpg,6,Lonicera japonica,Yes
plant_images/14971.jpg,9,Parthenocissus quinquefolia,No
plant_images/20557.jpg,9,Parthenocissus quinquefolia,No
plant_images/8332.jpg,1,Rhus copallinum,No
plant_images/7888.jpg,10,Persicaria perfoliata,Yes
plant_images/13626.jpg,6,Lonicera japonica,Yes
plant_images/27684.jpg,9,Parthenocissus quinquefolia,No
plant_images/5501.jpg,4,Rubus phoenicolasius,Yes
plant_images/14282.jpg,10,Persicaria perfoliata,Yes
plant_images/3145.jpg,9,Parthenocissus quinquefolia,No
plant_images/11534.jpg,12,Alliaria petiolata,Yes
plant_images/106.jpg,9,Parthenocissus quinquefolia,No
plant_images/26754.jpg,7,Campsis radicans,No
plant_images/13422.jpg,7,Campsis radicans,No
plant_images/18787.jpg,0,Ailanthus altissima,Yes
plant_images/472.jpg,14,Ficaria verna,Yes
plant_images/19572.jpg,6,Lonicera japonica,Yes
plant_images/10742.jpg,10,Persicaria perfoliata,Yes
plant_images/3694.jpg,8,Hedera helix,Yes
plant_images/1437.jpg,9,Parthenocissus quinquefolia,No
plant_images/6575.jpg,6,Lonicera japonica,Yes
plant_images/11547.jpg,2,Elaeagnus umbellata,Yes
plant_images/20371.jpg,0,Ailanthus altissima,Yes
plant_images/27113.jpg,3,Asimina triloba,No
plant_images/6667.jpg,6,Lonicera japonica,Yes
plant_images/24296.jpg,1,Rhus copallinum,No
plant_images/25754.jpg,9,Parthenocissus quinquefolia,No
plant_images/11522.jpg,8,Hedera helix,Yes
plant_images/17006.jpg,10,Persicaria perfoliata,Yes
plant_images/16783.jpg,8,Hedera helix,Yes
plant_images/7664.jpg,12,Alliaria petiolata,Yes
plant_images/5797.jpg,8,Hedera helix,Yes
plant_images/13040.jpg,3,Asimina triloba,No
plant_images/19918.jpg,0,Ailanthus altissima,Yes
plant_images/2387.jpg,12,Alliaria petiolata,Yes
plant_images/2538.jpg,8,Hedera helix,Yes
plant_images/25434.jpg,6,Lonicera japonica,Yes
plant_images/19484.jpg,3,Asimina triloba,No
plant_images/706.jpg,14,Ficaria verna,Yes
plant_images/15681.jpg,9,Parthenocissus quinquefolia,No
plant_images/25926.jpg,3,Asimina triloba,No
plant_images/6690.jpg,0,Ailanthus altissima,Yes
plant_images/2836.jpg,7,Campsis radicans,No
plant_images/754.jpg,13,Geum canadense,No
plant_images/1837.jpg,9,Parthenocissus quinquefolia,No
plant_images/27655.jpg,7,Campsis radicans,No
plant_images/22776.jpg,10,Persicaria perfoliata,Yes
plant_images/22429.jpg,3,Asimina triloba,No
plant_images/3737.jpg,6,Lonicera japonica,Yes
plant_images/22550.jpg,3,Asimina triloba,No
plant_images/7011.jpg,12,Alliaria petiolata,Yes
plant_images/14745.jpg,12,Alliaria petiolata,Yes
plant_images/26524.jpg,2,Elaeagnus umbellata,Yes
plant_images/682.jpg,9,Parthenocissus quinquefolia,No
plant_images/3928.jpg,7,Campsis radicans,No
plant_images/9699.jpg,8,Hedera helix,Yes
plant_images/15024.jpg,12,Alliaria petiolata,Yes
plant_images/5330.jpg,9,Parthenocissus quinquefolia,No
plant_images/6319.jpg,13,Geum canadense,No
plant_images/12460.jpg,1,Rhus copallinum,No
plant_images/3924.jpg,8,Hedera helix,Yes
plant_images/10102.jpg,2,Elaeagnus umbellata,Yes
plant_images/22383.jpg,7,Campsis radicans,No
plant_images/4495.jpg,9,Parthenocissus quinquefolia,No
plant_images/23673.jpg,12,Alliaria petiolata,Yes
plant_images/20437.jpg,4,Rubus phoenicolasius,Yes
plant_images/23861.jpg,7,Campsis radicans,No
plant_images/10907.jpg,14,Ficaria verna,Yes
plant_images/4999.jpg,8,Hedera helix,Yes
plant_images/3616.jpg,8,Hedera helix,Yes
plant_images/21454.jpg,3,Asimina triloba,No
plant_images/5089.jpg,6,Lonicera japonica,Yes
plant_images/11779.jpg,4,Rubus phoenicolasius,Yes
plant_images/19106.jpg,4,Rubus phoenicolasius,Yes
plant_images/23163.jpg,4,Rubus phoenicolasius,Yes
plant_images/13311.jpg,9,Parthenocissus quinquefolia,No
plant_images/15840.jpg,3,Asimina triloba,No
plant_images/10328.jpg,3,Asimina triloba,No
plant_images/440.jpg,8,Hedera helix,Yes
plant_images/13027.jpg,12,Alliaria petiolata,Yes
plant_images/7975.jpg,7,Campsis radicans,No
plant_images/5684.jpg,15,Packera aurea,No
plant_images/14907.jpg,9,Parthenocissus quinquefolia,No
plant_images/26422.jpg,11,Persicaria sagittata,No
plant_images/6801.jpg,14,Ficaria verna,Yes
plant_images/5703.jpg,6,Lonicera japonica,Yes
plant_images/11212.jpg,2,Elaeagnus umbellata,Yes
plant_images/4199.jpg,4,Rubus phoenicolasius,Yes
plant_images/4664.jpg,0,Ailanthus altissima,Yes
plant_images/23090.jpg,1,Rhus copallinum,No
plant_images/13368.jpg,2,Elaeagnus umbellata,Yes
plant_images/12510.jpg,8,Hedera helix,Yes
plant_images/16928.jpg,12,Alliaria petiolata,Yes
plant_images/14657.jpg,6,Lonicera japonica,Yes
plant_images/1208.jpg,12,Alliaria petiolata,Yes
plant_images/27301.jpg,3,Asimina triloba,No
plant_images/18750.jpg,15,Packera aurea,No
plant_images/3253.jpg,3,Asimina triloba,No
plant_images/339.jpg,9,Parthenocissus quinquefolia,No
plant_images/23501.jpg,8,Hedera helix,Yes
plant_images/15335.jpg,12,Alliaria petiolata,Yes
plant_images/687.jpg,9,Parthenocissus quinquefolia,No
plant_images/23320.jpg,2,Elaeagnus umbellata,Yes
plant_images/12495.jpg,14,Ficaria verna,Yes
plant_images/10139.jpg,2,Elaeagnus umbellata,Yes
plant_images/25959.jpg,6,Lonicera japonica,Yes
plant_images/13697.jpg,6,Lonicera japonica,Yes
plant_images/24688.jpg,2,Elaeagnus umbellata,Yes
plant_images/11569.jpg,9,Parthenocissus quinquefolia,No
plant_images/26002.jpg,7,Campsis radicans,No
plant_images/13901.jpg,0,Ailanthus altissima,Yes
plant_images/2996.jpg,4,Rubus phoenicolasius,Yes
plant_images/15608.jpg,6,Lonicera japonica,Yes
plant_images/14485.jpg,14,Ficaria verna,Yes
plant_images/2442.jpg,12,Alliaria petiolata,Yes
plant_images/14787.jpg,2,Elaeagnus umbellata,Yes
plant_images/9198.jpg,14,Ficaria verna,Yes
plant_images/27842.jpg,1,Rhus copallinum,No
plant_images/9882.jpg,12,Alliaria petiolata,Yes
plant_images/24904.jpg,4,Rubus phoenicolasius,Yes
plant_images/11135.jpg,2,Elaeagnus umbellata,Yes
plant_images/8254.jpg,0,Ailanthus altissima,Yes
plant_images/3240.jpg,6,Lonicera japonica,Yes
plant_images/22155.jpg,10,Persicaria perfoliata,Yes
plant_images/14918.jpg,7,Campsis radicans,No
plant_images/27115.jpg,15,Packera aurea,No
plant_images/14651.jpg,14,Ficaria verna,Yes
plant_images/17726.jpg,6,Lonicera japonica,Yes
plant_images/1989.jpg,8,Hedera helix,Yes
plant_images/23026.jpg,2,Elaeagnus umbellata,Yes
plant_images/15622.jpg,11,Persicaria sagittata,No
plant_images/12140.jpg,0,Ailanthus altissima,Yes
plant_images/4773.jpg,6,Lonicera japonica,Yes
plant_images/12396.jpg,12,Alliaria petiolata,Yes
plant_images/15533.jpg,3,Asimina triloba,No
plant_images/20610.jpg,13,Geum canadense,No
plant_images/17889.jpg,14,Ficaria verna,Yes
plant_images/14150.jpg,8,Hedera helix,Yes
plant_images/20411.jpg,3,Asimina triloba,No
plant_images/20305.jpg,3,Asimina triloba,No
plant_images/18637.jpg,15,Packera aurea,No
plant_images/5961.jpg,9,Parthenocissus quinquefolia,No
plant_images/19878.jpg,0,Ailanthus altissima,Yes
plant_images/16279.jpg,12,Alliaria petiolata,Yes
plant_images/14114.jpg,9,Parthenocissus quinquefolia,No
plant_images/25919.jpg,10,Persicaria perfoliata,Yes
plant_images/9968.jpg,9,Parthenocissus quinquefolia,No
plant_images/23825.jpg,0,Ailanthus altissima,Yes
plant_images/4126.jpg,7,Campsis radicans,No
plant_images/24277.jpg,7,Campsis radicans,No
plant_images/27832.jpg,4,Rubus phoenicolasius,Yes
plant_images/2212.jpg,4,Rubus phoenicolasius,Yes
plant_images/6399.jpg,13,Geum canadense,No
plant_images/22493.jpg,4,Rubus phoenicolasius,Yes
plant_images/940.jpg,3,Asimina triloba,No
plant_images/27686.jpg,9,Parthenocissus quinquefolia,No
plant_images/4635.jpg,13,Geum canadense,No
plant_images/13116.jpg,12,Alliaria petiolata,Yes
plant_images/12359.jpg,12,Alliaria petiolata,Yes
plant_images/15787.jpg,6,Lonicera japonica,Yes
plant_images/9445.jpg,6,Lonicera japonica,Yes
plant_images/17461.jpg,4,Rubus phoenicolasius,Yes
plant_images/11790.jpg,5,Rubus occidentalis,No
plant_images/11287.jpg,12,Alliaria petiolata,Yes
plant_images/1749.jpg,15,Packera aurea,No
plant_images/6829.jpg,12,Alliaria petiolata,Yes
plant_images/21002.jpg,12,Alliaria petiolata,Yes
plant_images/2228.jpg,10,Persicaria perfoliata,Yes
plant_images/12644.jpg,14,Ficaria verna,Yes
plant_images/10185.jpg,0,Ailanthus altissima,Yes
plant_images/14281.jpg,3,Asimina triloba,No
plant_images/16676.jpg,15,Packera aurea,No
plant_images/26292.jpg,0,Ailanthus altissima,Yes
plant_images/28158.jpg,2,Elaeagnus umbellata,Yes
plant_images/10684.jpg,10,Persicaria perfoliata,Yes
plant_images/16238.jpg,9,Parthenocissus quinquefolia,No
plant_images/2270.jpg,9,Parthenocissus quinquefolia,No
plant_images/13637.jpg,0,Ailanthus altissima,Yes
plant_images/14856.jpg,9,Parthenocissus quinquefolia,No
plant_images/3895.jpg,0,Ailanthus altissima,Yes
plant_images/4395.jpg,14,Ficaria verna,Yes
plant_images/3197.jpg,9,Parthenocissus quinquefolia,No
plant_images/26322.jpg,13,Geum canadense,No
plant_images/18890.jpg,14,Ficaria verna,Yes
plant_images/24065.jpg,3,Asimina triloba,No
plant_images/26379.jpg,0,Ailanthus altissima,Yes
plant_images/23091.jpg,3,Asimina triloba,No
plant_images/3626.jpg,4,Rubus phoenicolasius,Yes
plant_images/6517.jpg,4,Rubus phoenicolasius,Yes
plant_images/7602.jpg,9,Parthenocissus quinquefolia,No
plant_images/26540.jpg,3,Asimina triloba,No
plant_images/23547.jpg,2,Elaeagnus umbellata,Yes
plant_images/2182.jpg,12,Alliaria petiolata,Yes
plant_images/21678.jpg,6,Lonicera japonica,Yes
plant_images/19478.jpg,0,Ailanthus altissima,Yes
plant_images/4258.jpg,6,Lonicera japonica,Yes
plant_images/27759.jpg,3,Asimina triloba,No
plant_images/22225.jpg,4,Rubus phoenicolasius,Yes
plant_images/6474.jpg,2,Elaeagnus umbellata,Yes
plant_images/12726.jpg,14,Ficaria verna,Yes
plant_images/4420.jpg,8,Hedera helix,Yes
plant_images/4775.jpg,14,Ficaria verna,Yes
plant_images/4176.jpg,12,Alliaria petiolata,Yes
plant_images/8210.jpg,2,Elaeagnus umbellata,Yes
plant_images/24880.jpg,2,Elaeagnus umbellata,Yes
plant_images/24075.jpg,9,Parthenocissus quinquefolia,No
plant_images/400.jpg,0,Ailanthus altissima,Yes
plant_images/21399.jpg,4,Rubus phoenicolasius,Yes
plant_images/27877.jpg,1,Rhus copallinum,No
plant_images/3880.jpg,11,Persicaria sagittata,No
plant_images/9207.jpg,14,Ficaria verna,Yes
plant_images/6398.jpg,1,Rhus copallinum,No
plant_images/11047.jpg,14,Ficaria verna,Yes
plant_images/13573.jpg,6,Lonicera japonica,Yes
plant_images/838.jpg,14,Ficaria verna,Yes
plant_images/23000.jpg,10,Persicaria perfoliata,Yes
plant_images/26702.jpg,12,Alliaria petiolata,Yes
plant_images/22688.jpg,3,Asimina triloba,No
plant_images/4150.jpg,15,Packera aurea,No
plant_images/1981.jpg,14,Ficaria verna,Yes
plant_images/26569.jpg,3,Asimina triloba,No
plant_images/6256.jpg,13,Geum canadense,No
plant_images/13059.jpg,2,Elaeagnus umbellata,Yes
plant_images/4026.jpg,12,Alliaria petiolata,Yes
plant_images/26138.jpg,4,Rubus phoenicolasius,Yes
plant_images/26191.jpg,12,Alliaria petiolata,Yes
plant_images/14060.jpg,2,Elaeagnus umbellata,Yes
plant_images/10376.jpg,4,Rubus phoenicolasius,Yes
plant_images/27734.jpg,12,Alliaria petiolata,Yes
plant_images/21267.jpg,9,Parthenocissus quinquefolia,No
plant_images/23446.jpg,3,Asimina triloba,No
plant_images/4082.jpg,14,Ficaria verna,Yes
plant_images/3980.jpg,10,Persicaria perfoliata,Yes
plant_images/25948.jpg,10,Persicaria perfoliata,Yes
plant_images/3788.jpg,4,Rubus phoenicolasius,Yes
plant_images/27239.jpg,7,Campsis radicans,No
plant_images/25193.jpg,0,Ailanthus altissima,Yes
plant_images/10547.jpg,11,Persicaria sagittata,No
plant_images/7912.jpg,4,Rubus phoenicolasius,Yes
plant_images/2924.jpg,15,Packera aurea,No
plant_images/3219.jpg,0,Ailanthus altissima,Yes
plant_images/8723.jpg,10,Persicaria perfoliata,Yes
plant_images/17504.jpg,9,Parthenocissus quinquefolia,No
plant_images/22750.jpg,12,Alliaria petiolata,Yes
plant_images/7684.jpg,6,Lonicera japonica,Yes
plant_images/1161.jpg,8,Hedera helix,Yes
plant_images/19028.jpg,9,Parthenocissus quinquefolia,No
plant_images/21.jpg,3,Asimina triloba,No
plant_images/20134.jpg,4,Rubus phoenicolasius,Yes
plant_images/18695.jpg,9,Parthenocissus quinquefolia,No
plant_images/9441.jpg,3,Asimina triloba,No
plant_images/9392.jpg,6,Lonicera japonica,Yes
plant_images/14592.jpg,14,Ficaria verna,Yes
plant_images/15392.jpg,4,Rubus phoenicolasius,Yes
plant_images/20886.jpg,11,Persicaria sagittata,No
plant_images/1456.jpg,8,Hedera helix,Yes
plant_images/24270.jpg,7,Campsis radicans,No
plant_images/12362.jpg,7,Campsis radicans,No
plant_images/15353.jpg,9,Parthenocissus quinquefolia,No
plant_images/21547.jpg,14,Ficaria verna,Yes
plant_images/12346.jpg,10,Persicaria perfoliata,Yes
plant_images/2562.jpg,9,Parthenocissus quinquefolia,No
plant_images/21586.jpg,12,Alliaria petiolata,Yes
plant_images/10692.jpg,6,Lonicera japonica,Yes
plant_images/11662.jpg,3,Asimina triloba,No
plant_images/19732.jpg,3,Asimina triloba,No
plant_images/23867.jpg,7,Campsis radicans,No
plant_images/20301.jpg,7,Campsis radicans,No
plant_images/20503.jpg,12,Alliaria petiolata,Yes
plant_images/20558.jpg,2,Elaeagnus umbellata,Yes
plant_images/16841.jpg,3,Asimina triloba,No
plant_images/1964.jpg,9,Parthenocissus quinquefolia,No
plant_images/26592.jpg,9,Parthenocissus quinquefolia,No
plant_images/2165.jpg,14,Ficaria verna,Yes
plant_images/23686.jpg,9,Parthenocissus quinquefolia,No
plant_images/27790.jpg,7,Campsis radicans,No
plant_images/7393.jpg,12,Alliaria petiolata,Yes
plant_images/13754.jpg,4,Rubus phoenicolasius,Yes
plant_images/4312.jpg,8,Hedera helix,Yes
plant_images/19797.jpg,12,Alliaria petiolata,Yes
plant_images/25117.jpg,9,Parthenocissus quinquefolia,No
plant_images/11033.jpg,14,Ficaria verna,Yes
plant_images/14165.jpg,11,Persicaria sagittata,No
plant_images/8016.jpg,14,Ficaria verna,Yes
plant_images/4734.jpg,10,Persicaria perfoliata,Yes
plant_images/16465.jpg,15,Packera aurea,No
plant_images/25082.jpg,6,Lonicera japonica,Yes
plant_images/7964.jpg,9,Parthenocissus quinquefolia,No
plant_images/9563.jpg,2,Elaeagnus umbellata,Yes
plant_images/3192.jpg,7,Campsis radicans,No
plant_images/16591.jpg,9,Parthenocissus quinquefolia,No
plant_images/2723.jpg,0,Ailanthus altissima,Yes
plant_images/13176.jpg,4,Rubus phoenicolasius,Yes
plant_images/6047.jpg,6,Lonicera japonica,Yes
plant_images/18376.jpg,12,Alliaria petiolata,Yes
plant_images/19601.jpg,4,Rubus phoenicolasius,Yes
plant_images/11619.jpg,2,Elaeagnus umbellata,Yes
plant_images/25275.jpg,1,Rhus copallinum,No
plant_images/25489.jpg,6,Lonicera japonica,Yes
plant_images/17528.jpg,2,Elaeagnus umbellata,Yes
plant_images/3076.jpg,14,Ficaria verna,Yes
plant_images/24473.jpg,4,Rubus phoenicolasius,Yes
plant_images/24765.jpg,2,Elaeagnus umbellata,Yes
plant_images/23002.jpg,0,Ailanthus altissima,Yes
plant_images/1946.jpg,3,Asimina triloba,No
plant_images/12498.jpg,13,Geum canadense,No
plant_images/26001.jpg,7,Campsis radicans,No
plant_images/9818.jpg,2,Elaeagnus umbellata,Yes
plant_images/20844.jpg,11,Persicaria sagittata,No
plant_images/26237.jpg,3,Asimina triloba,No
plant_images/3131.jpg,8,Hedera helix,Yes
plant_images/12244.jpg,7,Campsis radicans,No
plant_images/6260.jpg,13,Geum canadense,No
plant_images/15684.jpg,11,Persicaria sagittata,No
plant_images/3658.jpg,12,Alliaria petiolata,Yes
plant_images/20535.jpg,6,Lonicera japonica,Yes
plant_images/7253.jpg,4,Rubus phoenicolasius,Yes
plant_images/11369.jpg,3,Asimina triloba,No
plant_images/26868.jpg,2,Elaeagnus umbellata,Yes
plant_images/13198.jpg,7,Campsis radicans,No
plant_images/7061.jpg,9,Parthenocissus quinquefolia,No
plant_images/16978.jpg,9,Parthenocissus quinquefolia,No
plant_images/27246.jpg,6,Lonicera japonica,Yes
plant_images/8439.jpg,9,Parthenocissus quinquefolia,No
plant_images/17551.jpg,9,Parthenocissus quinquefolia,No
plant_images/9996.jpg,1,Rhus copallinum,No
plant_images/17257.jpg,1,Rhus copallinum,No
plant_images/28161.jpg,3,Asimina triloba,No
plant_images/26860.jpg,2,Elaeagnus umbellata,Yes
plant_images/21157.jpg,4,Rubus phoenicolasius,Yes
plant_images/10683.jpg,6,Lonicera japonica,Yes
plant_images/2399.jpg,13,Geum canadense,No
plant_images/24977.jpg,12,Alliaria petiolata,Yes
plant_images/25885.jpg,4,Rubus phoenicolasius,Yes
plant_images/4275.jpg,9,Parthenocissus quinquefolia,No
plant_images/10370.jpg,2,Elaeagnus umbellata,Yes
plant_images/4015.jpg,13,Geum canadense,No
plant_images/5843.jpg,2,Elaeagnus umbellata,Yes
plant_images/12982.jpg,3,Asimina triloba,No
plant_images/26476.jpg,6,Lonicera japonica,Yes
plant_images/92.jpg,9,Parthenocissus quinquefolia,No
plant_images/17060.jpg,13,Geum canadense,No
plant_images/26957.jpg,4,Rubus phoenicolasius,Yes
plant_images/6556.jpg,2,Elaeagnus umbellata,Yes
plant_images/22861.jpg,2,Elaeagnus umbellata,Yes
plant_images/22185.jpg,3,Asimina triloba,No
plant_images/14148.jpg,8,Hedera helix,Yes
plant_images/13821.jpg,4,Rubus phoenicolasius,Yes
plant_images/19887.jpg,7,Campsis radicans,No
plant_images/24936.jpg,12,Alliaria petiolata,Yes
plant_images/18163.jpg,3,Asimina triloba,No
plant_images/1718.jpg,9,Parthenocissus quinquefolia,No
plant_images/2077.jpg,15,Packera aurea,No
plant_images/2468.jpg,12,Alliaria petiolata,Yes
plant_images/26444.jpg,0,Ailanthus altissima,Yes
plant_images/22021.jpg,12,Alliaria petiolata,Yes
plant_images/5795.jpg,8,Hedera helix,Yes
plant_images/719.jpg,15,Packera aurea,No
plant_images/10011.jpg,11,Persicaria sagittata,No
plant_images/12395.jpg,12,Alliaria petiolata,Yes
plant_images/13989.jpg,1,Rhus copallinum,No
plant_images/19949.jpg,3,Asimina triloba,No
plant_images/11302.jpg,12,Alliaria petiolata,Yes
plant_images/205.jpg,4,Rubus phoenicolasius,Yes
plant_images/4225.jpg,8,Hedera helix,Yes
plant_images/2013.jpg,14,Ficaria verna,Yes
plant_images/20332.jpg,4,Rubus phoenicolasius,Yes
plant_images/2269.jpg,5,Rubus occidentalis,No
plant_images/20309.jpg,13,Geum canadense,No
plant_images/13309.jpg,3,Asimina triloba,No
plant_images/7475.jpg,9,Parthenocissus quinquefolia,No
plant_images/1727.jpg,9,Parthenocissus quinquefolia,No
plant_images/10906.jpg,14,Ficaria verna,Yes
plant_images/22777.jpg,6,Lonicera japonica,Yes
plant_images/3739.jpg,9,Parthenocissus quinquefolia,No
plant_images/11067.jpg,12,Alliaria petiolata,Yes
plant_images/25290.jpg,13,Geum canadense,No
plant_images/10126.jpg,7,Campsis radicans,No
plant_images/16412.jpg,15,Packera aurea,No
plant_images/1742.jpg,12,Alliaria petiolata,Yes
plant_images/20068.jpg,12,Alliaria petiolata,Yes
plant_images/317.jpg,9,Parthenocissus quinquefolia,No
plant_images/1772.jpg,10,Persicaria perfoliata,Yes
plant_images/6109.jpg,15,Packera aurea,No
plant_images/28132.jpg,9,Parthenocissus quinquefolia,No
plant_images/9199.jpg,14,Ficaria verna,Yes
plant_images/10007.jpg,3,Asimina triloba,No
plant_images/9100.jpg,9,Parthenocissus quinquefolia,No
plant_images/28276.jpg,0,Ailanthus altissima,Yes
plant_images/8129.jpg,7,Campsis radicans,No
plant_images/19525.jpg,11,Persicaria sagittata,No
plant_images/21468.jpg,3,Asimina triloba,No
plant_images/15764.jpg,6,Lonicera japonica,Yes
plant_images/18343.jpg,12,Alliaria petiolata,Yes
plant_images/16166.jpg,15,Packera aurea,No
plant_images/25784.jpg,13,Geum canadense,No
plant_images/22571.jpg,0,Ailanthus altissima,Yes
plant_images/17047.jpg,0,Ailanthus altissima,Yes
plant_images/12249.jpg,0,Ailanthus altissima,Yes
plant_images/23641.jpg,14,Ficaria verna,Yes
plant_images/12561.jpg,4,Rubus phoenicolasius,Yes
plant_images/15332.jpg,3,Asimina triloba,No
plant_images/6989.jpg,14,Ficaria verna,Yes
plant_images/22081.jpg,12,Alliaria petiolata,Yes
plant_images/17581.jpg,3,Asimina triloba,No
plant_images/21987.jpg,6,Lonicera japonica,Yes
plant_images/5784.jpg,8,Hedera helix,Yes
plant_images/2577.jpg,6,Lonicera japonica,Yes
plant_images/6091.jpg,9,Parthenocissus quinquefolia,No
plant_images/3304.jpg,4,Rubus phoenicolasius,Yes
plant_images/22019.jpg,12,Alliaria petiolata,Yes
plant_images/619.jpg,3,Asimina triloba,No
plant_images/23042.jpg,3,Asimina triloba,No
plant_images/13358.jpg,0,Ailanthus altissima,Yes
plant_images/28173.jpg,6,Lonicera japonica,Yes
plant_images/6348.jpg,7,Campsis radicans,No
plant_images/15982.jpg,14,Ficaria verna,Yes
plant_images/13248.jpg,12,Alliaria petiolata,Yes
plant_images/10843.jpg,14,Ficaria verna,Yes
plant_images/5624.jpg,12,Alliaria petiolata,Yes
plant_images/3432.jpg,14,Ficaria verna,Yes
plant_images/5406.jpg,6,Lonicera japonica,Yes
plant_images/23494.jpg,3,Asimina triloba,No
plant_images/16008.jpg,14,Ficaria verna,Yes
plant_images/21268.jpg,2,Elaeagnus umbellata,Yes
plant_images/3180.jpg,3,Asimina triloba,No
plant_images/9907.jpg,9,Parthenocissus quinquefolia,No
plant_images/8560.jpg,10,Persicaria perfoliata,Yes
plant_images/765.jpg,7,Campsis radicans,No
plant_images/17397.jpg,4,Rubus phoenicolasius,Yes
plant_images/26283.jpg,9,Parthenocissus quinquefolia,No
plant_images/25137.jpg,7,Campsis radicans,No
plant_images/4281.jpg,14,Ficaria verna,Yes
plant_images/22009.jpg,12,Alliaria petiolata,Yes
plant_images/24120.jpg,1,Rhus copallinum,No
plant_images/1197.jpg,12,Alliaria petiolata,Yes
plant_images/24609.jpg,6,Lonicera japonica,Yes
plant_images/23750.jpg,12,Alliaria petiolata,Yes
plant_images/26177.jpg,2,Elaeagnus umbellata,Yes
plant_images/7031.jpg,9,Parthenocissus quinquefolia,No
plant_images/24788.jpg,12,Alliaria petiolata,Yes
plant_images/14958.jpg,8,Hedera helix,Yes
plant_images/5804.jpg,12,Alliaria petiolata,Yes
plant_images/4114.jpg,15,Packera aurea,No
plant_images/6715.jpg,14,Ficaria verna,Yes
plant_images/21392.jpg,1,Rhus copallinum,No
plant_images/22287.jpg,4,Rubus phoenicolasius,Yes
plant_images/2815.jpg,9,Parthenocissus quinquefolia,No
plant_images/25781.jpg,3,Asimina triloba,No
plant_images/9427.jpg,3,Asimina triloba,No
plant_images/10318.jpg,7,Campsis radicans,No
plant_images/13972.jpg,7,Campsis radicans,No
plant_images/27969.jpg,10,Persicaria perfoliata,Yes
plant_images/25067.jpg,7,Campsis radicans,No
plant_images/1820.jpg,6,Lonicera japonica,Yes
plant_images/14233.jpg,2,Elaeagnus umbellata,Yes
plant_images/3677.jpg,12,Alliaria petiolata,Yes
plant_images/19474.jpg,0,Ailanthus altissima,Yes
plant_images/24367.jpg,9,Parthenocissus quinquefolia,No
plant_images/21948.jpg,0,Ailanthus altissima,Yes
plant_images/4877.jpg,11,Persicaria sagittata,No
plant_images/11222.jpg,12,Alliaria petiolata,Yes
plant_images/2798.jpg,9,Parthenocissus quinquefolia,No
plant_images/13177.jpg,9,Parthenocissus quinquefolia,No
plant_images/7588.jpg,6,Lonicera japonica,Yes
plant_images/999.jpg,4,Rubus phoenicolasius,Yes
plant_images/19894.jpg,9,Parthenocissus quinquefolia,No
plant_images/19470.jpg,10,Persicaria perfoliata,Yes
plant_images/21064.jpg,12,Alliaria petiolata,Yes
plant_images/13761.jpg,7,Campsis radicans,No
plant_images/7657.jpg,2,Elaeagnus umbellata,Yes
plant_images/5067.jpg,9,Parthenocissus quinquefolia,No
plant_images/15015.jpg,14,Ficaria verna,Yes
plant_images/612.jpg,14,Ficaria verna,Yes
plant_images/18320.jpg,12,Alliaria petiolata,Yes
plant_images/9871.jpg,10,Persicaria perfoliata,Yes
plant_images/20554.jpg,9,Parthenocissus quinquefolia,No
plant_images/8189.jpg,6,Lonicera japonica,Yes
plant_images/28324.jpg,3,Asimina triloba,No
plant_images/19200.jpg,2,Elaeagnus umbellata,Yes
plant_images/4863.jpg,5,Rubus occidentalis,No
plant_images/14757.jpg,12,Alliaria petiolata,Yes
plant_images/13510.jpg,15,Packera aurea,No
plant_images/16526.jpg,9,Parthenocissus quinquefolia,No
plant_images/21083.jpg,10,Persicaria perfoliata,Yes
plant_images/14889.jpg,15,Packera aurea,No
plant_images/20108.jpg,2,Elaeagnus umbellata,Yes
plant_images/8906.jpg,6,Lonicera japonica,Yes
plant_images/26854.jpg,7,Campsis radicans,No
plant_images/5787.jpg,12,Alliaria petiolata,Yes
plant_images/2415.jpg,13,Geum canadense,No
plant_images/6912.jpg,0,Ailanthus altissima,Yes
plant_images/25464.jpg,0,Ailanthus altissima,Yes
plant_images/24433.jpg,3,Asimina triloba,No
plant_images/20019.jpg,12,Alliaria petiolata,Yes
plant_images/18375.jpg,12,Alliaria petiolata,Yes
plant_images/27088.jpg,4,Rubus phoenicolasius,Yes
plant_images/9678.jpg,10,Persicaria perfoliata,Yes
plant_images/11938.jpg,0,Ailanthus altissima,Yes
plant_images/24988.jpg,2,Elaeagnus umbellata,Yes
plant_images/935.jpg,4,Rubus phoenicolasius,Yes
plant_images/14568.jpg,14,Ficaria verna,Yes
plant_images/1994.jpg,14,Ficaria verna,Yes
plant_images/2691.jpg,6,Lonicera japonica,Yes
plant_images/13646.jpg,0,Ailanthus altissima,Yes
plant_images/21977.jpg,13,Geum canadense,No
plant_images/22153.jpg,9,Parthenocissus quinquefolia,No
plant_images/8961.jpg,12,Alliaria petiolata,Yes
plant_images/18301.jpg,3,Asimina triloba,No
plant_images/4267.jpg,15,Packera aurea,No
plant_images/26321.jpg,7,Campsis radicans,No
plant_images/13966.jpg,0,Ailanthus altissima,Yes
plant_images/17286.jpg,2,Elaeagnus umbellata,Yes
plant_images/23490.jpg,3,Asimina triloba,No
plant_images/8552.jpg,10,Persicaria perfoliata,Yes
plant_images/21307.jpg,11,Persicaria sagittata,No
plant_images/17891.jpg,6,Lonicera japonica,Yes
plant_images/27573.jpg,12,Alliaria petiolata,Yes
plant_images/12033.jpg,3,Asimina triloba,No
plant_images/4498.jpg,9,Parthenocissus quinquefolia,No
plant_images/11391.jpg,9,Parthenocissus quinquefolia,No
plant_images/26241.jpg,2,Elaeagnus umbellata,Yes
plant_images/15034.jpg,12,Alliaria petiolata,Yes
plant_images/9713.jpg,6,Lonicera japonica,Yes
plant_images/25052.jpg,3,Asimina triloba,No
plant_images/22576.jpg,2,Elaeagnus umbellata,Yes
plant_images/11622.jpg,12,Alliaria petiolata,Yes
plant_images/19991.jpg,12,Alliaria petiolata,Yes
plant_images/22137.jpg,3,Asimina triloba,No
plant_images/18078.jpg,14,Ficaria verna,Yes
plant_images/3266.jpg,3,Asimina triloba,No
plant_images/27937.jpg,3,Asimina triloba,No
plant_images/16691.jpg,6,Lonicera japonica,Yes
plant_images/2493.jpg,3,Asimina triloba,No
plant_images/20102.jpg,9,Parthenocissus quinquefolia,No
plant_images/22037.jpg,12,Alliaria petiolata,Yes
plant_images/8202.jpg,13,Geum canadense,No
plant_images/16060.jpg,14,Ficaria verna,Yes
plant_images/27183.jpg,5,Rubus occidentalis,No
plant_images/6700.jpg,14,Ficaria verna,Yes
plant_images/8809.jpg,12,Alliaria petiolata,Yes
plant_images/13171.jpg,6,Lonicera japonica,Yes
plant_images/2726.jpg,9,Parthenocissus quinquefolia,No
plant_images/10160.jpg,12,Alliaria petiolata,Yes
plant_images/9448.jpg,3,Asimina triloba,No
plant_images/25135.jpg,9,Parthenocissus quinquefolia,No
plant_images/27449.jpg,6,Lonicera japonica,Yes
plant_images/6407.jpg,10,Persicaria perfoliata,Yes
plant_images/10076.jpg,4,Rubus phoenicolasius,Yes
plant_images/710.jpg,9,Parthenocissus quinquefolia,No
plant_images/20686.jpg,4,Rubus phoenicolasius,Yes
plant_images/11392.jpg,12,Alliaria petiolata,Yes
plant_images/8240.jpg,3,Asimina triloba,No
plant_images/4278.jpg,12,Alliaria petiolata,Yes
plant_images/485.jpg,4,Rubus phoenicolasius,Yes
plant_images/3015.jpg,9,Parthenocissus quinquefolia,No
plant_images/19876.jpg,0,Ailanthus altissima,Yes
plant_images/12376.jpg,4,Rubus phoenicolasius,Yes
plant_images/7524.jpg,12,Alliaria petiolata,Yes
plant_images/4695.jpg,6,Lonicera japonica,Yes
plant_images/27577.jpg,11,Persicaria sagittata,No
plant_images/24490.jpg,7,Campsis radicans,No
plant_images/14056.jpg,7,Campsis radicans,No
plant_images/17269.jpg,3,Asimina triloba,No
plant_images/15300.jpg,1,Rhus copallinum,No
plant_images/8237.jpg,2,Elaeagnus umbellata,Yes
plant_images/21196.jpg,4,Rubus phoenicolasius,Yes
plant_images/24154.jpg,12,Alliaria petiolata,Yes
plant_images/17699.jpg,7,Campsis radicans,No
plant_images/5705.jpg,9,Parthenocissus quinquefolia,No
plant_images/338.jpg,0,Ailanthus altissima,Yes
plant_images/14228.jpg,3,Asimina triloba,No
plant_images/17568.jpg,4,Rubus phoenicolasius,Yes
plant_images/11638.jpg,12,Alliaria petiolata,Yes
plant_images/17457.jpg,6,Lonicera japonica,Yes
plant_images/12493.jpg,14,Ficaria verna,Yes
plant_images/6337.jpg,9,Parthenocissus quinquefolia,No
plant_images/15115.jpg,13,Geum canadense,No
plant_images/2111.jpg,8,Hedera helix,Yes
plant_images/4560.jpg,0,Ailanthus altissima,Yes
plant_images/1769.jpg,8,Hedera helix,Yes
plant_images/9796.jpg,14,Ficaria verna,Yes
plant_images/12007.jpg,6,Lonicera japonica,Yes
plant_images/4702.jpg,8,Hedera helix,Yes
plant_images/2159.jpg,10,Persicaria perfoliata,Yes
plant_images/18824.jpg,9,Parthenocissus quinquefolia,No
plant_images/2124.jpg,9,Parthenocissus quinquefolia,No
plant_images/6062.jpg,12,Alliaria petiolata,Yes
plant_images/5432.jpg,10,Persicaria perfoliata,Yes
plant_images/9277.jpg,14,Ficaria verna,Yes
plant_images/4152.jpg,8,Hedera helix,Yes
plant_images/26782.jpg,2,Elaeagnus umbellata,Yes
plant_images/10348.jpg,0,Ailanthus altissima,Yes
plant_images/2922.jpg,13,Geum canadense,No
plant_images/22001.jpg,12,Alliaria petiolata,Yes
plant_images/26729.jpg,2,Elaeagnus umbellata,Yes
plant_images/2143.jpg,9,Parthenocissus quinquefolia,No
plant_images/10704.jpg,1,Rhus copallinum,No
plant_images/23585.jpg,8,Hedera helix,Yes
plant_images/14315.jpg,12,Alliaria petiolata,Yes
plant_images/21909.jpg,4,Rubus phoenicolasius,Yes
plant_images/6823.jpg,14,Ficaria verna,Yes
plant_images/16991.jpg,4,Rubus phoenicolasius,Yes
plant_images/5300.jpg,0,Ailanthus altissima,Yes
plant_images/9088.jpg,14,Ficaria verna,Yes
plant_images/24467.jpg,3,Asimina triloba,No
plant_images/14780.jpg,8,Hedera helix,Yes
plant_images/6721.jpg,14,Ficaria verna,Yes
plant_images/18578.jpg,12,Alliaria petiolata,Yes
plant_images/7493.jpg,14,Ficaria verna,Yes
plant_images/25555.jpg,9,Parthenocissus quinquefolia,No
plant_images/6140.jpg,9,Parthenocissus quinquefolia,No
plant_images/7083.jpg,10,Persicaria perfoliata,Yes
plant_images/22056.jpg,14,Ficaria verna,Yes
plant_images/25788.jpg,0,Ailanthus altissima,Yes
plant_images/8291.jpg,7,Campsis radicans,No
plant_images/6526.jpg,3,Asimina triloba,No
plant_images/5126.jpg,3,Asimina triloba,No
plant_images/907.jpg,12,Alliaria petiolata,Yes
plant_images/4679.jpg,0,Ailanthus altissima,Yes
plant_images/5621.jpg,6,Lonicera japonica,Yes
plant_images/9216.jpg,14,Ficaria verna,Yes
plant_images/22608.jpg,14,Ficaria verna,Yes
plant_images/16071.jpg,14,Ficaria verna,Yes
plant_images/26260.jpg,13,Geum canadense,No
plant_images/2299.jpg,3,Asimina triloba,No
plant_images/1213.jpg,0,Ailanthus altissima,Yes
plant_images/10831.jpg,6,Lonicera japonica,Yes
plant_images/25040.jpg,9,Parthenocissus quinquefolia,No
plant_images/15858.jpg,9,Parthenocissus quinquefolia,No
plant_images/15572.jpg,0,Ailanthus altissima,Yes
plant_images/4182.jpg,8,Hedera helix,Yes
plant_images/28226.jpg,1,Rhus copallinum,No
plant_images/9165.jpg,8,Hedera helix,Yes
plant_images/6430.jpg,6,Lonicera japonica,Yes
plant_images/24354.jpg,9,Parthenocissus quinquefolia,No
plant_images/20773.jpg,0,Ailanthus altissima,Yes
plant_images/7576.jpg,12,Alliaria petiolata,Yes
plant_images/7250.jpg,9,Parthenocissus quinquefolia,No
plant_images/1435.jpg,6,Lonicera japonica,Yes
plant_images/16795.jpg,6,Lonicera japonica,Yes
plant_images/27234.jpg,7,Campsis radicans,No
plant_images/6312.jpg,3,Asimina triloba,No
plant_images/6838.jpg,14,Ficaria verna,Yes
plant_images/7601.jpg,2,Elaeagnus umbellata,Yes
plant_images/14530.jpg,12,Alliaria petiolata,Yes
plant_images/233.jpg,12,Alliaria petiolata,Yes
plant_images/21004.jpg,14,Ficaria verna,Yes
plant_images/23657.jpg,15,Packera aurea,No
plant_images/1068.jpg,15,Packera aurea,No
plant_images/5444.jpg,11,Persicaria sagittata,No
plant_images/8512.jpg,9,Parthenocissus quinquefolia,No
plant_images/16871.jpg,3,Asimina triloba,No
plant_images/26779.jpg,7,Campsis radicans,No
plant_images/25318.jpg,2,Elaeagnus umbellata,Yes
plant_images/23061.jpg,3,Asimina triloba,No
plant_images/15541.jpg,8,Hedera helix,Yes
plant_images/27082.jpg,14,Ficaria verna,Yes
plant_images/1613.jpg,14,Ficaria verna,Yes
plant_images/17835.jpg,8,Hedera helix,Yes
plant_images/4464.jpg,7,Campsis radicans,No
plant_images/12596.jpg,14,Ficaria verna,Yes
plant_images/4031.jpg,14,Ficaria verna,Yes
plant_images/13101.jpg,8,Hedera helix,Yes
plant_images/25321.jpg,6,Lonicera japonica,Yes
plant_images/5482.jpg,8,Hedera helix,Yes
plant_images/17338.jpg,2,Elaeagnus umbellata,Yes
plant_images/26578.jpg,12,Alliaria petiolata,Yes
plant_images/192.jpg,4,Rubus phoenicolasius,Yes
plant_images/26502.jpg,12,Alliaria petiolata,Yes
plant_images/14945.jpg,9,Parthenocissus quinquefolia,No
plant_images/7944.jpg,4,Rubus phoenicolasius,Yes
plant_images/8974.jpg,12,Alliaria petiolata,Yes
plant_images/20239.jpg,12,Alliaria petiolata,Yes
plant_images/4064.jpg,12,Alliaria petiolata,Yes
plant_images/21887.jpg,2,Elaeagnus umbellata,Yes
plant_images/20493.jpg,3,Asimina triloba,No
plant_images/27712.jpg,4,Rubus phoenicolasius,Yes
plant_images/23261.jpg,11,Persicaria sagittata,No
plant_images/11023.jpg,14,Ficaria verna,Yes
plant_images/410.jpg,9,Parthenocissus quinquefolia,No
plant_images/2906.jpg,2,Elaeagnus umbellata,Yes
plant_images/28097.jpg,8,Hedera helix,Yes
plant_images/1593.jpg,14,Ficaria verna,Yes
plant_images/9512.jpg,12,Alliaria petiolata,Yes
plant_images/12322.jpg,3,Asimina triloba,No
plant_images/16459.jpg,8,Hedera helix,Yes
plant_images/4755.jpg,7,Campsis radicans,No
plant_images/27456.jpg,12,Alliaria petiolata,Yes
plant_images/13717.jpg,0,Ailanthus altissima,Yes
plant_images/3936.jpg,10,Persicaria perfoliata,Yes
plant_images/19479.jpg,4,Rubus phoenicolasius,Yes
plant_images/9959.jpg,6,Lonicera japonica,Yes
plant_images/23271.jpg,4,Rubus phoenicolasius,Yes
plant_images/2869.jpg,14,Ficaria verna,Yes
plant_images/13212.jpg,9,Parthenocissus quinquefolia,No
plant_images/1300.jpg,10,Persicaria perfoliata,Yes
plant_images/3245.jpg,12,Alliaria petiolata,Yes
plant_images/5114.jpg,8,Hedera helix,Yes
plant_images/19067.jpg,6,Lonicera japonica,Yes
plant_images/11263.jpg,2,Elaeagnus umbellata,Yes
plant_images/17377.jpg,10,Persicaria perfoliata,Yes
plant_images/13334.jpg,2,Elaeagnus umbellata,Yes
plant_images/5025.jpg,6,Lonicera japonica,Yes
plant_images/10496.jpg,12,Alliaria petiolata,Yes
plant_images/10121.jpg,14,Ficaria verna,Yes
plant_images/22369.jpg,10,Persicaria perfoliata,Yes
plant_images/18431.jpg,9,Parthenocissus quinquefolia,No
plant_images/20635.jpg,5,Rubus occidentalis,No
plant_images/4809.jpg,6,Lonicera japonica,Yes
plant_images/26676.jpg,4,Rubus phoenicolasius,Yes
plant_images/10615.jpg,11,Persicaria sagittata,No
plant_images/7357.jpg,3,Asimina triloba,No
plant_images/11983.jpg,3,Asimina triloba,No
plant_images/14599.jpg,14,Ficaria verna,Yes
plant_images/1703.jpg,15,Packera aurea,No
plant_images/28313.jpg,1,Rhus copallinum,No
plant_images/23995.jpg,3,Asimina triloba,No
plant_images/3649.jpg,4,Rubus phoenicolasius,Yes
plant_images/8504.jpg,10,Persicaria perfoliata,Yes
plant_images/21037.jpg,12,Alliaria petiolata,Yes
plant_images/11045.jpg,3,Asimina triloba,No
plant_images/5037.jpg,12,Alliaria petiolata,Yes
plant_images/22488.jpg,2,Elaeagnus umbellata,Yes
plant_images/22145.jpg,6,Lonicera japonica,Yes
plant_images/8309.jpg,2,Elaeagnus umbellata,Yes
plant_images/12836.jpg,13,Geum canadense,No
plant_images/21565.jpg,12,Alliaria petiolata,Yes
plant_images/24132.jpg,12,Alliaria petiolata,Yes
plant_images/25794.jpg,9,Parthenocissus quinquefolia,No
plant_images/4477.jpg,9,Parthenocissus quinquefolia,No
plant_images/7283.jpg,4,Rubus phoenicolasius,Yes
plant_images/3925.jpg,3,Asimina triloba,No
plant_images/28243.jpg,4,Rubus phoenicolasius,Yes
plant_images/10667.jpg,10,Persicaria perfoliata,Yes
plant_images/2585.jpg,9,Parthenocissus quinquefolia,No
plant_images/5663.jpg,12,Alliaria petiolata,Yes
plant_images/13412.jpg,12,Alliaria petiolata,Yes
plant_images/19734.jpg,8,Hedera helix,Yes
plant_images/28032.jpg,12,Alliaria petiolata,Yes
plant_images/5349.jpg,0,Ailanthus altissima,Yes
plant_images/16636.jpg,4,Rubus phoenicolasius,Yes
plant_images/26796.jpg,1,Rhus copallinum,No
plant_images/10669.jpg,10,Persicaria perfoliata,Yes
plant_images/6917.jpg,14,Ficaria verna,Yes
plant_images/7992.jpg,12,Alliaria petiolata,Yes
plant_images/10488.jpg,3,Asimina triloba,No
plant_images/18259.jpg,12,Alliaria petiolata,Yes
plant_images/10182.jpg,6,Lonicera japonica,Yes
plant_images/11084.jpg,12,Alliaria petiolata,Yes
plant_images/11579.jpg,9,Parthenocissus quinquefolia,No
plant_images/11085.jpg,12,Alliaria petiolata,Yes
plant_images/7907.jpg,2,Elaeagnus umbellata,Yes
plant_images/26840.jpg,2,Elaeagnus umbellata,Yes
plant_images/17051.jpg,2,Elaeagnus umbellata,Yes
plant_images/27962.jpg,1,Rhus copallinum,No
plant_images/18846.jpg,15,Packera aurea,No
plant_images/28162.jpg,5,Rubus occidentalis,No
plant_images/15966.jpg,14,Ficaria verna,Yes
plant_images/19681.jpg,6,Lonicera japonica,Yes
plant_images/19860.jpg,4,Rubus phoenicolasius,Yes
plant_images/26255.jpg,7,Campsis radicans,No
plant_images/5938.jpg,12,Alliaria petiolata,Yes
plant_images/7701.jpg,4,Rubus phoenicolasius,Yes
plant_images/5822.jpg,4,Rubus phoenicolasius,Yes
plant_images/11147.jpg,3,Asimina triloba,No
plant_images/2392.jpg,14,Ficaria verna,Yes
plant_images/14491.jpg,12,Alliaria petiolata,Yes
plant_images/9518.jpg,2,Elaeagnus umbellata,Yes
plant_images/19074.jpg,3,Asimina triloba,No
plant_images/15382.jpg,7,Campsis radicans,No
plant_images/13809.jpg,4,Rubus phoenicolasius,Yes
plant_images/10422.jpg,6,Lonicera japonica,Yes
plant_images/17165.jpg,9,Parthenocissus quinquefolia,No
plant_images/17589.jpg,2,Elaeagnus umbellata,Yes
plant_images/2098.jpg,15,Packera aurea,No
plant_images/2919.jpg,14,Ficaria verna,Yes
plant_images/15199.jpg,9,Parthenocissus quinquefolia,No
plant_images/9742.jpg,8,Hedera helix,Yes
plant_images/22295.jpg,9,Parthenocissus quinquefolia,No
plant_images/1817.jpg,4,Rubus phoenicolasius,Yes
plant_images/21141.jpg,9,Parthenocissus quinquefolia,No
plant_images/9571.jpg,12,Alliaria petiolata,Yes
plant_images/2109.jpg,4,Rubus phoenicolasius,Yes
plant_images/26787.jpg,7,Campsis radicans,No
plant_images/25349.jpg,10,Persicaria perfoliata,Yes
plant_images/9101.jpg,14,Ficaria verna,Yes
plant_images/26223.jpg,12,Alliaria petiolata,Yes
plant_images/2622.jpg,9,Parthenocissus quinquefolia,No
plant_images/7782.jpg,1,Rhus copallinum,No
plant_images/12645.jpg,14,Ficaria verna,Yes
plant_images/3419.jpg,8,Hedera helix,Yes
plant_images/13737.jpg,4,Rubus phoenicolasius,Yes
plant_images/18827.jpg,8,Hedera helix,Yes
plant_images/3285.jpg,9,Parthenocissus quinquefolia,No
plant_images/12224.jpg,10,Persicaria perfoliata,Yes
plant_images/6640.jpg,12,Alliaria petiolata,Yes
plant_images/25562.jpg,9,Parthenocissus quinquefolia,No
plant_images/25344.jpg,2,Elaeagnus umbellata,Yes
plant_images/19293.jpg,7,Campsis radicans,No
plant_images/27497.jpg,6,Lonicera japonica,Yes
plant_images/18104.jpg,14,Ficaria verna,Yes
plant_images/17832.jpg,4,Rubus phoenicolasius,Yes
plant_images/8005.jpg,6,Lonicera japonica,Yes
plant_images/2362.jpg,12,Alliaria petiolata,Yes
plant_images/12823.jpg,12,Alliaria petiolata,Yes
plant_images/11431.jpg,15,Packera aurea,No
plant_images/6988.jpg,14,Ficaria verna,Yes
plant_images/5640.jpg,12,Alliaria petiolata,Yes
plant_images/5097.jpg,9,Parthenocissus quinquefolia,No
plant_images/27337.jpg,6,Lonicera japonica,Yes
plant_images/17943.jpg,8,Hedera helix,Yes
plant_images/12422.jpg,1,Rhus copallinum,No
plant_images/21698.jpg,0,Ailanthus altissima,Yes
plant_images/16854.jpg,3,Asimina triloba,No
plant_images/21641.jpg,12,Alliaria petiolata,Yes
plant_images/583.jpg,4,Rubus phoenicolasius,Yes
plant_images/22169.jpg,12,Alliaria petiolata,Yes
plant_images/27590.jpg,6,Lonicera japonica,Yes
plant_images/1665.jpg,6,Lonicera japonica,Yes
plant_images/14147.jpg,9,Parthenocissus quinquefolia,No
plant_images/8035.jpg,2,Elaeagnus umbellata,Yes
plant_images/5805.jpg,8,Hedera helix,Yes
plant_images/21911.jpg,9,Parthenocissus quinquefolia,No
plant_images/18158.jpg,3,Asimina triloba,No
plant_images/16252.jpg,9,Parthenocissus quinquefolia,No
plant_images/19944.jpg,0,Ailanthus altissima,Yes
plant_images/5353.jpg,6,Lonicera japonica,Yes
plant_images/14257.jpg,1,Rhus copallinum,No
plant_images/20151.jpg,4,Rubus phoenicolasius,Yes
plant_images/26245.jpg,3,Asimina triloba,No
plant_images/10641.jpg,14,Ficaria verna,Yes
plant_images/9253.jpg,4,Rubus phoenicolasius,Yes
plant_images/13457.jpg,6,Lonicera japonica,Yes
plant_images/27145.jpg,4,Rubus phoenicolasius,Yes
plant_images/19329.jpg,6,Lonicera japonica,Yes
plant_images/4426.jpg,15,Packera aurea,No
plant_images/2650.jpg,9,Parthenocissus quinquefolia,No
plant_images/5873.jpg,9,Parthenocissus quinquefolia,No
plant_images/16049.jpg,14,Ficaria verna,Yes
plant_images/3386.jpg,8,Hedera helix,Yes
plant_images/15399.jpg,9,Parthenocissus quinquefolia,No
plant_images/9239.jpg,14,Ficaria verna,Yes
plant_images/10938.jpg,6,Lonicera japonica,Yes
plant_images/8925.jpg,3,Asimina triloba,No
plant_images/1984.jpg,14,Ficaria verna,Yes
plant_images/453.jpg,9,Parthenocissus quinquefolia,No
plant_images/16469.jpg,9,Parthenocissus quinquefolia,No
plant_images/26607.jpg,9,Parthenocissus quinquefolia,No
plant_images/16720.jpg,8,Hedera helix,Yes
plant_images/22088.jpg,3,Asimina triloba,No
plant_images/16989.jpg,4,Rubus phoenicolasius,Yes
plant_images/23742.jpg,15,Packera aurea,No
plant_images/17525.jpg,8,Hedera helix,Yes
plant_images/21187.jpg,5,Rubus occidentalis,No
plant_images/6024.jpg,0,Ailanthus altissima,Yes
plant_images/8518.jpg,2,Elaeagnus umbellata,Yes
plant_images/23662.jpg,15,Packera aurea,No
plant_images/18868.jpg,13,Geum canadense,No
plant_images/13759.jpg,4,Rubus phoenicolasius,Yes
plant_images/14845.jpg,2,Elaeagnus umbellata,Yes
plant_images/13849.jpg,3,Asimina triloba,No
plant_images/3287.jpg,0,Ailanthus altissima,Yes
plant_images/2686.jpg,8,Hedera helix,Yes
plant_images/10837.jpg,2,Elaeagnus umbellata,Yes
plant_images/10557.jpg,11,Persicaria sagittata,No
plant_images/10355.jpg,7,Campsis radicans,No
plant_images/25852.jpg,13,Geum canadense,No
plant_images/27251.jpg,8,Hedera helix,Yes
plant_images/2188.jpg,8,Hedera helix,Yes
plant_images/7442.jpg,12,Alliaria petiolata,Yes
plant_images/17983.jpg,14,Ficaria verna,Yes
plant_images/12092.jpg,0,Ailanthus altissima,Yes
plant_images/26558.jpg,12,Alliaria petiolata,Yes
plant_images/19216.jpg,7,Campsis radicans,No
plant_images/27930.jpg,2,Elaeagnus umbellata,Yes
plant_images/25577.jpg,4,Rubus phoenicolasius,Yes
plant_images/11069.jpg,6,Lonicera japonica,Yes
plant_images/21343.jpg,11,Persicaria sagittata,No
plant_images/5571.jpg,12,Alliaria petiolata,Yes
plant_images/27903.jpg,2,Elaeagnus umbellata,Yes
plant_images/10274.jpg,9,Parthenocissus quinquefolia,No
plant_images/10028.jpg,9,Parthenocissus quinquefolia,No
plant_images/26279.jpg,13,Geum canadense,No
plant_images/14579.jpg,14,Ficaria verna,Yes
plant_images/13645.jpg,0,Ailanthus altissima,Yes
plant_images/3494.jpg,14,Ficaria verna,Yes
plant_images/6285.jpg,9,Parthenocissus quinquefolia,No
plant_images/26727.jpg,1,Rhus copallinum,No
plant_images/2437.jpg,12,Alliaria petiolata,Yes
plant_images/14473.jpg,14,Ficaria verna,Yes
plant_images/16444.jpg,6,Lonicera japonica,Yes
plant_images/12752.jpg,14,Ficaria verna,Yes
plant_images/4034.jpg,12,Alliaria petiolata,Yes
plant_images/20383.jpg,7,Campsis radicans,No
plant_images/21391.jpg,10,Persicaria perfoliata,Yes
plant_images/1280.jpg,9,Parthenocissus quinquefolia,No
plant_images/17956.jpg,14,Ficaria verna,Yes
plant_images/654.jpg,4,Rubus phoenicolasius,Yes
plant_images/16012.jpg,14,Ficaria verna,Yes
plant_images/6088.jpg,7,Campsis radicans,No
plant_images/1404.jpg,7,Campsis radicans,No
plant_images/4044.jpg,3,Asimina triloba,No
plant_images/12017.jpg,9,Parthenocissus quinquefolia,No
plant_images/19613.jpg,1,Rhus copallinum,No
plant_images/16751.jpg,6,Lonicera japonica,Yes
plant_images/10845.jpg,9,Parthenocissus quinquefolia,No
plant_images/11161.jpg,15,Packera aurea,No
plant_images/6446.jpg,9,Parthenocissus quinquefolia,No
plant_images/17066.jpg,4,Rubus phoenicolasius,Yes
plant_images/5010.jpg,14,Ficaria verna,Yes
plant_images/7544.jpg,6,Lonicera japonica,Yes
plant_images/24949.jpg,2,Elaeagnus umbellata,Yes
plant_images/13981.jpg,3,Asimina triloba,No
plant_images/5785.jpg,9,Parthenocissus quinquefolia,No
plant_images/10526.jpg,4,Rubus phoenicolasius,Yes
plant_images/1733.jpg,9,Parthenocissus quinquefolia,No
plant_images/20978.jpg,14,Ficaria verna,Yes
plant_images/14401.jpg,14,Ficaria verna,Yes
plant_images/26327.jpg,7,Campsis radicans,No
plant_images/16430.jpg,14,Ficaria verna,Yes
plant_images/11423.jpg,15,Packera aurea,No
plant_images/3405.jpg,13,Geum canadense,No
plant_images/5520.jpg,14,Ficaria verna,Yes
plant_images/23912.jpg,6,Lonicera japonica,Yes
plant_images/15523.jpg,7,Campsis radicans,No
plant_images/27191.jpg,5,Rubus occidentalis,No
plant_images/5828.jpg,8,Hedera helix,Yes
plant_images/3112.jpg,3,Asimina triloba,No
plant_images/12971.jpg,2,Elaeagnus umbellata,Yes
plant_images/22158.jpg,3,Asimina triloba,No
plant_images/10728.jpg,10,Persicaria perfoliata,Yes
plant_images/17779.jpg,12,Alliaria petiolata,Yes
plant_images/17434.jpg,1,Rhus copallinum,No
plant_images/28065.jpg,12,Alliaria petiolata,Yes
plant_images/556.jpg,9,Parthenocissus quinquefolia,No
plant_images/1143.jpg,0,Ailanthus altissima,Yes
plant_images/14295.jpg,3,Asimina triloba,No
plant_images/10528.jpg,2,Elaeagnus umbellata,Yes
plant_images/2051.jpg,12,Alliaria petiolata,Yes
plant_images/19263.jpg,12,Alliaria petiolata,Yes
plant_images/19414.jpg,1,Rhus copallinum,No
plant_images/4658.jpg,0,Ailanthus altissima,Yes
plant_images/9741.jpg,6,Lonicera japonica,Yes
plant_images/25034.jpg,12,Alliaria petiolata,Yes
plant_images/6068.jpg,15,Packera aurea,No
plant_images/3715.jpg,9,Parthenocissus quinquefolia,No
plant_images/10043.jpg,9,Parthenocissus quinquefolia,No
plant_images/11249.jpg,9,Parthenocissus quinquefolia,No
plant_images/20606.jpg,12,Alliaria petiolata,Yes
plant_images/25805.jpg,7,Campsis radicans,No
plant_images/16339.jpg,9,Parthenocissus quinquefolia,No
plant_images/27260.jpg,3,Asimina triloba,No
plant_images/27279.jpg,0,Ailanthus altissima,Yes
plant_images/9360.jpg,3,Asimina triloba,No
plant_images/19877.jpg,12,Alliaria petiolata,Yes
plant_images/9219.jpg,12,Alliaria petiolata,Yes
plant_images/35.jpg,10,Persicaria perfoliata,Yes
plant_images/12200.jpg,9,Parthenocissus quinquefolia,No
plant_images/23723.jpg,3,Asimina triloba,No
plant_images/12327.jpg,8,Hedera helix,Yes
plant_images/5662.jpg,2,Elaeagnus umbellata,Yes
plant_images/22277.jpg,3,Asimina triloba,No
plant_images/6824.jpg,14,Ficaria verna,Yes
plant_images/16568.jpg,4,Rubus phoenicolasius,Yes
plant_images/1211.jpg,0,Ailanthus altissima,Yes
plant_images/25212.jpg,6,Lonicera japonica,Yes
plant_images/7614.jpg,14,Ficaria verna,Yes
plant_images/26681.jpg,1,Rhus copallinum,No
plant_images/3127.jpg,9,Parthenocissus quinquefolia,No
plant_images/1237.jpg,9,Parthenocissus quinquefolia,No
plant_images/20389.jpg,1,Rhus copallinum,No
plant_images/6757.jpg,14,Ficaria verna,Yes
plant_images/19317.jpg,7,Campsis radicans,No
plant_images/19285.jpg,10,Persicaria perfoliata,Yes
plant_images/24302.jpg,6,Lonicera japonica,Yes
plant_images/22444.jpg,6,Lonicera japonica,Yes
plant_images/16915.jpg,0,Ailanthus altissima,Yes
plant_images/19753.jpg,2,Elaeagnus umbellata,Yes
plant_images/23274.jpg,3,Asimina triloba,No
plant_images/24291.jpg,11,Persicaria sagittata,No
plant_images/7538.jpg,14,Ficaria verna,Yes
plant_images/20519.jpg,4,Rubus phoenicolasius,Yes
plant_images/7486.jpg,6,Lonicera japonica,Yes
plant_images/22255.jpg,7,Campsis radicans,No
plant_images/7408.jpg,14,Ficaria verna,Yes
plant_images/26762.jpg,11,Persicaria sagittata,No
plant_images/20668.jpg,10,Persicaria perfoliata,Yes
plant_images/10430.jpg,1,Rhus copallinum,No
plant_images/11341.jpg,12,Alliaria petiolata,Yes
plant_images/22662.jpg,0,Ailanthus altissima,Yes
plant_images/15733.jpg,3,Asimina triloba,No
plant_images/16617.jpg,9,Parthenocissus quinquefolia,No
plant_images/955.jpg,12,Alliaria petiolata,Yes
plant_images/22932.jpg,4,Rubus phoenicolasius,Yes
plant_images/12049.jpg,1,Rhus copallinum,No
plant_images/27561.jpg,12,Alliaria petiolata,Yes
plant_images/7899.jpg,4,Rubus phoenicolasius,Yes
plant_images/14210.jpg,2,Elaeagnus umbellata,Yes
plant_images/17076.jpg,9,Parthenocissus quinquefolia,No
plant_images/5741.jpg,12,Alliaria petiolata,Yes
plant_images/24752.jpg,3,Asimina triloba,No
plant_images/24434.jpg,3,Asimina triloba,No
plant_images/15480.jpg,0,Ailanthus altissima,Yes
plant_images/26831.jpg,7,Campsis radicans,No
plant_images/20490.jpg,3,Asimina triloba,No
plant_images/26894.jpg,3,Asimina triloba,No
plant_images/8742.jpg,9,Parthenocissus quinquefolia,No
plant_images/11198.jpg,15,Packera aurea,No
plant_images/2288.jpg,1,Rhus copallinum,No
plant_images/2059.jpg,9,Parthenocissus quinquefolia,No
plant_images/9966.jpg,12,Alliaria petiolata,Yes
plant_images/13342.jpg,9,Parthenocissus quinquefolia,No
plant_images/23079.jpg,3,Asimina triloba,No
plant_images/14569.jpg,8,Hedera helix,Yes
plant_images/15414.jpg,4,Rubus phoenicolasius,Yes
plant_images/8593.jpg,2,Elaeagnus umbellata,Yes
plant_images/2115.jpg,7,Campsis radicans,No
plant_images/20132.jpg,9,Parthenocissus quinquefolia,No
plant_images/14752.jpg,3,Asimina triloba,No
plant_images/19669.jpg,3,Asimina triloba,No
plant_images/27633.jpg,6,Lonicera japonica,Yes
plant_images/1963.jpg,8,Hedera helix,Yes
plant_images/10051.jpg,9,Parthenocissus quinquefolia,No
plant_images/1503.jpg,14,Ficaria verna,Yes
plant_images/14667.jpg,14,Ficaria verna,Yes
plant_images/22918.jpg,4,Rubus phoenicolasius,Yes
plant_images/15650.jpg,3,Asimina triloba,No
plant_images/7802.jpg,8,Hedera helix,Yes
plant_images/162.jpg,14,Ficaria verna,Yes
plant_images/9262.jpg,6,Lonicera japonica,Yes
plant_images/23780.jpg,6,Lonicera japonica,Yes
plant_images/23153.jpg,9,Parthenocissus quinquefolia,No
plant_images/7579.jpg,13,Geum canadense,No
plant_images/12400.jpg,8,Hedera helix,Yes
plant_images/6181.jpg,12,Alliaria petiolata,Yes
plant_images/12782.jpg,14,Ficaria verna,Yes
plant_images/3144.jpg,0,Ailanthus altissima,Yes
plant_images/20599.jpg,2,Elaeagnus umbellata,Yes
plant_images/18137.jpg,9,Parthenocissus quinquefolia,No
plant_images/2192.jpg,9,Parthenocissus quinquefolia,No
plant_images/20543.jpg,12,Alliaria petiolata,Yes
plant_images/20240.jpg,4,Rubus phoenicolasius,Yes
plant_images/3650.jpg,6,Lonicera japonica,Yes
plant_images/12764.jpg,14,Ficaria verna,Yes
plant_images/7375.jpg,2,Elaeagnus umbellata,Yes
plant_images/1590.jpg,14,Ficaria verna,Yes
plant_images/17785.jpg,6,Lonicera japonica,Yes
plant_images/11030.jpg,6,Lonicera japonica,Yes
plant_images/24400.jpg,8,Hedera helix,Yes
plant_images/24258.jpg,4,Rubus phoenicolasius,Yes
plant_images/983.jpg,4,Rubus phoenicolasius,Yes
plant_images/7871.jpg,4,Rubus phoenicolasius,Yes
plant_images/3827.jpg,9,Parthenocissus quinquefolia,No
plant_images/2971.jpg,12,Alliaria petiolata,Yes
plant_images/22411.jpg,6,Lonicera japonica,Yes
plant_images/17804.jpg,6,Lonicera japonica,Yes
plant_images/6805.jpg,12,Alliaria petiolata,Yes
plant_images/13918.jpg,7,Campsis radicans,No
plant_images/5400.jpg,11,Persicaria sagittata,No
plant_images/9730.jpg,2,Elaeagnus umbellata,Yes
plant_images/24548.jpg,1,Rhus copallinum,No
plant_images/24485.jpg,6,Lonicera japonica,Yes
plant_images/13108.jpg,0,Ailanthus altissima,Yes
plant_images/16905.jpg,12,Alliaria petiolata,Yes
plant_images/4535.jpg,0,Ailanthus altissima,Yes
plant_images/20551.jpg,9,Parthenocissus quinquefolia,No
plant_images/7362.jpg,14,Ficaria verna,Yes
plant_images/18600.jpg,12,Alliaria petiolata,Yes
plant_images/15208.jpg,6,Lonicera japonica,Yes
plant_images/9544.jpg,2,Elaeagnus umbellata,Yes
plant_images/15065.jpg,12,Alliaria petiolata,Yes
plant_images/14642.jpg,15,Packera aurea,No
plant_images/18398.jpg,3,Asimina triloba,No
plant_images/7112.jpg,2,Elaeagnus umbellata,Yes
plant_images/17807.jpg,6,Lonicera japonica,Yes
plant_images/22344.jpg,4,Rubus phoenicolasius,Yes
plant_images/24121.jpg,7,Campsis radicans,No
plant_images/19849.jpg,6,Lonicera japonica,Yes
plant_images/6404.jpg,3,Asimina triloba,No
plant_images/16878.jpg,2,Elaeagnus umbellata,Yes
plant_images/20916.jpg,12,Alliaria petiolata,Yes
plant_images/14605.jpg,12,Alliaria petiolata,Yes
plant_images/10106.jpg,12,Alliaria petiolata,Yes
plant_images/18288.jpg,14,Ficaria verna,Yes
plant_images/942.jpg,14,Ficaria verna,Yes
plant_images/8921.jpg,6,Lonicera japonica,Yes
plant_images/14398.jpg,14,Ficaria verna,Yes
plant_images/22915.jpg,12,Alliaria petiolata,Yes
plant_images/8117.jpg,7,Campsis radicans,No
plant_images/7804.jpg,9,Parthenocissus quinquefolia,No
plant_images/27428.jpg,6,Lonicera japonica,Yes
plant_images/24007.jpg,7,Campsis radicans,No
plant_images/24179.jpg,4,Rubus phoenicolasius,Yes
plant_images/10093.jpg,9,Parthenocissus quinquefolia,No
plant_images/18311.jpg,12,Alliaria petiolata,Yes
plant_images/21815.jpg,0,Ailanthus altissima,Yes
plant_images/8652.jpg,0,Ailanthus altissima,Yes
plant_images/10544.jpg,13,Geum canadense,No
plant_images/5523.jpg,15,Packera aurea,No
plant_images/17450.jpg,6,Lonicera japonica,Yes
plant_images/2635.jpg,12,Alliaria petiolata,Yes
plant_images/99.jpg,4,Rubus phoenicolasius,Yes
plant_images/14847.jpg,14,Ficaria verna,Yes
plant_images/8637.jpg,6,Lonicera japonica,Yes
plant_images/21323.jpg,2,Elaeagnus umbellata,Yes
plant_images/5591.jpg,12,Alliaria petiolata,Yes
plant_images/19697.jpg,4,Rubus phoenicolasius,Yes
plant_images/11376.jpg,15,Packera aurea,No
plant_images/19966.jpg,2,Elaeagnus umbellata,Yes
plant_images/1109.jpg,4,Rubus phoenicolasius,Yes
plant_images/1719.jpg,12,Alliaria petiolata,Yes
plant_images/8789.jpg,6,Lonicera japonica,Yes
plant_images/16890.jpg,1,Rhus copallinum,No
plant_images/25945.jpg,1,Rhus copallinum,No
plant_images/22202.jpg,6,Lonicera japonica,Yes
plant_images/4722.jpg,3,Asimina triloba,No
plant_images/17545.jpg,6,Lonicera japonica,Yes
plant_images/4272.jpg,12,Alliaria petiolata,Yes
plant_images/4299.jpg,0,Ailanthus altissima,Yes
plant_images/17044.jpg,3,Asimina triloba,No
plant_images/4556.jpg,0,Ailanthus altissima,Yes
plant_images/10125.jpg,7,Campsis radicans,No
plant_images/21320.jpg,2,Elaeagnus umbellata,Yes
plant_images/16624.jpg,4,Rubus phoenicolasius,Yes
plant_images/13878.jpg,6,Lonicera japonica,Yes
plant_images/18667.jpg,2,Elaeagnus umbellata,Yes
plant_images/23244.jpg,4,Rubus phoenicolasius,Yes
plant_images/1592.jpg,14,Ficaria verna,Yes
plant_images/3831.jpg,9,Parthenocissus quinquefolia,No
plant_images/4673.jpg,0,Ailanthus altissima,Yes
plant_images/27757.jpg,0,Ailanthus altissima,Yes
plant_images/12547.jpg,14,Ficaria verna,Yes
plant_images/20671.jpg,12,Alliaria petiolata,Yes
plant_images/21521.jpg,6,Lonicera japonica,Yes
plant_images/16509.jpg,2,Elaeagnus umbellata,Yes
plant_images/6574.jpg,0,Ailanthus altissima,Yes
plant_images/26490.jpg,15,Packera aurea,No
plant_images/7490.jpg,9,Parthenocissus quinquefolia,No
plant_images/17650.jpg,6,Lonicera japonica,Yes
plant_images/3607.jpg,3,Asimina triloba,No
plant_images/7272.jpg,4,Rubus phoenicolasius,Yes
plant_images/14953.jpg,9,Parthenocissus quinquefolia,No
plant_images/22822.jpg,6,Lonicera japonica,Yes
plant_images/15948.jpg,6,Lonicera japonica,Yes
plant_images/12403.jpg,6,Lonicera japonica,Yes
plant_images/1181.jpg,4,Rubus phoenicolasius,Yes
plant_images/28016.jpg,4,Rubus phoenicolasius,Yes
plant_images/4807.jpg,12,Alliaria petiolata,Yes
plant_images/6123.jpg,12,Alliaria petiolata,Yes
plant_images/1888.jpg,4,Rubus phoenicolasius,Yes
plant_images/13235.jpg,4,Rubus phoenicolasius,Yes
plant_images/16402.jpg,3,Asimina triloba,No
plant_images/8064.jpg,13,Geum canadense,No
plant_images/25242.jpg,0,Ailanthus altissima,Yes
plant_images/1498.jpg,14,Ficaria verna,Yes
plant_images/10539.jpg,10,Persicaria perfoliata,Yes
plant_images/10568.jpg,4,Rubus phoenicolasius,Yes
plant_images/1894.jpg,3,Asimina triloba,No
plant_images/12790.jpg,14,Ficaria verna,Yes
plant_images/3702.jpg,12,Alliaria petiolata,Yes
plant_images/7797.jpg,6,Lonicera japonica,Yes
plant_images/13667.jpg,3,Asimina triloba,No
plant_images/19170.jpg,14,Ficaria verna,Yes
plant_images/18659.jpg,3,Asimina triloba,No
plant_images/16059.jpg,14,Ficaria verna,Yes
plant_images/23378.jpg,11,Persicaria sagittata,No
plant_images/21718.jpg,4,Rubus phoenicolasius,Yes
plant_images/20293.jpg,6,Lonicera japonica,Yes
plant_images/10167.jpg,8,Hedera helix,Yes
plant_images/13764.jpg,3,Asimina triloba,No
plant_images/13753.jpg,9,Parthenocissus quinquefolia,No
plant_images/10248.jpg,7,Campsis radicans,No
plant_images/3932.jpg,4,Rubus phoenicolasius,Yes
plant_images/8772.jpg,3,Asimina triloba,No
plant_images/25841.jpg,3,Asimina triloba,No
plant_images/14088.jpg,7,Campsis radicans,No
plant_images/6510.jpg,10,Persicaria perfoliata,Yes
plant_images/25251.jpg,3,Asimina triloba,No
plant_images/11656.jpg,7,Campsis radicans,No
plant_images/18538.jpg,7,Campsis radicans,No
plant_images/16826.jpg,6,Lonicera japonica,Yes
plant_images/28240.jpg,4,Rubus phoenicolasius,Yes
plant_images/21410.jpg,0,Ailanthus altissima,Yes
plant_images/18785.jpg,12,Alliaria petiolata,Yes
plant_images/25065.jpg,6,Lonicera japonica,Yes
plant_images/17936.jpg,14,Ficaria verna,Yes
plant_images/16173.jpg,3,Asimina triloba,No
plant_images/16272.jpg,3,Asimina triloba,No
plant_images/5962.jpg,3,Asimina triloba,No
plant_images/22756.jpg,12,Alliaria petiolata,Yes
plant_images/4181.jpg,12,Alliaria petiolata,Yes
plant_images/10016.jpg,2,Elaeagnus umbellata,Yes
plant_images/10278.jpg,7,Campsis radicans,No
plant_images/2104.jpg,9,Parthenocissus quinquefolia,No
plant_images/9975.jpg,9,Parthenocissus quinquefolia,No
plant_images/19288.jpg,7,Campsis radicans,No
plant_images/14448.jpg,14,Ficaria verna,Yes
plant_images/24208.jpg,6,Lonicera japonica,Yes
plant_images/2855.jpg,6,Lonicera japonica,Yes
plant_images/5533.jpg,14,Ficaria verna,Yes
plant_images/16862.jpg,7,Campsis radicans,No
plant_images/10531.jpg,11,Persicaria sagittata,No
plant_images/9338.jpg,15,Packera aurea,No
plant_images/21652.jpg,0,Ailanthus altissima,Yes
plant_images/6608.jpg,1,Rhus copallinum,No
plant_images/10231.jpg,9,Parthenocissus quinquefolia,No
plant_images/6967.jpg,2,Elaeagnus umbellata,Yes
plant_images/933.jpg,12,Alliaria petiolata,Yes
plant_images/23339.jpg,4,Rubus phoenicolasius,Yes
plant_images/21907.jpg,10,Persicaria perfoliata,Yes
plant_images/5224.jpg,5,Rubus occidentalis,No
plant_images/15844.jpg,8,Hedera helix,Yes
plant_images/27645.jpg,3,Asimina triloba,No
plant_images/11440.jpg,0,Ailanthus altissima,Yes
plant_images/18414.jpg,2,Elaeagnus umbellata,Yes
plant_images/20674.jpg,2,Elaeagnus umbellata,Yes
plant_images/2986.jpg,9,Parthenocissus quinquefolia,No
plant_images/6444.jpg,1,Rhus copallinum,No
plant_images/16048.jpg,8,Hedera helix,Yes
plant_images/22984.jpg,4,Rubus phoenicolasius,Yes
plant_images/19659.jpg,4,Rubus phoenicolasius,Yes
plant_images/9230.jpg,14,Ficaria verna,Yes
plant_images/3211.jpg,9,Parthenocissus quinquefolia,No
plant_images/23078.jpg,7,Campsis radicans,No
plant_images/11517.jpg,8,Hedera helix,Yes
plant_images/3549.jpg,9,Parthenocissus quinquefolia,No
plant_images/18337.jpg,9,Parthenocissus quinquefolia,No
plant_images/18624.jpg,15,Packera aurea,No
plant_images/3613.jpg,4,Rubus phoenicolasius,Yes
plant_images/15497.jpg,1,Rhus copallinum,No
plant_images/21531.jpg,6,Lonicera japonica,Yes
plant_images/7129.jpg,6,Lonicera japonica,Yes
plant_images/9184.jpg,14,Ficaria verna,Yes
plant_images/10258.jpg,7,Campsis radicans,No
plant_images/9179.jpg,14,Ficaria verna,Yes
plant_images/26879.jpg,9,Parthenocissus quinquefolia,No
plant_images/20259.jpg,2,Elaeagnus umbellata,Yes
plant_images/5504.jpg,14,Ficaria verna,Yes
plant_images/22231.jpg,3,Asimina triloba,No
plant_images/17129.jpg,3,Asimina triloba,No
plant_images/2543.jpg,9,Parthenocissus quinquefolia,No
plant_images/21603.jpg,12,Alliaria petiolata,Yes
plant_images/18195.jpg,2,Elaeagnus umbellata,Yes
plant_images/4408.jpg,14,Ficaria verna,Yes
plant_images/6138.jpg,10,Persicaria perfoliata,Yes
plant_images/28109.jpg,2,Elaeagnus umbellata,Yes
plant_images/8423.jpg,8,Hedera helix,Yes
plant_images/13721.jpg,5,Rubus occidentalis,No
plant_images/14589.jpg,6,Lonicera japonica,Yes
plant_images/6126.jpg,2,Elaeagnus umbellata,Yes
plant_images/27764.jpg,4,Rubus phoenicolasius,Yes
plant_images/5242.jpg,6,Lonicera japonica,Yes
plant_images/23232.jpg,1,Rhus copallinum,No
plant_images/7976.jpg,0,Ailanthus altissima,Yes
plant_images/24213.jpg,12,Alliaria petiolata,Yes
plant_images/25917.jpg,9,Parthenocissus quinquefolia,No
plant_images/4301.jpg,12,Alliaria petiolata,Yes
plant_images/11914.jpg,7,Campsis radicans,No
plant_images/14140.jpg,3,Asimina triloba,No
plant_images/2398.jpg,13,Geum canadense,No
plant_images/17921.jpg,6,Lonicera japonica,Yes
plant_images/14963.jpg,9,Parthenocissus quinquefolia,No
plant_images/10235.jpg,3,Asimina triloba,No
plant_images/24776.jpg,2,Elaeagnus umbellata,Yes
plant_images/9873.jpg,15,Packera aurea,No
plant_images/8614.jpg,12,Alliaria petiolata,Yes
plant_images/3215.jpg,10,Persicaria perfoliata,Yes
plant_images/14625.jpg,14,Ficaria verna,Yes
plant_images/22682.jpg,12,Alliaria petiolata,Yes
plant_images/6306.jpg,13,Geum canadense,No
plant_images/15491.jpg,7,Campsis radicans,No
plant_images/3952.jpg,0,Ailanthus altissima,Yes
plant_images/25386.jpg,10,Persicaria perfoliata,Yes
plant_images/15224.jpg,4,Rubus phoenicolasius,Yes
plant_images/28261.jpg,0,Ailanthus altissima,Yes
plant_images/15098.jpg,8,Hedera helix,Yes
plant_images/10290.jpg,4,Rubus phoenicolasius,Yes
plant_images/18211.jpg,12,Alliaria petiolata,Yes
plant_images/25293.jpg,1,Rhus copallinum,No
plant_images/28034.jpg,13,Geum canadense,No
plant_images/1578.jpg,14,Ficaria verna,Yes
plant_images/26210.jpg,6,Lonicera japonica,Yes
plant_images/20241.jpg,3,Asimina triloba,No
plant_images/14384.jpg,6,Lonicera japonica,Yes
plant_images/20893.jpg,10,Persicaria perfoliata,Yes
plant_images/11244.jpg,10,Persicaria perfoliata,Yes
plant_images/10562.jpg,2,Elaeagnus umbellata,Yes
plant_images/27758.jpg,10,Persicaria perfoliata,Yes
plant_images/25201.jpg,6,Lonicera japonica,Yes
plant_images/26527.jpg,2,Elaeagnus umbellata,Yes
plant_images/26682.jpg,6,Lonicera japonica,Yes
plant_images/28293.jpg,3,Asimina triloba,No
plant_images/18191.jpg,12,Alliaria petiolata,Yes
plant_images/6746.jpg,14,Ficaria verna,Yes
plant_images/19318.jpg,6,Lonicera japonica,Yes
plant_images/27531.jpg,14,Ficaria verna,Yes
plant_images/15750.jpg,3,Asimina triloba,No
plant_images/11798.jpg,4,Rubus phoenicolasius,Yes
plant_images/19358.jpg,3,Asimina triloba,No
plant_images/20940.jpg,1,Rhus copallinum,No
plant_images/4432.jpg,12,Alliaria petiolata,Yes
plant_images/22377.jpg,10,Persicaria perfoliata,Yes
plant_images/4065.jpg,15,Packera aurea,No
plant_images/1889.jpg,4,Rubus phoenicolasius,Yes
plant_images/23162.jpg,4,Rubus phoenicolasius,Yes
plant_images/20257.jpg,10,Persicaria perfoliata,Yes
plant_images/4810.jpg,9,Parthenocissus quinquefolia,No
plant_images/10904.jpg,14,Ficaria verna,Yes
plant_images/26004.jpg,6,Lonicera japonica,Yes
plant_images/6195.jpg,13,Geum canadense,No
plant_images/2476.jpg,9,Parthenocissus quinquefolia,No
plant_images/15747.jpg,12,Alliaria petiolata,Yes
plant_images/17543.jpg,7,Campsis radicans,No
plant_images/19958.jpg,4,Rubus phoenicolasius,Yes
plant_images/24357.jpg,7,Campsis radicans,No
plant_images/24539.jpg,1,Rhus copallinum,No
plant_images/19626.jpg,3,Asimina triloba,No
plant_images/18721.jpg,9,Parthenocissus quinquefolia,No
plant_images/16225.jpg,15,Packera aurea,No
plant_images/22221.jpg,7,Campsis radicans,No
plant_images/4497.jpg,9,Parthenocissus quinquefolia,No
plant_images/4055.jpg,14,Ficaria verna,Yes
plant_images/1708.jpg,12,Alliaria petiolata,Yes
plant_images/14658.jpg,4,Rubus phoenicolasius,Yes
plant_images/13481.jpg,6,Lonicera japonica,Yes
plant_images/5623.jpg,12,Alliaria petiolata,Yes
plant_images/104.jpg,9,Parthenocissus quinquefolia,No
plant_images/22628.jpg,14,Ficaria verna,Yes
plant_images/18216.jpg,12,Alliaria petiolata,Yes
plant_images/3248.jpg,7,Campsis radicans,No
plant_images/20562.jpg,12,Alliaria petiolata,Yes
plant_images/15980.jpg,14,Ficaria verna,Yes
plant_images/4453.jpg,7,Campsis radicans,No
plant_images/3695.jpg,6,Lonicera japonica,Yes
plant_images/26855.jpg,11,Persicaria sagittata,No
plant_images/17181.jpg,6,Lonicera japonica,Yes
plant_images/24194.jpg,3,Asimina triloba,No
plant_images/10621.jpg,11,Persicaria sagittata,No
plant_images/16372.jpg,12,Alliaria petiolata,Yes
plant_images/20920.jpg,6,Lonicera japonica,Yes
plant_images/12869.jpg,13,Geum canadense,No
plant_images/13249.jpg,15,Packera aurea,No
plant_images/5299.jpg,0,Ailanthus altissima,Yes
plant_images/15904.jpg,14,Ficaria verna,Yes
plant_images/645.jpg,9,Parthenocissus quinquefolia,No
plant_images/19590.jpg,9,Parthenocissus quinquefolia,No
plant_images/13405.jpg,8,Hedera helix,Yes
plant_images/6644.jpg,14,Ficaria verna,Yes
plant_images/18643.jpg,8,Hedera helix,Yes
plant_images/8267.jpg,2,Elaeagnus umbellata,Yes
plant_images/14409.jpg,6,Lonicera japonica,Yes
plant_images/2372.jpg,6,Lonicera japonica,Yes
plant_images/24128.jpg,6,Lonicera japonica,Yes
plant_images/8244.jpg,8,Hedera helix,Yes
plant_images/19704.jpg,3,Asimina triloba,No
plant_images/4982.jpg,12,Alliaria petiolata,Yes
plant_images/2135.jpg,15,Packera aurea,No
plant_images/25460.jpg,4,Rubus phoenicolasius,Yes
plant_images/6625.jpg,6,Lonicera japonica,Yes
plant_images/23152.jpg,2,Elaeagnus umbellata,Yes
plant_images/25789.jpg,7,Campsis radicans,No
plant_images/20992.jpg,12,Alliaria petiolata,Yes
plant_images/13886.jpg,3,Asimina triloba,No
plant_images/15102.jpg,2,Elaeagnus umbellata,Yes
plant_images/22198.jpg,9,Parthenocissus quinquefolia,No
plant_images/8627.jpg,10,Persicaria perfoliata,Yes
plant_images/26521.jpg,14,Ficaria verna,Yes
plant_images/17217.jpg,1,Rhus copallinum,No
plant_images/6314.jpg,10,Persicaria perfoliata,Yes
plant_images/14606.jpg,12,Alliaria petiolata,Yes
plant_images/8569.jpg,9,Parthenocissus quinquefolia,No
plant_images/20641.jpg,9,Parthenocissus quinquefolia,No
plant_images/20067.jpg,2,Elaeagnus umbellata,Yes
plant_images/12447.jpg,8,Hedera helix,Yes
plant_images/17682.jpg,3,Asimina triloba,No
plant_images/22494.jpg,10,Persicaria perfoliata,Yes
plant_images/20689.jpg,12,Alliaria petiolata,Yes
plant_images/21692.jpg,4,Rubus phoenicolasius,Yes
plant_images/19565.jpg,7,Campsis radicans,No
plant_images/18700.jpg,15,Packera aurea,No
plant_images/27957.jpg,9,Parthenocissus quinquefolia,No
plant_images/23674.jpg,3,Asimina triloba,No
plant_images/19553.jpg,11,Persicaria sagittata,No
plant_images/8228.jpg,13,Geum canadense,No
plant_images/18050.jpg,14,Ficaria verna,Yes
plant_images/25809.jpg,7,Campsis radicans,No
plant_images/26423.jpg,11,Persicaria sagittata,No
plant_images/2923.jpg,14,Ficaria verna,Yes
plant_images/17058.jpg,10,Persicaria perfoliata,Yes
plant_images/13783.jpg,0,Ailanthus altissima,Yes
plant_images/5065.jpg,9,Parthenocissus quinquefolia,No
plant_images/26565.jpg,12,Alliaria petiolata,Yes
plant_images/7947.jpg,12,Alliaria petiolata,Yes
plant_images/25279.jpg,7,Campsis radicans,No
plant_images/26708.jpg,9,Parthenocissus quinquefolia,No
plant_images/20566.jpg,2,Elaeagnus umbellata,Yes
plant_images/15638.jpg,10,Persicaria perfoliata,Yes
plant_images/604.jpg,9,Parthenocissus quinquefolia,No
plant_images/6782.jpg,14,Ficaria verna,Yes
plant_images/9465.jpg,3,Asimina triloba,No
plant_images/16789.jpg,3,Asimina triloba,No
plant_images/10158.jpg,9,Parthenocissus quinquefolia,No
plant_images/6841.jpg,12,Alliaria petiolata,Yes
plant_images/9382.jpg,14,Ficaria verna,Yes
plant_images/23736.jpg,9,Parthenocissus quinquefolia,No
plant_images/1154.jpg,9,Parthenocissus quinquefolia,No
plant_images/19108.jpg,9,Parthenocissus quinquefolia,No
plant_images/26434.jpg,2,Elaeagnus umbellata,Yes
plant_images/8660.jpg,3,Asimina triloba,No
plant_images/26461.jpg,2,Elaeagnus umbellata,Yes
plant_images/16831.jpg,1,Rhus copallinum,No
plant_images/1263.jpg,9,Parthenocissus quinquefolia,No
plant_images/14661.jpg,12,Alliaria petiolata,Yes
plant_images/25868.jpg,10,Persicaria perfoliata,Yes
plant_images/16498.jpg,3,Asimina triloba,No
plant_images/19993.jpg,4,Rubus phoenicolasius,Yes
plant_images/25957.jpg,4,Rubus phoenicolasius,Yes
plant_images/12974.jpg,3,Asimina triloba,No
plant_images/22413.jpg,4,Rubus phoenicolasius,Yes
plant_images/2851.jpg,8,Hedera helix,Yes
plant_images/2313.jpg,9,Parthenocissus quinquefolia,No
plant_images/22466.jpg,9,Parthenocissus quinquefolia,No
plant_images/1669.jpg,9,Parthenocissus quinquefolia,No
plant_images/17200.jpg,0,Ailanthus altissima,Yes
plant_images/3111.jpg,9,Parthenocissus quinquefolia,No
plant_images/28055.jpg,15,Packera aurea,No
plant_images/11127.jpg,12,Alliaria petiolata,Yes
plant_images/19037.jpg,6,Lonicera japonica,Yes
plant_images/8854.jpg,3,Asimina triloba,No
plant_images/22895.jpg,12,Alliaria petiolata,Yes
plant_images/13151.jpg,12,Alliaria petiolata,Yes
plant_images/180.jpg,12,Alliaria petiolata,Yes
plant_images/16488.jpg,10,Persicaria perfoliata,Yes
plant_images/19847.jpg,3,Asimina triloba,No
plant_images/16774.jpg,6,Lonicera japonica,Yes
plant_images/13348.jpg,9,Parthenocissus quinquefolia,No
plant_images/22060.jpg,3,Asimina triloba,No
plant_images/4680.jpg,9,Parthenocissus quinquefolia,No
plant_images/3667.jpg,14,Ficaria verna,Yes
plant_images/22612.jpg,12,Alliaria petiolata,Yes
plant_images/17619.jpg,6,Lonicera japonica,Yes
plant_images/17858.jpg,8,Hedera helix,Yes
plant_images/5475.jpg,10,Persicaria perfoliata,Yes
plant_images/2240.jpg,8,Hedera helix,Yes
plant_images/28215.jpg,3,Asimina triloba,No
plant_images/13659.jpg,4,Rubus phoenicolasius,Yes
plant_images/7715.jpg,9,Parthenocissus quinquefolia,No
plant_images/8039.jpg,10,Persicaria perfoliata,Yes
plant_images/13591.jpg,6,Lonicera japonica,Yes
plant_images/16589.jpg,15,Packera aurea,No
plant_images/5959.jpg,1,Rhus copallinum,No
plant_images/12009.jpg,8,Hedera helix,Yes
plant_images/23428.jpg,5,Rubus occidentalis,No
plant_images/12242.jpg,9,Parthenocissus quinquefolia,No
plant_images/14522.jpg,14,Ficaria verna,Yes
plant_images/21428.jpg,12,Alliaria petiolata,Yes
plant_images/7585.jpg,9,Parthenocissus quinquefolia,No
plant_images/26921.jpg,4,Rubus phoenicolasius,Yes
plant_images/26744.jpg,0,Ailanthus altissima,Yes
plant_images/9722.jpg,6,Lonicera japonica,Yes
plant_images/5909.jpg,2,Elaeagnus umbellata,Yes
plant_images/10929.jpg,14,Ficaria verna,Yes
plant_images/14252.jpg,9,Parthenocissus quinquefolia,No
plant_images/2393.jpg,13,Geum canadense,No
plant_images/18187.jpg,12,Alliaria petiolata,Yes
plant_images/11172.jpg,14,Ficaria verna,Yes
plant_images/1780.jpg,3,Asimina triloba,No
plant_images/9339.jpg,12,Alliaria petiolata,Yes
plant_images/27277.jpg,0,Ailanthus altissima,Yes
plant_images/16959.jpg,8,Hedera helix,Yes
plant_images/16024.jpg,14,Ficaria verna,Yes
plant_images/22902.jpg,9,Parthenocissus quinquefolia,No
plant_images/21398.jpg,9,Parthenocissus quinquefolia,No
plant_images/6070.jpg,8,Hedera helix,Yes
plant_images/17849.jpg,8,Hedera helix,Yes
plant_images/9376.jpg,14,Ficaria verna,Yes
plant_images/9320.jpg,3,Asimina triloba,No
plant_images/8732.jpg,4,Rubus phoenicolasius,Yes
plant_images/16351.jpg,8,Hedera helix,Yes
plant_images/19943.jpg,10,Persicaria perfoliata,Yes
plant_images/24019.jpg,2,Elaeagnus umbellata,Yes
plant_images/11070.jpg,14,Ficaria verna,Yes
plant_images/21113.jpg,12,Alliaria petiolata,Yes
plant_images/2756.jpg,4,Rubus phoenicolasius,Yes
plant_images/15890.jpg,8,Hedera helix,Yes
plant_images/23872.jpg,9,Parthenocissus quinquefolia,No
plant_images/19858.jpg,9,Parthenocissus quinquefolia,No
plant_images/4612.jpg,0,Ailanthus altissima,Yes
plant_images/4435.jpg,4,Rubus phoenicolasius,Yes
plant_images/17052.jpg,12,Alliaria petiolata,Yes
plant_images/22313.jpg,4,Rubus phoenicolasius,Yes
plant_images/14151.jpg,2,Elaeagnus umbellata,Yes
plant_images/24853.jpg,2,Elaeagnus umbellata,Yes
plant_images/8089.jpg,9,Parthenocissus quinquefolia,No
plant_images/19542.jpg,9,Parthenocissus quinquefolia,No
plant_images/24261.jpg,2,Elaeagnus umbellata,Yes
plant_images/10116.jpg,2,Elaeagnus umbellata,Yes
plant_images/27612.jpg,3,Asimina triloba,No
plant_images/18508.jpg,2,Elaeagnus umbellata,Yes
plant_images/18699.jpg,3,Asimina triloba,No
plant_images/13345.jpg,9,Parthenocissus quinquefolia,No
plant_images/25565.jpg,3,Asimina triloba,No
plant_images/7697.jpg,2,Elaeagnus umbellata,Yes
plant_images/12858.jpg,12,Alliaria petiolata,Yes
plant_images/9814.jpg,9,Parthenocissus quinquefolia,No
plant_images/20104.jpg,12,Alliaria petiolata,Yes
plant_images/10741.jpg,1,Rhus copallinum,No
plant_images/25159.jpg,4,Rubus phoenicolasius,Yes
plant_images/1289.jpg,8,Hedera helix,Yes
plant_images/3113.jpg,14,Ficaria verna,Yes
plant_images/7867.jpg,4,Rubus phoenicolasius,Yes
plant_images/1309.jpg,10,Persicaria perfoliata,Yes
plant_images/21277.jpg,3,Asimina triloba,No
plant_images/14420.jpg,4,Rubus phoenicolasius,Yes
plant_images/22484.jpg,11,Persicaria sagittata,No
plant_images/19881.jpg,3,Asimina triloba,No
plant_images/17542.jpg,4,Rubus phoenicolasius,Yes
plant_images/24708.jpg,12,Alliaria petiolata,Yes
plant_images/15041.jpg,9,Parthenocissus quinquefolia,No
plant_images/19677.jpg,4,Rubus phoenicolasius,Yes
plant_images/9416.jpg,9,Parthenocissus quinquefolia,No
plant_images/15131.jpg,15,Packera aurea,No
plant_images/6481.jpg,3,Asimina triloba,No
plant_images/26306.jpg,6,Lonicera japonica,Yes
plant_images/21013.jpg,2,Elaeagnus umbellata,Yes
plant_images/4158.jpg,9,Parthenocissus quinquefolia,No
plant_images/23251.jpg,6,Lonicera japonica,Yes
plant_images/20430.jpg,2,Elaeagnus umbellata,Yes
plant_images/12343.jpg,1,Rhus copallinum,No
plant_images/25422.jpg,3,Asimina triloba,No
plant_images/16571.jpg,12,Alliaria petiolata,Yes
plant_images/19112.jpg,6,Lonicera japonica,Yes
plant_images/28104.jpg,2,Elaeagnus umbellata,Yes
plant_images/21295.jpg,3,Asimina triloba,No
plant_images/15263.jpg,3,Asimina triloba,No
plant_images/18570.jpg,6,Lonicera japonica,Yes
plant_images/18225.jpg,12,Alliaria petiolata,Yes
plant_images/8572.jpg,10,Persicaria perfoliata,Yes
plant_images/20130.jpg,14,Ficaria verna,Yes
plant_images/18467.jpg,14,Ficaria verna,Yes
plant_images/23623.jpg,12,Alliaria petiolata,Yes
plant_images/11945.jpg,1,Rhus copallinum,No
plant_images/16879.jpg,9,Parthenocissus quinquefolia,No
plant_images/6403.jpg,10,Persicaria perfoliata,Yes
plant_images/24686.jpg,2,Elaeagnus umbellata,Yes
plant_images/2081.jpg,12,Alliaria petiolata,Yes
plant_images/9006.jpg,12,Alliaria petiolata,Yes
plant_images/831.jpg,8,Hedera helix,Yes
plant_images/14267.jpg,7,Campsis radicans,No
plant_images/5377.jpg,2,Elaeagnus umbellata,Yes
plant_images/20784.jpg,1,Rhus copallinum,No
plant_images/25733.jpg,1,Rhus copallinum,No
plant_images/7909.jpg,9,Parthenocissus quinquefolia,No
plant_images/23576.jpg,12,Alliaria petiolata,Yes
plant_images/23012.jpg,10,Persicaria perfoliata,Yes
plant_images/13769.jpg,0,Ailanthus altissima,Yes
plant_images/15206.jpg,6,Lonicera japonica,Yes
plant_images/14900.jpg,12,Alliaria petiolata,Yes
plant_images/9601.jpg,9,Parthenocissus quinquefolia,No
plant_images/20650.jpg,12,Alliaria petiolata,Yes
plant_images/3191.jpg,15,Packera aurea,No
plant_images/14930.jpg,9,Parthenocissus quinquefolia,No
plant_images/3521.jpg,3,Asimina triloba,No
plant_images/24827.jpg,15,Packera aurea,No
plant_images/3553.jpg,9,Parthenocissus quinquefolia,No
plant_images/791.jpg,7,Campsis radicans,No
plant_images/6984.jpg,5,Rubus occidentalis,No
plant_images/28069.jpg,9,Parthenocissus quinquefolia,No
plant_images/13078.jpg,12,Alliaria petiolata,Yes
plant_images/4033.jpg,14,Ficaria verna,Yes
plant_images/22111.jpg,6,Lonicera japonica,Yes
plant_images/16965.jpg,9,Parthenocissus quinquefolia,No
plant_images/21253.jpg,10,Persicaria perfoliata,Yes
plant_images/15734.jpg,1,Rhus copallinum,No
plant_images/5838.jpg,9,Parthenocissus quinquefolia,No
plant_images/7425.jpg,15,Packera aurea,No
plant_images/23596.jpg,6,Lonicera japonica,Yes
plant_images/21848.jpg,1,Rhus copallinum,No
plant_images/8107.jpg,7,Campsis radicans,No
plant_images/26642.jpg,7,Campsis radicans,No
plant_images/23768.jpg,6,Lonicera japonica,Yes
plant_images/4230.jpg,8,Hedera helix,Yes
plant_images/13480.jpg,9,Parthenocissus quinquefolia,No
plant_images/2685.jpg,4,Rubus phoenicolasius,Yes
plant_images/6058.jpg,12,Alliaria petiolata,Yes
plant_images/20865.jpg,4,Rubus phoenicolasius,Yes
plant_images/20294.jpg,4,Rubus phoenicolasius,Yes
plant_images/13338.jpg,12,Alliaria petiolata,Yes
plant_images/3869.jpg,8,Hedera helix,Yes
plant_images/23619.jpg,13,Geum canadense,No
plant_images/23451.jpg,7,Campsis radicans,No
plant_images/850.jpg,4,Rubus phoenicolasius,Yes
plant_images/13210.jpg,6,Lonicera japonica,Yes
plant_images/7414.jpg,7,Campsis radicans,No
plant_images/9278.jpg,14,Ficaria verna,Yes
plant_images/5799.jpg,6,Lonicera japonica,Yes
plant_images/20392.jpg,7,Campsis radicans,No
plant_images/3670.jpg,6,Lonicera japonica,Yes
plant_images/25191.jpg,3,Asimina triloba,No
plant_images/3966.jpg,12,Alliaria petiolata,Yes
plant_images/26994.jpg,2,Elaeagnus umbellata,Yes
plant_images/5644.jpg,0,Ailanthus altissima,Yes
plant_images/5778.jpg,9,Parthenocissus quinquefolia,No
plant_images/26938.jpg,14,Ficaria verna,Yes
plant_images/19237.jpg,4,Rubus phoenicolasius,Yes
plant_images/11861.jpg,10,Persicaria perfoliata,Yes
plant_images/20565.jpg,4,Rubus phoenicolasius,Yes
plant_images/24574.jpg,6,Lonicera japonica,Yes
plant_images/8100.jpg,3,Asimina triloba,No
plant_images/26510.jpg,14,Ficaria verna,Yes
plant_images/2320.jpg,4,Rubus phoenicolasius,Yes
plant_images/17692.jpg,9,Parthenocissus quinquefolia,No
plant_images/19156.jpg,0,Ailanthus altissima,Yes
plant_images/13682.jpg,2,Elaeagnus umbellata,Yes
plant_images/28246.jpg,11,Persicaria sagittata,No
plant_images/20454.jpg,2,Elaeagnus umbellata,Yes
plant_images/13670.jpg,4,Rubus phoenicolasius,Yes
plant_images/14924.jpg,12,Alliaria petiolata,Yes
plant_images/16313.jpg,10,Persicaria perfoliata,Yes
plant_images/9005.jpg,6,Lonicera japonica,Yes
plant_images/13352.jpg,6,Lonicera japonica,Yes
plant_images/10784.jpg,4,Rubus phoenicolasius,Yes
plant_images/21432.jpg,15,Packera aurea,No
plant_images/3804.jpg,10,Persicaria perfoliata,Yes
plant_images/1950.jpg,8,Hedera helix,Yes
plant_images/10155.jpg,9,Parthenocissus quinquefolia,No
plant_images/17808.jpg,13,Geum canadense,No
plant_images/23471.jpg,12,Alliaria petiolata,Yes
plant_images/4473.jpg,6,Lonicera japonica,Yes
plant_images/567.jpg,9,Parthenocissus quinquefolia,No
plant_images/13449.jpg,9,Parthenocissus quinquefolia,No
plant_images/7123.jpg,3,Asimina triloba,No
plant_images/14782.jpg,12,Alliaria petiolata,Yes
plant_images/23560.jpg,2,Elaeagnus umbellata,Yes
plant_images/19410.jpg,10,Persicaria perfoliata,Yes
plant_images/9158.jpg,14,Ficaria verna,Yes
plant_images/278.jpg,9,Parthenocissus quinquefolia,No
plant_images/8976.jpg,14,Ficaria verna,Yes
plant_images/14283.jpg,9,Parthenocissus quinquefolia,No
plant_images/15705.jpg,6,Lonicera japonica,Yes
plant_images/12999.jpg,12,Alliaria petiolata,Yes
plant_images/13084.jpg,12,Alliaria petiolata,Yes
plant_images/5468.jpg,3,Asimina triloba,No
plant_images/5329.jpg,7,Campsis radicans,No
plant_images/10920.jpg,6,Lonicera japonica,Yes
plant_images/22089.jpg,9,Parthenocissus quinquefolia,No
plant_images/13505.jpg,11,Persicaria sagittata,No
plant_images/11844.jpg,4,Rubus phoenicolasius,Yes
plant_images/2185.jpg,9,Parthenocissus quinquefolia,No
plant_images/21900.jpg,3,Asimina triloba,No
plant_images/19905.jpg,9,Parthenocissus quinquefolia,No
plant_images/12891.jpg,3,Asimina triloba,No
plant_images/23815.jpg,12,Alliaria petiolata,Yes
plant_images/4494.jpg,0,Ailanthus altissima,Yes
plant_images/19698.jpg,9,Parthenocissus quinquefolia,No
plant_images/4454.jpg,8,Hedera helix,Yes
plant_images/22500.jpg,4,Rubus phoenicolasius,Yes
plant_images/17036.jpg,0,Ailanthus altissima,Yes
plant_images/24300.jpg,8,Hedera helix,Yes
plant_images/8558.jpg,3,Asimina triloba,No
plant_images/9206.jpg,14,Ficaria verna,Yes
plant_images/337.jpg,15,Packera aurea,No
plant_images/14792.jpg,12,Alliaria petiolata,Yes
plant_images/4419.jpg,12,Alliaria petiolata,Yes
plant_images/13341.jpg,4,Rubus phoenicolasius,Yes
plant_images/24606.jpg,12,Alliaria petiolata,Yes
plant_images/13660.jpg,9,Parthenocissus quinquefolia,No
plant_images/27492.jpg,2,Elaeagnus umbellata,Yes
plant_images/25379.jpg,10,Persicaria perfoliata,Yes
plant_images/20184.jpg,13,Geum canadense,No
plant_images/15138.jpg,12,Alliaria petiolata,Yes
plant_images/10119.jpg,15,Packera aurea,No
plant_images/9186.jpg,8,Hedera helix,Yes
plant_images/14497.jpg,8,Hedera helix,Yes
plant_images/11356.jpg,8,Hedera helix,Yes
plant_images/5651.jpg,15,Packera aurea,No
plant_images/14230.jpg,3,Asimina triloba,No
plant_images/10073.jpg,14,Ficaria verna,Yes
plant_images/19041.jpg,6,Lonicera japonica,Yes
plant_images/3968.jpg,9,Parthenocissus quinquefolia,No
plant_images/23520.jpg,2,Elaeagnus umbellata,Yes
plant_images/22624.jpg,7,Campsis radicans,No
plant_images/4814.jpg,3,Asimina triloba,No
plant_images/19741.jpg,12,Alliaria petiolata,Yes
plant_images/26043.jpg,6,Lonicera japonica,Yes
plant_images/9126.jpg,6,Lonicera japonica,Yes
plant_images/12263.jpg,10,Persicaria perfoliata,Yes
plant_images/21726.jpg,0,Ailanthus altissima,Yes
plant_images/22293.jpg,4,Rubus phoenicolasius,Yes
plant_images/8027.jpg,9,Parthenocissus quinquefolia,No
plant_images/20209.jpg,4,Rubus phoenicolasius,Yes
plant_images/27788.jpg,6,Lonicera japonica,Yes
plant_images/25746.jpg,9,Parthenocissus quinquefolia,No
plant_images/10108.jpg,14,Ficaria verna,Yes
plant_images/19444.jpg,6,Lonicera japonica,Yes
plant_images/10054.jpg,9,Parthenocissus quinquefolia,No
plant_images/6321.jpg,6,Lonicera japonica,Yes
plant_images/14010.jpg,15,Packera aurea,No
plant_images/8306.jpg,9,Parthenocissus quinquefolia,No
plant_images/5511.jpg,12,Alliaria petiolata,Yes
plant_images/6736.jpg,12,Alliaria petiolata,Yes
plant_images/9271.jpg,12,Alliaria petiolata,Yes
plant_images/25899.jpg,3,Asimina triloba,No
plant_images/14937.jpg,9,Parthenocissus quinquefolia,No
plant_images/12743.jpg,14,Ficaria verna,Yes
plant_images/4474.jpg,7,Campsis radicans,No
plant_images/17992.jpg,14,Ficaria verna,Yes
plant_images/3229.jpg,12,Alliaria petiolata,Yes
plant_images/5851.jpg,8,Hedera helix,Yes
plant_images/19117.jpg,4,Rubus phoenicolasius,Yes
plant_images/12650.jpg,8,Hedera helix,Yes
plant_images/3504.jpg,12,Alliaria petiolata,Yes
plant_images/27430.jpg,13,Geum canadense,No
plant_images/17844.jpg,6,Lonicera japonica,Yes
plant_images/14418.jpg,8,Hedera helix,Yes
plant_images/19868.jpg,1,Rhus copallinum,No
plant_images/9031.jpg,12,Alliaria petiolata,Yes
plant_images/15081.jpg,9,Parthenocissus quinquefolia,No
plant_images/26217.jpg,12,Alliaria petiolata,Yes
plant_images/12436.jpg,8,Hedera helix,Yes
plant_images/15556.jpg,7,Campsis radicans,No
plant_images/3738.jpg,8,Hedera helix,Yes
plant_images/27606.jpg,6,Lonicera japonica,Yes
plant_images/20017.jpg,14,Ficaria verna,Yes
plant_images/9936.jpg,3,Asimina triloba,No
plant_images/6922.jpg,8,Hedera helix,Yes
plant_images/111.jpg,15,Packera aurea,No
plant_images/14730.jpg,9,Parthenocissus quinquefolia,No
plant_images/16521.jpg,14,Ficaria verna,Yes
plant_images/7205.jpg,4,Rubus phoenicolasius,Yes
plant_images/4348.jpg,14,Ficaria verna,Yes
plant_images/368.jpg,0,Ailanthus altissima,Yes
plant_images/4594.jpg,0,Ailanthus altissima,Yes
plant_images/21919.jpg,1,Rhus copallinum,No
plant_images/25329.jpg,3,Asimina triloba,No
plant_images/23140.jpg,2,Elaeagnus umbellata,Yes
plant_images/3528.jpg,15,Packera aurea,No
plant_images/25908.jpg,2,Elaeagnus umbellata,Yes
plant_images/7993.jpg,12,Alliaria petiolata,Yes
plant_images/2457.jpg,12,Alliaria petiolata,Yes
plant_images/22886.jpg,9,Parthenocissus quinquefolia,No
plant_images/403.jpg,0,Ailanthus altissima,Yes
plant_images/22375.jpg,1,Rhus copallinum,No
plant_images/20351.jpg,4,Rubus phoenicolasius,Yes
plant_images/84.jpg,15,Packera aurea,No
plant_images/1443.jpg,12,Alliaria petiolata,Yes
plant_images/13223.jpg,0,Ailanthus altissima,Yes
plant_images/12264.jpg,4,Rubus phoenicolasius,Yes
plant_images/9324.jpg,14,Ficaria verna,Yes
plant_images/5235.jpg,2,Elaeagnus umbellata,Yes
plant_images/16709.jpg,15,Packera aurea,No
plant_images/15162.jpg,6,Lonicera japonica,Yes
plant_images/9535.jpg,9,Parthenocissus quinquefolia,No
plant_images/26554.jpg,3,Asimina triloba,No
plant_images/4641.jpg,4,Rubus phoenicolasius,Yes
plant_images/25668.jpg,12,Alliaria petiolata,Yes
plant_images/12947.jpg,12,Alliaria petiolata,Yes
plant_images/8502.jpg,3,Asimina triloba,No
plant_images/25758.jpg,1,Rhus copallinum,No
plant_images/25706.jpg,6,Lonicera japonica,Yes
plant_images/24215.jpg,6,Lonicera japonica,Yes
plant_images/3262.jpg,0,Ailanthus altissima,Yes
plant_images/14638.jpg,6,Lonicera japonica,Yes
plant_images/17493.jpg,2,Elaeagnus umbellata,Yes
plant_images/5133.jpg,9,Parthenocissus quinquefolia,No
plant_images/26330.jpg,9,Parthenocissus quinquefolia,No
plant_images/19675.jpg,4,Rubus phoenicolasius,Yes
plant_images/18473.jpg,8,Hedera helix,Yes
plant_images/12299.jpg,4,Rubus phoenicolasius,Yes
plant_images/7182.jpg,3,Asimina triloba,No
plant_images/4573.jpg,0,Ailanthus altissima,Yes
plant_images/9435.jpg,15,Packera aurea,No
plant_images/10567.jpg,13,Geum canadense,No
plant_images/27409.jpg,1,Rhus copallinum,No
plant_images/22330.jpg,8,Hedera helix,Yes
plant_images/7024.jpg,7,Campsis radicans,No
plant_images/10769.jpg,0,Ailanthus altissima,Yes
plant_images/9260.jpg,12,Alliaria petiolata,Yes
plant_images/5218.jpg,12,Alliaria petiolata,Yes
plant_images/21153.jpg,12,Alliaria petiolata,Yes
plant_images/23767.jpg,12,Alliaria petiolata,Yes
plant_images/23869.jpg,4,Rubus phoenicolasius,Yes
plant_images/27258.jpg,12,Alliaria petiolata,Yes
plant_images/7481.jpg,6,Lonicera japonica,Yes
plant_images/18471.jpg,7,Campsis radicans,No
plant_images/24753.jpg,12,Alliaria petiolata,Yes
plant_images/23684.jpg,14,Ficaria verna,Yes
plant_images/18409.jpg,9,Parthenocissus quinquefolia,No
plant_images/3520.jpg,14,Ficaria verna,Yes
plant_images/14113.jpg,2,Elaeagnus umbellata,Yes
plant_images/21065.jpg,15,Packera aurea,No
plant_images/6113.jpg,7,Campsis radicans,No
plant_images/10444.jpg,0,Ailanthus altissima,Yes
plant_images/2261.jpg,9,Parthenocissus quinquefolia,No
plant_images/20042.jpg,3,Asimina triloba,No
plant_images/20791.jpg,2,Elaeagnus umbellata,Yes
plant_images/8785.jpg,14,Ficaria verna,Yes
plant_images/27879.jpg,2,Elaeagnus umbellata,Yes
plant_images/17290.jpg,7,Campsis radicans,No
plant_images/24309.jpg,6,Lonicera japonica,Yes
plant_images/14021.jpg,6,Lonicera japonica,Yes
plant_images/5904.jpg,6,Lonicera japonica,Yes
plant_images/21429.jpg,4,Rubus phoenicolasius,Yes
plant_images/7656.jpg,2,Elaeagnus umbellata,Yes
plant_images/2383.jpg,14,Ficaria verna,Yes
plant_images/13097.jpg,12,Alliaria petiolata,Yes
plant_images/11898.jpg,0,Ailanthus altissima,Yes
plant_images/12128.jpg,0,Ailanthus altissima,Yes
plant_images/1579.jpg,6,Lonicera japonica,Yes
plant_images/28017.jpg,15,Packera aurea,No
plant_images/26962.jpg,14,Ficaria verna,Yes
plant_images/25184.jpg,6,Lonicera japonica,Yes
plant_images/7276.jpg,12,Alliaria petiolata,Yes
plant_images/18587.jpg,12,Alliaria petiolata,Yes
plant_images/8517.jpg,10,Persicaria perfoliata,Yes
plant_images/10866.jpg,4,Rubus phoenicolasius,Yes
plant_images/10735.jpg,9,Parthenocissus quinquefolia,No
plant_images/3187.jpg,8,Hedera helix,Yes
plant_images/15259.jpg,5,Rubus occidentalis,No
plant_images/26794.jpg,3,Asimina triloba,No
plant_images/25120.jpg,6,Lonicera japonica,Yes
plant_images/13684.jpg,5,Rubus occidentalis,No
plant_images/18584.jpg,3,Asimina triloba,No
plant_images/25324.jpg,7,Campsis radicans,No
plant_images/24885.jpg,12,Alliaria petiolata,Yes
plant_images/4042.jpg,14,Ficaria verna,Yes
plant_images/4506.jpg,4,Rubus phoenicolasius,Yes
plant_images/26462.jpg,6,Lonicera japonica,Yes
plant_images/18919.jpg,3,Asimina triloba,No
plant_images/5712.jpg,4,Rubus phoenicolasius,Yes
plant_images/3669.jpg,8,Hedera helix,Yes
plant_images/9124.jpg,14,Ficaria verna,Yes
plant_images/21523.jpg,14,Ficaria verna,Yes
plant_images/9965.jpg,14,Ficaria verna,Yes
plant_images/10244.jpg,7,Campsis radicans,No
plant_images/6622.jpg,6,Lonicera japonica,Yes
plant_images/6666.jpg,14,Ficaria verna,Yes
plant_images/9325.jpg,3,Asimina triloba,No
plant_images/25725.jpg,1,Rhus copallinum,No
plant_images/23411.jpg,7,Campsis radicans,No
plant_images/4333.jpg,10,Persicaria perfoliata,Yes
plant_images/4451.jpg,0,Ailanthus altissima,Yes
plant_images/17590.jpg,6,Lonicera japonica,Yes
plant_images/8067.jpg,4,Rubus phoenicolasius,Yes
plant_images/23658.jpg,3,Asimina triloba,No
plant_images/8535.jpg,9,Parthenocissus quinquefolia,No
plant_images/12047.jpg,7,Campsis radicans,No
plant_images/17419.jpg,7,Campsis radicans,No
plant_images/17933.jpg,14,Ficaria verna,Yes
plant_images/321.jpg,8,Hedera helix,Yes
plant_images/3668.jpg,12,Alliaria petiolata,Yes
plant_images/17888.jpg,8,Hedera helix,Yes
plant_images/10283.jpg,3,Asimina triloba,No
plant_images/19066.jpg,6,Lonicera japonica,Yes
plant_images/22813.jpg,7,Campsis radicans,No
plant_images/8665.jpg,2,Elaeagnus umbellata,Yes
plant_images/24687.jpg,2,Elaeagnus umbellata,Yes
plant_images/23247.jpg,2,Elaeagnus umbellata,Yes
plant_images/25396.jpg,9,Parthenocissus quinquefolia,No
plant_images/4053.jpg,3,Asimina triloba,No
plant_images/3482.jpg,9,Parthenocissus quinquefolia,No
plant_images/25322.jpg,3,Asimina triloba,No
plant_images/27536.jpg,12,Alliaria petiolata,Yes
plant_images/57.jpg,15,Packera aurea,No
plant_images/14039.jpg,8,Hedera helix,Yes
plant_images/951.jpg,12,Alliaria petiolata,Yes
plant_images/23800.jpg,0,Ailanthus altissima,Yes
plant_images/12964.jpg,14,Ficaria verna,Yes
plant_images/3596.jpg,4,Rubus phoenicolasius,Yes
plant_images/6472.jpg,0,Ailanthus altissima,Yes
plant_images/6839.jpg,14,Ficaria verna,Yes
plant_images/20695.jpg,6,Lonicera japonica,Yes
plant_images/8419.jpg,10,Persicaria perfoliata,Yes
plant_images/15741.jpg,10,Persicaria perfoliata,Yes
plant_images/11761.jpg,3,Asimina triloba,No
plant_images/9619.jpg,7,Campsis radicans,No
plant_images/17700.jpg,8,Hedera helix,Yes
plant_images/13590.jpg,3,Asimina triloba,No
plant_images/11051.jpg,14,Ficaria verna,Yes
plant_images/24481.jpg,4,Rubus phoenicolasius,Yes
plant_images/27160.jpg,9,Parthenocissus quinquefolia,No
plant_images/8365.jpg,2,Elaeagnus umbellata,Yes
plant_images/168.jpg,6,Lonicera japonica,Yes
plant_images/25998.jpg,1,Rhus copallinum,No
plant_images/15978.jpg,14,Ficaria verna,Yes
plant_images/2778.jpg,8,Hedera helix,Yes
plant_images/24469.jpg,3,Asimina triloba,No
plant_images/27525.jpg,2,Elaeagnus umbellata,Yes
plant_images/3434.jpg,14,Ficaria verna,Yes
plant_images/20029.jpg,12,Alliaria petiolata,Yes
plant_images/19395.jpg,6,Lonicera japonica,Yes
plant_images/19129.jpg,14,Ficaria verna,Yes
plant_images/20873.jpg,3,Asimina triloba,No
plant_images/5888.jpg,9,Parthenocissus quinquefolia,No
plant_images/15316.jpg,9,Parthenocissus quinquefolia,No
plant_images/15740.jpg,9,Parthenocissus quinquefolia,No
plant_images/5856.jpg,6,Lonicera japonica,Yes
plant_images/19254.jpg,4,Rubus phoenicolasius,Yes
plant_images/3102.jpg,5,Rubus occidentalis,No
plant_images/15674.jpg,6,Lonicera japonica,Yes
plant_images/13344.jpg,6,Lonicera japonica,Yes
plant_images/26834.jpg,4,Rubus phoenicolasius,Yes
plant_images/3717.jpg,3,Asimina triloba,No
plant_images/11582.jpg,9,Parthenocissus quinquefolia,No
plant_images/20783.jpg,4,Rubus phoenicolasius,Yes
plant_images/7051.jpg,6,Lonicera japonica,Yes
plant_images/9168.jpg,6,Lonicera japonica,Yes
plant_images/11714.jpg,6,Lonicera japonica,Yes
plant_images/19107.jpg,0,Ailanthus altissima,Yes
plant_images/5301.jpg,0,Ailanthus altissima,Yes
plant_images/7479.jpg,9,Parthenocissus quinquefolia,No
plant_images/15976.jpg,14,Ficaria verna,Yes
plant_images/11206.jpg,14,Ficaria verna,Yes
plant_images/19853.jpg,5,Rubus occidentalis,No
plant_images/6731.jpg,12,Alliaria petiolata,Yes
plant_images/13743.jpg,4,Rubus phoenicolasius,Yes
plant_images/692.jpg,14,Ficaria verna,Yes
plant_images/16732.jpg,12,Alliaria petiolata,Yes
plant_images/11461.jpg,9,Parthenocissus quinquefolia,No
plant_images/24627.jpg,2,Elaeagnus umbellata,Yes
plant_images/3803.jpg,3,Asimina triloba,No
plant_images/11818.jpg,4,Rubus phoenicolasius,Yes
plant_images/8193.jpg,7,Campsis radicans,No
plant_images/3402.jpg,9,Parthenocissus quinquefolia,No
plant_images/6627.jpg,12,Alliaria petiolata,Yes
plant_images/11855.jpg,4,Rubus phoenicolasius,Yes
plant_images/14083.jpg,9,Parthenocissus quinquefolia,No
plant_images/21098.jpg,3,Asimina triloba,No
plant_images/18744.jpg,9,Parthenocissus quinquefolia,No
plant_images/20230.jpg,4,Rubus phoenicolasius,Yes
plant_images/3164.jpg,9,Parthenocissus quinquefolia,No
plant_images/11903.jpg,5,Rubus occidentalis,No
plant_images/16058.jpg,14,Ficaria verna,Yes
plant_images/14612.jpg,14,Ficaria verna,Yes
plant_images/20938.jpg,10,Persicaria perfoliata,Yes
plant_images/16450.jpg,3,Asimina triloba,No
plant_images/6185.jpg,6,Lonicera japonica,Yes
plant_images/14895.jpg,9,Parthenocissus quinquefolia,No
plant_images/281.jpg,12,Alliaria petiolata,Yes
plant_images/6322.jpg,0,Ailanthus altissima,Yes
plant_images/18258.jpg,2,Elaeagnus umbellata,Yes
plant_images/4569.jpg,0,Ailanthus altissima,Yes
plant_images/28039.jpg,2,Elaeagnus umbellata,Yes
plant_images/9449.jpg,3,Asimina triloba,No
plant_images/26213.jpg,0,Ailanthus altissima,Yes
plant_images/25423.jpg,2,Elaeagnus umbellata,Yes
plant_images/8131.jpg,7,Campsis radicans,No
plant_images/21430.jpg,8,Hedera helix,Yes
plant_images/15118.jpg,9,Parthenocissus quinquefolia,No
plant_images/11964.jpg,3,Asimina triloba,No
plant_images/5466.jpg,4,Rubus phoenicolasius,Yes
plant_images/4240.jpg,15,Packera aurea,No
plant_images/5421.jpg,2,Elaeagnus umbellata,Yes
plant_images/15993.jpg,14,Ficaria verna,Yes
plant_images/21661.jpg,12,Alliaria petiolata,Yes
plant_images/9799.jpg,12,Alliaria petiolata,Yes
plant_images/26662.jpg,2,Elaeagnus umbellata,Yes
plant_images/26689.jpg,15,Packera aurea,No
plant_images/10708.jpg,10,Persicaria perfoliata,Yes
plant_images/1333.jpg,4,Rubus phoenicolasius,Yes
plant_images/23698.jpg,6,Lonicera japonica,Yes
plant_images/19282.jpg,4,Rubus phoenicolasius,Yes
plant_images/4689.jpg,14,Ficaria verna,Yes
plant_images/17912.jpg,14,Ficaria verna,Yes
plant_images/27119.jpg,10,Persicaria perfoliata,Yes
plant_images/27345.jpg,8,Hedera helix,Yes
plant_images/14273.jpg,3,Asimina triloba,No
plant_images/12634.jpg,14,Ficaria verna,Yes
plant_images/12079.jpg,0,Ailanthus altissima,Yes
plant_images/27001.jpg,3,Asimina triloba,No
plant_images/5547.jpg,14,Ficaria verna,Yes
plant_images/27647.jpg,4,Rubus phoenicolasius,Yes
plant_images/21824.jpg,2,Elaeagnus umbellata,Yes
plant_images/21443.jpg,10,Persicaria perfoliata,Yes
plant_images/23636.jpg,14,Ficaria verna,Yes
plant_images/23374.jpg,9,Parthenocissus quinquefolia,No
plant_images/18149.jpg,12,Alliaria petiolata,Yes
plant_images/4061.jpg,14,Ficaria verna,Yes
plant_images/26167.jpg,2,Elaeagnus umbellata,Yes
plant_images/25927.jpg,3,Asimina triloba,No
plant_images/19885.jpg,4,Rubus phoenicolasius,Yes
plant_images/3306.jpg,8,Hedera helix,Yes
plant_images/19721.jpg,7,Campsis radicans,No
plant_images/23289.jpg,6,Lonicera japonica,Yes
plant_images/22853.jpg,9,Parthenocissus quinquefolia,No
plant_images/17497.jpg,9,Parthenocissus quinquefolia,No
plant_images/27548.jpg,2,Elaeagnus umbellata,Yes
plant_images/22680.jpg,15,Packera aurea,No
plant_images/5254.jpg,7,Campsis radicans,No
plant_images/19701.jpg,2,Elaeagnus umbellata,Yes
plant_images/26454.jpg,1,Rhus copallinum,No
plant_images/13189.jpg,9,Parthenocissus quinquefolia,No
plant_images/27777.jpg,3,Asimina triloba,No
plant_images/5163.jpg,6,Lonicera japonica,Yes
plant_images/9431.jpg,14,Ficaria verna,Yes
plant_images/22125.jpg,4,Rubus phoenicolasius,Yes
plant_images/4028.jpg,14,Ficaria verna,Yes
plant_images/19416.jpg,4,Rubus phoenicolasius,Yes
plant_images/19736.jpg,4,Rubus phoenicolasius,Yes
plant_images/24029.jpg,1,Rhus copallinum,No
plant_images/20949.jpg,2,Elaeagnus umbellata,Yes
plant_images/1026.jpg,9,Parthenocissus quinquefolia,No
plant_images/20264.jpg,0,Ailanthus altissima,Yes
plant_images/14494.jpg,12,Alliaria petiolata,Yes
plant_images/9717.jpg,8,Hedera helix,Yes
plant_images/1250.jpg,4,Rubus phoenicolasius,Yes
plant_images/27711.jpg,4,Rubus phoenicolasius,Yes
plant_images/26320.jpg,1,Rhus copallinum,No
plant_images/26108.jpg,6,Lonicera japonica,Yes
plant_images/20088.jpg,2,Elaeagnus umbellata,Yes
plant_images/15514.jpg,7,Campsis radicans,No
plant_images/3284.jpg,7,Campsis radicans,No
plant_images/22555.jpg,3,Asimina triloba,No
plant_images/1999.jpg,8,Hedera helix,Yes
plant_images/25471.jpg,8,Hedera helix,Yes
plant_images/25807.jpg,13,Geum canadense,No
plant_images/3456.jpg,14,Ficaria verna,Yes
plant_images/3515.jpg,14,Ficaria verna,Yes
plant_images/17159.jpg,7,Campsis radicans,No
plant_images/18590.jpg,8,Hedera helix,Yes
plant_images/3364.jpg,11,Persicaria sagittata,No
plant_images/8152.jpg,13,Geum canadense,No
plant_images/16472.jpg,2,Elaeagnus umbellata,Yes
plant_images/15333.jpg,7,Campsis radicans,No
plant_images/12354.jpg,2,Elaeagnus umbellata,Yes
plant_images/14899.jpg,14,Ficaria verna,Yes
plant_images/6713.jpg,14,Ficaria verna,Yes
plant_images/8385.jpg,7,Campsis radicans,No
plant_images/343.jpg,9,Parthenocissus quinquefolia,No
plant_images/6334.jpg,10,Persicaria perfoliata,Yes
plant_images/7816.jpg,6,Lonicera japonica,Yes
plant_images/17289.jpg,4,Rubus phoenicolasius,Yes
plant_images/6378.jpg,3,Asimina triloba,No
plant_images/13375.jpg,4,Rubus phoenicolasius,Yes
plant_images/21009.jpg,3,Asimina triloba,No
plant_images/17521.jpg,9,Parthenocissus quinquefolia,No
plant_images/19897.jpg,4,Rubus phoenicolasius,Yes
plant_images/18833.jpg,12,Alliaria petiolata,Yes
plant_images/4931.jpg,14,Ficaria verna,Yes
plant_images/15773.jpg,6,Lonicera japonica,Yes
plant_images/622.jpg,12,Alliaria petiolata,Yes
plant_images/2394.jpg,12,Alliaria petiolata,Yes
plant_images/6845.jpg,8,Hedera helix,Yes
plant_images/27701.jpg,15,Packera aurea,No
plant_images/9551.jpg,12,Alliaria petiolata,Yes
plant_images/18306.jpg,12,Alliaria petiolata,Yes
plant_images/13349.jpg,4,Rubus phoenicolasius,Yes
plant_images/1136.jpg,9,Parthenocissus quinquefolia,No
plant_images/18013.jpg,14,Ficaria verna,Yes
plant_images/21005.jpg,12,Alliaria petiolata,Yes
plant_images/22307.jpg,5,Rubus occidentalis,No
plant_images/6120.jpg,9,Parthenocissus quinquefolia,No
plant_images/13810.jpg,4,Rubus phoenicolasius,Yes
plant_images/7171.jpg,12,Alliaria petiolata,Yes
plant_images/20570.jpg,12,Alliaria petiolata,Yes
plant_images/511.jpg,4,Rubus phoenicolasius,Yes
plant_images/781.jpg,8,Hedera helix,Yes
plant_images/11796.jpg,9,Parthenocissus quinquefolia,No
plant_images/3067.jpg,1,Rhus copallinum,No
plant_images/12005.jpg,2,Elaeagnus umbellata,Yes
plant_images/23468.jpg,2,Elaeagnus umbellata,Yes
plant_images/25516.jpg,15,Packera aurea,No
plant_images/7297.jpg,12,Alliaria petiolata,Yes
plant_images/18897.jpg,6,Lonicera japonica,Yes
plant_images/22851.jpg,9,Parthenocissus quinquefolia,No
plant_images/5101.jpg,1,Rhus copallinum,No
plant_images/4059.jpg,3,Asimina triloba,No
plant_images/1972.jpg,7,Campsis radicans,No
plant_images/24895.jpg,0,Ailanthus altissima,Yes
plant_images/16428.jpg,15,Packera aurea,No
plant_images/26035.jpg,14,Ficaria verna,Yes
plant_images/11578.jpg,2,Elaeagnus umbellata,Yes
plant_images/3070.jpg,6,Lonicera japonica,Yes
plant_images/24508.jpg,0,Ailanthus altissima,Yes
plant_images/12682.jpg,12,Alliaria petiolata,Yes
plant_images/12405.jpg,3,Asimina triloba,No
plant_images/15616.jpg,2,Elaeagnus umbellata,Yes
plant_images/10386.jpg,7,Campsis radicans,No
plant_images/2092.jpg,4,Rubus phoenicolasius,Yes
plant_images/3868.jpg,10,Persicaria perfoliata,Yes
plant_images/24237.jpg,3,Asimina triloba,No
plant_images/7610.jpg,12,Alliaria petiolata,Yes
plant_images/3074.jpg,9,Parthenocissus quinquefolia,No
plant_images/5489.jpg,3,Asimina triloba,No
plant_images/27451.jpg,13,Geum canadense,No
plant_images/17772.jpg,4,Rubus phoenicolasius,Yes
plant_images/15250.jpg,4,Rubus phoenicolasius,Yes
plant_images/6788.jpg,14,Ficaria verna,Yes
plant_images/2425.jpg,4,Rubus phoenicolasius,Yes
plant_images/24605.jpg,2,Elaeagnus umbellata,Yes
plant_images/9732.jpg,12,Alliaria petiolata,Yes
plant_images/9205.jpg,14,Ficaria verna,Yes
plant_images/11486.jpg,11,Persicaria sagittata,No
plant_images/27972.jpg,4,Rubus phoenicolasius,Yes
plant_images/20986.jpg,14,Ficaria verna,Yes
plant_images/11482.jpg,12,Alliaria petiolata,Yes
plant_images/26302.jpg,4,Rubus phoenicolasius,Yes
plant_images/5177.jpg,3,Asimina triloba,No
plant_images/9621.jpg,9,Parthenocissus quinquefolia,No
plant_images/4386.jpg,9,Parthenocissus quinquefolia,No
plant_images/26116.jpg,2,Elaeagnus umbellata,Yes
plant_images/22643.jpg,6,Lonicera japonica,Yes
plant_images/20024.jpg,12,Alliaria petiolata,Yes
plant_images/26556.jpg,12,Alliaria petiolata,Yes
plant_images/3167.jpg,4,Rubus phoenicolasius,Yes
plant_images/23281.jpg,6,Lonicera japonica,Yes
plant_images/21182.jpg,0,Ailanthus altissima,Yes
plant_images/9375.jpg,2,Elaeagnus umbellata,Yes
plant_images/23597.jpg,2,Elaeagnus umbellata,Yes
plant_images/20312.jpg,4,Rubus phoenicolasius,Yes
plant_images/9480.jpg,2,Elaeagnus umbellata,Yes
plant_images/2537.jpg,9,Parthenocissus quinquefolia,No
plant_images/3682.jpg,7,Campsis radicans,No
plant_images/20317.jpg,0,Ailanthus altissima,Yes
plant_images/21228.jpg,6,Lonicera japonica,Yes
plant_images/27300.jpg,7,Campsis radicans,No
plant_images/807.jpg,8,Hedera helix,Yes
plant_images/543.jpg,8,Hedera helix,Yes
plant_images/14824.jpg,12,Alliaria petiolata,Yes
plant_images/9211.jpg,14,Ficaria verna,Yes
plant_images/140.jpg,15,Packera aurea,No
plant_images/23860.jpg,12,Alliaria petiolata,Yes
plant_images/20363.jpg,0,Ailanthus altissima,Yes
plant_images/15809.jpg,7,Campsis radicans,No
plant_images/3872.jpg,9,Parthenocissus quinquefolia,No
plant_images/6240.jpg,4,Rubus phoenicolasius,Yes
plant_images/9793.jpg,4,Rubus phoenicolasius,Yes
plant_images/8140.jpg,9,Parthenocissus quinquefolia,No
plant_images/11186.jpg,14,Ficaria verna,Yes
plant_images/10915.jpg,15,Packera aurea,No
plant_images/3699.jpg,4,Rubus phoenicolasius,Yes
plant_images/4024.jpg,14,Ficaria verna,Yes
plant_images/16347.jpg,13,Geum canadense,No
plant_images/19298.jpg,4,Rubus phoenicolasius,Yes
plant_images/4117.jpg,3,Asimina triloba,No
plant_images/20614.jpg,4,Rubus phoenicolasius,Yes
plant_images/27996.jpg,12,Alliaria petiolata,Yes
plant_images/10588.jpg,6,Lonicera japonica,Yes
plant_images/1251.jpg,14,Ficaria verna,Yes
plant_images/5390.jpg,3,Asimina triloba,No
plant_images/23538.jpg,1,Rhus copallinum,No
plant_images/13372.jpg,6,Lonicera japonica,Yes
plant_images/8364.jpg,3,Asimina triloba,No
plant_images/26637.jpg,14,Ficaria verna,Yes
plant_images/1164.jpg,7,Campsis radicans,No
plant_images/20459.jpg,12,Alliaria petiolata,Yes
plant_images/22781.jpg,3,Asimina triloba,No
plant_images/13749.jpg,0,Ailanthus altissima,Yes
plant_images/14265.jpg,1,Rhus copallinum,No
plant_images/13983.jpg,7,Campsis radicans,No
plant_images/7413.jpg,6,Lonicera japonica,Yes
plant_images/15431.jpg,5,Rubus occidentalis,No
plant_images/25036.jpg,3,Asimina triloba,No
plant_images/25963.jpg,3,Asimina triloba,No
plant_images/18353.jpg,9,Parthenocissus quinquefolia,No
plant_images/1362.jpg,6,Lonicera japonica,Yes
plant_images/15786.jpg,6,Lonicera japonica,Yes
plant_images/26151.jpg,13,Geum canadense,No
plant_images/15017.jpg,12,Alliaria petiolata,Yes
plant_images/23612.jpg,0,Ailanthus altissima,Yes
plant_images/5463.jpg,4,Rubus phoenicolasius,Yes
plant_images/17151.jpg,3,Asimina triloba,No
plant_images/832.jpg,14,Ficaria verna,Yes
plant_images/3890.jpg,7,Campsis radicans,No
plant_images/12542.jpg,14,Ficaria verna,Yes
plant_images/21127.jpg,12,Alliaria petiolata,Yes
plant_images/15874.jpg,0,Ailanthus altissima,Yes
plant_images/12340.jpg,2,Elaeagnus umbellata,Yes
plant_images/6730.jpg,12,Alliaria petiolata,Yes
plant_images/21937.jpg,12,Alliaria petiolata,Yes
plant_images/12034.jpg,13,Geum canadense,No
plant_images/10168.jpg,4,Rubus phoenicolasius,Yes
plant_images/4532.jpg,0,Ailanthus altissima,Yes
plant_images/6096.jpg,4,Rubus phoenicolasius,Yes
plant_images/18197.jpg,3,Asimina triloba,No
plant_images/9293.jpg,2,Elaeagnus umbellata,Yes
plant_images/23088.jpg,12,Alliaria petiolata,Yes
plant_images/5272.jpg,3,Asimina triloba,No
plant_images/5131.jpg,10,Persicaria perfoliata,Yes
plant_images/24383.jpg,6,Lonicera japonica,Yes
plant_images/9058.jpg,14,Ficaria verna,Yes
plant_images/15035.jpg,12,Alliaria petiolata,Yes
plant_images/11784.jpg,6,Lonicera japonica,Yes
plant_images/14227.jpg,3,Asimina triloba,No
plant_images/20300.jpg,4,Rubus phoenicolasius,Yes
plant_images/20075.jpg,15,Packera aurea,No
plant_images/10680.jpg,8,Hedera helix,Yes
plant_images/27472.jpg,14,Ficaria verna,Yes
plant_images/5834.jpg,12,Alliaria petiolata,Yes
plant_images/19049.jpg,9,Parthenocissus quinquefolia,No
plant_images/14118.jpg,0,Ailanthus altissima,Yes
plant_images/22582.jpg,4,Rubus phoenicolasius,Yes
plant_images/11064.jpg,12,Alliaria petiolata,Yes
plant_images/3468.jpg,14,Ficaria verna,Yes
plant_images/18185.jpg,3,Asimina triloba,No
plant_images/11887.jpg,7,Campsis radicans,No
plant_images/19951.jpg,5,Rubus occidentalis,No
plant_images/3123.jpg,4,Rubus phoenicolasius,Yes
plant_images/26416.jpg,4,Rubus phoenicolasius,Yes
plant_images/11544.jpg,2,Elaeagnus umbellata,Yes
plant_images/15096.jpg,12,Alliaria petiolata,Yes
plant_images/25138.jpg,4,Rubus phoenicolasius,Yes
plant_images/27108.jpg,14,Ficaria verna,Yes
plant_images/20851.jpg,2,Elaeagnus umbellata,Yes
plant_images/18285.jpg,14,Ficaria verna,Yes
plant_images/12086.jpg,0,Ailanthus altissima,Yes
plant_images/2512.jpg,4,Rubus phoenicolasius,Yes
plant_images/14590.jpg,14,Ficaria verna,Yes
plant_images/9483.jpg,3,Asimina triloba,No
plant_images/6948.jpg,12,Alliaria petiolata,Yes
plant_images/26093.jpg,3,Asimina triloba,No
plant_images/25992.jpg,15,Packera aurea,No
plant_images/26125.jpg,12,Alliaria petiolata,Yes
plant_images/411.jpg,8,Hedera helix,Yes
plant_images/22121.jpg,6,Lonicera japonica,Yes
plant_images/3632.jpg,4,Rubus phoenicolasius,Yes
plant_images/2935.jpg,15,Packera aurea,No
plant_images/16014.jpg,14,Ficaria verna,Yes
plant_images/26104.jpg,12,Alliaria petiolata,Yes
plant_images/9652.jpg,9,Parthenocissus quinquefolia,No
plant_images/20904.jpg,6,Lonicera japonica,Yes
plant_images/14533.jpg,14,Ficaria verna,Yes
plant_images/868.jpg,14,Ficaria verna,Yes
plant_images/14562.jpg,14,Ficaria verna,Yes
plant_images/26487.jpg,4,Rubus phoenicolasius,Yes
plant_images/25051.jpg,6,Lonicera japonica,Yes
plant_images/8142.jpg,13,Geum canadense,No
plant_images/22163.jpg,12,Alliaria petiolata,Yes
plant_images/1190.jpg,4,Rubus phoenicolasius,Yes
plant_images/24153.jpg,3,Asimina triloba,No
plant_images/27736.jpg,7,Campsis radicans,No
plant_images/4666.jpg,0,Ailanthus altissima,Yes
plant_images/14439.jpg,12,Alliaria petiolata,Yes
plant_images/3175.jpg,5,Rubus occidentalis,No
plant_images/6335.jpg,1,Rhus copallinum,No
plant_images/1977.jpg,12,Alliaria petiolata,Yes
plant_images/14101.jpg,6,Lonicera japonica,Yes
plant_images/2593.jpg,13,Geum canadense,No
plant_images/17319.jpg,9,Parthenocissus quinquefolia,No
plant_images/17235.jpg,7,Campsis radicans,No
plant_images/19211.jpg,7,Campsis radicans,No
plant_images/24443.jpg,6,Lonicera japonica,Yes
plant_images/28167.jpg,4,Rubus phoenicolasius,Yes
plant_images/24829.jpg,9,Parthenocissus quinquefolia,No
plant_images/549.jpg,8,Hedera helix,Yes
plant_images/23021.jpg,9,Parthenocissus quinquefolia,No
plant_images/27221.jpg,7,Campsis radicans,No
plant_images/13080.jpg,12,Alliaria petiolata,Yes
plant_images/23769.jpg,12,Alliaria petiolata,Yes
plant_images/15210.jpg,6,Lonicera japonica,Yes
plant_images/12623.jpg,14,Ficaria verna,Yes
plant_images/2950.jpg,6,Lonicera japonica,Yes
plant_images/7748.jpg,9,Parthenocissus quinquefolia,No
plant_images/24323.jpg,14,Ficaria verna,Yes
plant_images/1917.jpg,3,Asimina triloba,No
plant_images/26386.jpg,6,Lonicera japonica,Yes
plant_images/12098.jpg,0,Ailanthus altissima,Yes
plant_images/21982.jpg,8,Hedera helix,Yes
plant_images/6059.jpg,12,Alliaria petiolata,Yes
plant_images/3503.jpg,14,Ficaria verna,Yes
plant_images/20497.jpg,4,Rubus phoenicolasius,Yes
plant_images/9669.jpg,13,Geum canadense,No
plant_images/16378.jpg,12,Alliaria petiolata,Yes
plant_images/18714.jpg,12,Alliaria petiolata,Yes
plant_images/8224.jpg,14,Ficaria verna,Yes
plant_images/19341.jpg,7,Campsis radicans,No
plant_images/23157.jpg,10,Persicaria perfoliata,Yes
plant_images/25615.jpg,3,Asimina triloba,No
plant_images/6688.jpg,14,Ficaria verna,Yes
plant_images/23390.jpg,10,Persicaria perfoliata,Yes
plant_images/21039.jpg,3,Asimina triloba,No
plant_images/15868.jpg,14,Ficaria verna,Yes
plant_images/13560.jpg,9,Parthenocissus quinquefolia,No
plant_images/6549.jpg,3,Asimina triloba,No
plant_images/17199.jpg,1,Rhus copallinum,No
plant_images/445.jpg,9,Parthenocissus quinquefolia,No
plant_images/4446.jpg,4,Rubus phoenicolasius,Yes
plant_images/14202.jpg,3,Asimina triloba,No
plant_images/18716.jpg,7,Campsis radicans,No
plant_images/14722.jpg,14,Ficaria verna,Yes
plant_images/15675.jpg,3,Asimina triloba,No
plant_images/132.jpg,13,Geum canadense,No
plant_images/13978.jpg,7,Campsis radicans,No
plant_images/22007.jpg,4,Rubus phoenicolasius,Yes
plant_images/21604.jpg,3,Asimina triloba,No
plant_images/12560.jpg,14,Ficaria verna,Yes
plant_images/25366.jpg,6,Lonicera japonica,Yes
plant_images/20501.jpg,14,Ficaria verna,Yes
plant_images/8819.jpg,3,Asimina triloba,No
plant_images/8683.jpg,11,Persicaria sagittata,No
plant_images/3953.jpg,5,Rubus occidentalis,No
plant_images/9313.jpg,14,Ficaria verna,Yes
plant_images/13485.jpg,9,Parthenocissus quinquefolia,No
plant_images/5653.jpg,8,Hedera helix,Yes
plant_images/6493.jpg,3,Asimina triloba,No
plant_images/3006.jpg,4,Rubus phoenicolasius,Yes
plant_images/19899.jpg,2,Elaeagnus umbellata,Yes
plant_images/10245.jpg,10,Persicaria perfoliata,Yes
plant_images/23900.jpg,9,Parthenocissus quinquefolia,No
plant_images/26830.jpg,6,Lonicera japonica,Yes
plant_images/6073.jpg,12,Alliaria petiolata,Yes
plant_images/14518.jpg,14,Ficaria verna,Yes
plant_images/25310.jpg,1,Rhus copallinum,No
plant_images/25616.jpg,3,Asimina triloba,No
plant_images/19459.jpg,7,Campsis radicans,No
plant_images/15817.jpg,14,Ficaria verna,Yes
plant_images/18609.jpg,7,Campsis radicans,No
plant_images/3001.jpg,0,Ailanthus altissima,Yes
plant_images/3763.jpg,0,Ailanthus altissima,Yes
plant_images/11008.jpg,14,Ficaria verna,Yes
plant_images/11474.jpg,9,Parthenocissus quinquefolia,No
plant_images/26990.jpg,12,Alliaria petiolata,Yes
plant_images/14408.jpg,3,Asimina triloba,No
plant_images/2460.jpg,14,Ficaria verna,Yes
plant_images/28292.jpg,4,Rubus phoenicolasius,Yes
plant_images/6411.jpg,2,Elaeagnus umbellata,Yes
plant_images/17520.jpg,11,Persicaria sagittata,No
plant_images/9434.jpg,2,Elaeagnus umbellata,Yes
plant_images/25704.jpg,13,Geum canadense,No
plant_images/9586.jpg,7,Campsis radicans,No
plant_images/24928.jpg,6,Lonicera japonica,Yes
plant_images/18652.jpg,12,Alliaria petiolata,Yes
plant_images/7460.jpg,2,Elaeagnus umbellata,Yes
plant_images/4691.jpg,14,Ficaria verna,Yes
plant_images/9700.jpg,2,Elaeagnus umbellata,Yes
plant_images/1093.jpg,12,Alliaria petiolata,Yes
plant_images/23988.jpg,0,Ailanthus altissima,Yes
plant_images/3333.jpg,9,Parthenocissus quinquefolia,No
plant_images/19506.jpg,7,Campsis radicans,No
plant_images/24218.jpg,3,Asimina triloba,No
plant_images/11727.jpg,2,Elaeagnus umbellata,Yes
plant_images/26752.jpg,10,Persicaria perfoliata,Yes
plant_images/4113.jpg,12,Alliaria petiolata,Yes
plant_images/24611.jpg,2,Elaeagnus umbellata,Yes
plant_images/10695.jpg,7,Campsis radicans,No
plant_images/25958.jpg,9,Parthenocissus quinquefolia,No
plant_images/5600.jpg,14,Ficaria verna,Yes
plant_images/7271.jpg,9,Parthenocissus quinquefolia,No
plant_images/2409.jpg,14,Ficaria verna,Yes
plant_images/18326.jpg,12,Alliaria petiolata,Yes
plant_images/19379.jpg,3,Asimina triloba,No
plant_images/14696.jpg,3,Asimina triloba,No
plant_images/24810.jpg,2,Elaeagnus umbellata,Yes
plant_images/16020.jpg,12,Alliaria petiolata,Yes
plant_images/21881.jpg,9,Parthenocissus quinquefolia,No
plant_images/16649.jpg,2,Elaeagnus umbellata,Yes
plant_images/5495.jpg,6,Lonicera japonica,Yes
plant_images/20603.jpg,6,Lonicera japonica,Yes
plant_images/1261.jpg,9,Parthenocissus quinquefolia,No
plant_images/23550.jpg,2,Elaeagnus umbellata,Yes
plant_images/26224.jpg,4,Rubus phoenicolasius,Yes
plant_images/15510.jpg,6,Lonicera japonica,Yes
plant_images/3757.jpg,0,Ailanthus altissima,Yes
plant_images/27339.jpg,7,Campsis radicans,No
plant_images/2764.jpg,0,Ailanthus altissima,Yes
plant_images/17082.jpg,10,Persicaria perfoliata,Yes
plant_images/6560.jpg,10,Persicaria perfoliata,Yes
plant_images/11974.jpg,9,Parthenocissus quinquefolia,No
plant_images/13712.jpg,0,Ailanthus altissima,Yes
plant_images/22843.jpg,0,Ailanthus altissima,Yes
plant_images/1253.jpg,10,Persicaria perfoliata,Yes
plant_images/21166.jpg,4,Rubus phoenicolasius,Yes
plant_images/22132.jpg,9,Parthenocissus quinquefolia,No
plant_images/7116.jpg,12,Alliaria petiolata,Yes
plant_images/10138.jpg,3,Asimina triloba,No
plant_images/20698.jpg,4,Rubus phoenicolasius,Yes
plant_images/3859.jpg,11,Persicaria sagittata,No
plant_images/25259.jpg,13,Geum canadense,No
plant_images/21237.jpg,13,Geum canadense,No
plant_images/9980.jpg,8,Hedera helix,Yes
plant_images/21637.jpg,9,Parthenocissus quinquefolia,No
plant_images/15113.jpg,0,Ailanthus altissima,Yes
plant_images/10500.jpg,9,Parthenocissus quinquefolia,No
plant_images/14134.jpg,3,Asimina triloba,No
plant_images/12818.jpg,14,Ficaria verna,Yes
plant_images/146.jpg,6,Lonicera japonica,Yes
plant_images/28108.jpg,12,Alliaria petiolata,Yes
plant_images/8872.jpg,8,Hedera helix,Yes
plant_images/6232.jpg,13,Geum canadense,No
plant_images/15093.jpg,9,Parthenocissus quinquefolia,No
plant_images/1407.jpg,10,Persicaria perfoliata,Yes
plant_images/1228.jpg,13,Geum canadense,No
plant_images/15582.jpg,10,Persicaria perfoliata,Yes
plant_images/26700.jpg,7,Campsis radicans,No
plant_images/6272.jpg,4,Rubus phoenicolasius,Yes
plant_images/22253.jpg,5,Rubus occidentalis,No
plant_images/4622.jpg,4,Rubus phoenicolasius,Yes
plant_images/26930.jpg,8,Hedera helix,Yes
plant_images/3592.jpg,8,Hedera helix,Yes
plant_images/11168.jpg,2,Elaeagnus umbellata,Yes
plant_images/3404.jpg,3,Asimina triloba,No
plant_images/3770.jpg,6,Lonicera japonica,Yes
plant_images/3184.jpg,13,Geum canadense,No
plant_images/5030.jpg,12,Alliaria petiolata,Yes
plant_images/8369.jpg,2,Elaeagnus umbellata,Yes
plant_images/9956.jpg,2,Elaeagnus umbellata,Yes
plant_images/11889.jpg,4,Rubus phoenicolasius,Yes
plant_images/24399.jpg,12,Alliaria petiolata,Yes
plant_images/14240.jpg,3,Asimina triloba,No
plant_images/15413.jpg,4,Rubus phoenicolasius,Yes
plant_images/4747.jpg,10,Persicaria perfoliata,Yes
plant_images/58.jpg,9,Parthenocissus quinquefolia,No
plant_images/23082.jpg,2,Elaeagnus umbellata,Yes
plant_images/1954.jpg,1,Rhus copallinum,No
plant_images/2095.jpg,4,Rubus phoenicolasius,Yes
plant_images/23117.jpg,4,Rubus phoenicolasius,Yes
plant_images/2825.jpg,10,Persicaria perfoliata,Yes
plant_images/21984.jpg,13,Geum canadense,No
plant_images/8115.jpg,9,Parthenocissus quinquefolia,No
plant_images/17188.jpg,0,Ailanthus altissima,Yes
plant_images/12796.jpg,14,Ficaria verna,Yes
plant_images/1242.jpg,9,Parthenocissus quinquefolia,No
plant_images/12111.jpg,0,Ailanthus altissima,Yes
plant_images/6230.jpg,3,Asimina triloba,No
plant_images/26197.jpg,3,Asimina triloba,No
plant_images/21648.jpg,6,Lonicera japonica,Yes
plant_images/13503.jpg,9,Parthenocissus quinquefolia,No
plant_images/5035.jpg,14,Ficaria verna,Yes
plant_images/10713.jpg,12,Alliaria petiolata,Yes
plant_images/23541.jpg,2,Elaeagnus umbellata,Yes
plant_images/24604.jpg,2,Elaeagnus umbellata,Yes
plant_images/10492.jpg,12,Alliaria petiolata,Yes
plant_images/13765.jpg,4,Rubus phoenicolasius,Yes
plant_images/1007.jpg,8,Hedera helix,Yes
plant_images/25876.jpg,7,Campsis radicans,No
plant_images/27985.jpg,4,Rubus phoenicolasius,Yes
plant_images/18323.jpg,14,Ficaria verna,Yes
plant_images/17071.jpg,11,Persicaria sagittata,No
plant_images/9924.jpg,7,Campsis radicans,No
plant_images/19710.jpg,9,Parthenocissus quinquefolia,No
plant_images/19356.jpg,7,Campsis radicans,No
plant_images/2783.jpg,0,Ailanthus altissima,Yes
plant_images/166.jpg,13,Geum canadense,No
plant_images/16872.jpg,0,Ailanthus altissima,Yes
plant_images/14648.jpg,14,Ficaria verna,Yes
plant_images/25671.jpg,3,Asimina triloba,No
plant_images/8791.jpg,6,Lonicera japonica,Yes
plant_images/25198.jpg,7,Campsis radicans,No
plant_images/11568.jpg,9,Parthenocissus quinquefolia,No
plant_images/8949.jpg,12,Alliaria petiolata,Yes
plant_images/5187.jpg,0,Ailanthus altissima,Yes
plant_images/6071.jpg,7,Campsis radicans,No
plant_images/27362.jpg,3,Asimina triloba,No
plant_images/18331.jpg,3,Asimina triloba,No
plant_images/15833.jpg,4,Rubus phoenicolasius,Yes
plant_images/25398.jpg,8,Hedera helix,Yes
plant_images/26214.jpg,12,Alliaria petiolata,Yes
plant_images/7955.jpg,7,Campsis radicans,No
plant_images/8340.jpg,3,Asimina triloba,No
plant_images/17874.jpg,14,Ficaria verna,Yes
plant_images/24513.jpg,11,Persicaria sagittata,No
plant_images/965.jpg,9,Parthenocissus quinquefolia,No
plant_images/23639.jpg,14,Ficaria verna,Yes
plant_images/26786.jpg,3,Asimina triloba,No
plant_images/27782.jpg,7,Campsis radicans,No
plant_images/1020.jpg,4,Rubus phoenicolasius,Yes
plant_images/26268.jpg,5,Rubus occidentalis,No
plant_images/24391.jpg,2,Elaeagnus umbellata,Yes
plant_images/6543.jpg,3,Asimina triloba,No
plant_images/6864.jpg,12,Alliaria petiolata,Yes
plant_images/1009.jpg,12,Alliaria petiolata,Yes
plant_images/10503.jpg,6,Lonicera japonica,Yes
plant_images/27600.jpg,15,Packera aurea,No
plant_images/20615.jpg,2,Elaeagnus umbellata,Yes
plant_images/13547.jpg,15,Packera aurea,No
plant_images/27257.jpg,0,Ailanthus altissima,Yes
plant_images/17115.jpg,0,Ailanthus altissima,Yes
plant_images/27775.jpg,2,Elaeagnus umbellata,Yes
plant_images/6191.jpg,9,Parthenocissus quinquefolia,No
plant_images/19757.jpg,9,Parthenocissus quinquefolia,No
plant_images/11777.jpg,3,Asimina triloba,No
plant_images/19059.jpg,2,Elaeagnus umbellata,Yes
plant_images/4476.jpg,4,Rubus phoenicolasius,Yes
plant_images/3729.jpg,12,Alliaria petiolata,Yes
plant_images/6665.jpg,14,Ficaria verna,Yes
plant_images/27426.jpg,2,Elaeagnus umbellata,Yes
plant_images/24089.jpg,1,Rhus copallinum,No
plant_images/25960.jpg,9,Parthenocissus quinquefolia,No
plant_images/21092.jpg,12,Alliaria petiolata,Yes
plant_images/4379.jpg,9,Parthenocissus quinquefolia,No
plant_images/6742.jpg,14,Ficaria verna,Yes
plant_images/22871.jpg,2,Elaeagnus umbellata,Yes
plant_images/2824.jpg,8,Hedera helix,Yes
plant_images/16067.jpg,14,Ficaria verna,Yes
plant_images/20816.jpg,1,Rhus copallinum,No
plant_images/16525.jpg,4,Rubus phoenicolasius,Yes
plant_images/18595.jpg,2,Elaeagnus umbellata,Yes
plant_images/10029.jpg,2,Elaeagnus umbellata,Yes
plant_images/12939.jpg,14,Ficaria verna,Yes
plant_images/21754.jpg,4,Rubus phoenicolasius,Yes
plant_images/3298.jpg,4,Rubus phoenicolasius,Yes
plant_images/6200.jpg,5,Rubus occidentalis,No
plant_images/20103.jpg,6,Lonicera japonica,Yes
plant_images/8708.jpg,10,Persicaria perfoliata,Yes
plant_images/24018.jpg,6,Lonicera japonica,Yes
plant_images/27192.jpg,3,Asimina triloba,No
plant_images/316.jpg,14,Ficaria verna,Yes
plant_images/22591.jpg,7,Campsis radicans,No
plant_images/25979.jpg,1,Rhus copallinum,No
plant_images/21008.jpg,14,Ficaria verna,Yes
plant_images/2088.jpg,15,Packera aurea,No
plant_images/22982.jpg,11,Persicaria sagittata,No
plant_images/24214.jpg,3,Asimina triloba,No
plant_images/20426.jpg,3,Asimina triloba,No
plant_images/25954.jpg,6,Lonicera japonica,Yes
plant_images/12978.jpg,12,Alliaria petiolata,Yes
plant_images/20973.jpg,2,Elaeagnus umbellata,Yes
plant_images/23919.jpg,4,Rubus phoenicolasius,Yes
plant_images/13938.jpg,9,Parthenocissus quinquefolia,No
plant_images/25621.jpg,9,Parthenocissus quinquefolia,No
plant_images/9693.jpg,12,Alliaria petiolata,Yes
plant_images/133.jpg,9,Parthenocissus quinquefolia,No
plant_images/1480.jpg,12,Alliaria petiolata,Yes
plant_images/4650.jpg,0,Ailanthus altissima,Yes
plant_images/16550.jpg,1,Rhus copallinum,No
plant_images/20238.jpg,12,Alliaria petiolata,Yes
plant_images/15609.jpg,7,Campsis radicans,No
plant_images/2947.jpg,4,Rubus phoenicolasius,Yes
plant_images/6453.jpg,6,Lonicera japonica,Yes
plant_images/5789.jpg,13,Geum canadense,No
plant_images/4742.jpg,9,Parthenocissus quinquefolia,No
plant_images/26088.jpg,3,Asimina triloba,No
plant_images/1315.jpg,7,Campsis radicans,No
plant_images/6884.jpg,14,Ficaria verna,Yes
plant_images/10508.jpg,2,Elaeagnus umbellata,Yes
plant_images/25785.jpg,7,Campsis radicans,No
plant_images/16168.jpg,0,Ailanthus altissima,Yes
plant_images/22124.jpg,15,Packera aurea,No
plant_images/15378.jpg,4,Rubus phoenicolasius,Yes
plant_images/16956.jpg,5,Rubus occidentalis,No
plant_images/20032.jpg,12,Alliaria petiolata,Yes
plant_images/11374.jpg,12,Alliaria petiolata,Yes
plant_images/7428.jpg,6,Lonicera japonica,Yes
plant_images/27588.jpg,2,Elaeagnus umbellata,Yes
plant_images/15867.jpg,14,Ficaria verna,Yes
plant_images/9896.jpg,6,Lonicera japonica,Yes
plant_images/20960.jpg,6,Lonicera japonica,Yes
plant_images/1810.jpg,9,Parthenocissus quinquefolia,No
plant_images/688.jpg,12,Alliaria petiolata,Yes
plant_images/9721.jpg,9,Parthenocissus quinquefolia,No
plant_images/7698.jpg,12,Alliaria petiolata,Yes
plant_images/20644.jpg,6,Lonicera japonica,Yes
plant_images/11613.jpg,4,Rubus phoenicolasius,Yes
plant_images/5957.jpg,9,Parthenocissus quinquefolia,No
plant_images/13438.jpg,3,Asimina triloba,No
plant_images/714.jpg,6,Lonicera japonica,Yes
plant_images/3329.jpg,14,Ficaria verna,Yes
plant_images/13572.jpg,6,Lonicera japonica,Yes
plant_images/686.jpg,9,Parthenocissus quinquefolia,No
plant_images/425.jpg,10,Persicaria perfoliata,Yes
plant_images/25974.jpg,1,Rhus copallinum,No
plant_images/18223.jpg,2,Elaeagnus umbellata,Yes
plant_images/21164.jpg,0,Ailanthus altissima,Yes
plant_images/7819.jpg,10,Persicaria perfoliata,Yes
plant_images/10105.jpg,4,Rubus phoenicolasius,Yes
plant_images/26025.jpg,14,Ficaria verna,Yes
plant_images/19077.jpg,7,Campsis radicans,No
plant_images/24918.jpg,2,Elaeagnus umbellata,Yes
plant_images/15555.jpg,3,Asimina triloba,No
plant_images/23161.jpg,4,Rubus phoenicolasius,Yes
plant_images/3685.jpg,3,Asimina triloba,No
plant_images/18221.jpg,3,Asimina triloba,No
plant_images/28302.jpg,4,Rubus phoenicolasius,Yes
plant_images/7185.jpg,4,Rubus phoenicolasius,Yes
plant_images/26680.jpg,3,Asimina triloba,No
plant_images/15761.jpg,3,Asimina triloba,No
plant_images/15841.jpg,8,Hedera helix,Yes
plant_images/10723.jpg,9,Parthenocissus quinquefolia,No
plant_images/26545.jpg,3,Asimina triloba,No
plant_images/9676.jpg,12,Alliaria petiolata,Yes
plant_images/21659.jpg,9,Parthenocissus quinquefolia,No
plant_images/17598.jpg,10,Persicaria perfoliata,Yes
plant_images/21687.jpg,0,Ailanthus altissima,Yes
plant_images/7300.jpg,4,Rubus phoenicolasius,Yes
plant_images/17185.jpg,4,Rubus phoenicolasius,Yes
plant_images/1111.jpg,14,Ficaria verna,Yes
plant_images/22710.jpg,12,Alliaria petiolata,Yes
plant_images/15847.jpg,14,Ficaria verna,Yes
plant_images/2477.jpg,14,Ficaria verna,Yes
plant_images/2608.jpg,6,Lonicera japonica,Yes
plant_images/8399.jpg,3,Asimina triloba,No
plant_images/10404.jpg,3,Asimina triloba,No
plant_images/24717.jpg,12,Alliaria petiolata,Yes
plant_images/23018.jpg,7,Campsis radicans,No
plant_images/9070.jpg,14,Ficaria verna,Yes
plant_images/11068.jpg,15,Packera aurea,No
plant_images/6538.jpg,2,Elaeagnus umbellata,Yes
plant_images/26608.jpg,3,Asimina triloba,No
plant_images/25545.jpg,12,Alliaria petiolata,Yes
plant_images/27950.jpg,1,Rhus copallinum,No
plant_images/22846.jpg,9,Parthenocissus quinquefolia,No
plant_images/3327.jpg,7,Campsis radicans,No
plant_images/15070.jpg,4,Rubus phoenicolasius,Yes
plant_images/26142.jpg,2,Elaeagnus umbellata,Yes
plant_images/28116.jpg,2,Elaeagnus umbellata,Yes
plant_images/20256.jpg,12,Alliaria petiolata,Yes
plant_images/1355.jpg,8,Hedera helix,Yes
plant_images/20311.jpg,9,Parthenocissus quinquefolia,No
plant_images/22887.jpg,10,Persicaria perfoliata,Yes
plant_images/3023.jpg,12,Alliaria petiolata,Yes
plant_images/12706.jpg,6,Lonicera japonica,Yes
plant_images/16666.jpg,6,Lonicera japonica,Yes
plant_images/10886.jpg,14,Ficaria verna,Yes
plant_images/3671.jpg,9,Parthenocissus quinquefolia,No
plant_images/14469.jpg,14,Ficaria verna,Yes
plant_images/26931.jpg,9,Parthenocissus quinquefolia,No
plant_images/17686.jpg,1,Rhus copallinum,No
plant_images/18361.jpg,15,Packera aurea,No
plant_images/27552.jpg,10,Persicaria perfoliata,Yes
plant_images/2484.jpg,8,Hedera helix,Yes
plant_images/325.jpg,14,Ficaria verna,Yes
plant_images/1203.jpg,0,Ailanthus altissima,Yes
plant_images/16338.jpg,12,Alliaria petiolata,Yes
plant_images/20429.jpg,10,Persicaria perfoliata,Yes
plant_images/5357.jpg,10,Persicaria perfoliata,Yes
plant_images/8335.jpg,7,Campsis radicans,No
plant_images/11065.jpg,14,Ficaria verna,Yes
plant_images/20929.jpg,10,Persicaria perfoliata,Yes
plant_images/8274.jpg,7,Campsis radicans,No
plant_images/17031.jpg,4,Rubus phoenicolasius,Yes
plant_images/18215.jpg,2,Elaeagnus umbellata,Yes
plant_images/26159.jpg,0,Ailanthus altissima,Yes
plant_images/3121.jpg,3,Asimina triloba,No
plant_images/6789.jpg,14,Ficaria verna,Yes
plant_images/17523.jpg,2,Elaeagnus umbellata,Yes
plant_images/20233.jpg,12,Alliaria petiolata,Yes
plant_images/9097.jpg,14,Ficaria verna,Yes
plant_images/18268.jpg,14,Ficaria verna,Yes
plant_images/11233.jpg,3,Asimina triloba,No
plant_images/7903.jpg,4,Rubus phoenicolasius,Yes
plant_images/17313.jpg,8,Hedera helix,Yes
plant_images/2089.jpg,15,Packera aurea,No
plant_images/18717.jpg,9,Parthenocissus quinquefolia,No
plant_images/404.jpg,10,Persicaria perfoliata,Yes
plant_images/5379.jpg,2,Elaeagnus umbellata,Yes
plant_images/9710.jpg,12,Alliaria petiolata,Yes
plant_images/18737.jpg,6,Lonicera japonica,Yes
plant_images/27543.jpg,9,Parthenocissus quinquefolia,No
plant_images/11732.jpg,10,Persicaria perfoliata,Yes
plant_images/26986.jpg,14,Ficaria verna,Yes
plant_images/23108.jpg,10,Persicaria perfoliata,Yes
plant_images/7801.jpg,4,Rubus phoenicolasius,Yes
plant_images/15171.jpg,9,Parthenocissus quinquefolia,No
plant_images/1570.jpg,14,Ficaria verna,Yes
plant_images/10881.jpg,3,Asimina triloba,No
plant_images/13699.jpg,0,Ailanthus altissima,Yes
plant_images/12821.jpg,14,Ficaria verna,Yes
plant_images/19836.jpg,9,Parthenocissus quinquefolia,No
plant_images/21938.jpg,4,Rubus phoenicolasius,Yes
plant_images/1539.jpg,4,Rubus phoenicolasius,Yes
plant_images/11146.jpg,3,Asimina triloba,No
plant_images/18596.jpg,6,Lonicera japonica,Yes
plant_images/20308.jpg,13,Geum canadense,No
plant_images/24294.jpg,11,Persicaria sagittata,No
plant_images/3749.jpg,12,Alliaria petiolata,Yes
plant_images/20205.jpg,6,Lonicera japonica,Yes
plant_images/17215.jpg,1,Rhus copallinum,No
plant_images/10253.jpg,4,Rubus phoenicolasius,Yes
plant_images/23057.jpg,3,Asimina triloba,No
plant_images/13347.jpg,6,Lonicera japonica,Yes
plant_images/8664.jpg,4,Rubus phoenicolasius,Yes
plant_images/21994.jpg,4,Rubus phoenicolasius,Yes
plant_images/25774.jpg,2,Elaeagnus umbellata,Yes
plant_images/8612.jpg,11,Persicaria sagittata,No
plant_images/1195.jpg,9,Parthenocissus quinquefolia,No
plant_images/27638.jpg,3,Asimina triloba,No
plant_images/1621.jpg,12,Alliaria petiolata,Yes
plant_images/26465.jpg,1,Rhus copallinum,No
plant_images/5167.jpg,6,Lonicera japonica,Yes
plant_images/26697.jpg,7,Campsis radicans,No
plant_images/726.jpg,9,Parthenocissus quinquefolia,No
plant_images/4415.jpg,7,Campsis radicans,No
plant_images/9521.jpg,12,Alliaria petiolata,Yes
plant_images/25614.jpg,9,Parthenocissus quinquefolia,No
plant_images/25976.jpg,1,Rhus copallinum,No
plant_images/6085.jpg,4,Rubus phoenicolasius,Yes
plant_images/2031.jpg,14,Ficaria verna,Yes
plant_images/23473.jpg,4,Rubus phoenicolasius,Yes
plant_images/14621.jpg,12,Alliaria petiolata,Yes
plant_images/26532.jpg,3,Asimina triloba,No
plant_images/6007.jpg,2,Elaeagnus umbellata,Yes
plant_images/1896.jpg,6,Lonicera japonica,Yes
plant_images/214.jpg,9,Parthenocissus quinquefolia,No
plant_images/9319.jpg,14,Ficaria verna,Yes
plant_images/17702.jpg,3,Asimina triloba,No
plant_images/17533.jpg,9,Parthenocissus quinquefolia,No
plant_images/1493.jpg,12,Alliaria petiolata,Yes
plant_images/19620.jpg,0,Ailanthus altissima,Yes
plant_images/26343.jpg,1,Rhus copallinum,No
plant_images/11899.jpg,7,Campsis radicans,No
plant_images/11769.jpg,6,Lonicera japonica,Yes
plant_images/2998.jpg,4,Rubus phoenicolasius,Yes
plant_images/21311.jpg,1,Rhus copallinum,No
plant_images/23725.jpg,3,Asimina triloba,No
plant_images/27556.jpg,7,Campsis radicans,No
plant_images/9489.jpg,3,Asimina triloba,No
plant_images/4475.jpg,9,Parthenocissus quinquefolia,No
plant_images/2710.jpg,4,Rubus phoenicolasius,Yes
plant_images/8733.jpg,3,Asimina triloba,No
plant_images/123.jpg,12,Alliaria petiolata,Yes
plant_images/11384.jpg,3,Asimina triloba,No
plant_images/27032.jpg,9,Parthenocissus quinquefolia,No
plant_images/26638.jpg,2,Elaeagnus umbellata,Yes
plant_images/21910.jpg,8,Hedera helix,Yes
plant_images/11043.jpg,14,Ficaria verna,Yes
plant_images/23102.jpg,4,Rubus phoenicolasius,Yes
plant_images/10352.jpg,7,Campsis radicans,No
plant_images/11272.jpg,2,Elaeagnus umbellata,Yes
plant_images/27562.jpg,6,Lonicera japonica,Yes
plant_images/24962.jpg,2,Elaeagnus umbellata,Yes
plant_images/1028.jpg,8,Hedera helix,Yes
plant_images/15639.jpg,11,Persicaria sagittata,No
plant_images/10405.jpg,8,Hedera helix,Yes
plant_images/19645.jpg,7,Campsis radicans,No
plant_images/10190.jpg,3,Asimina triloba,No
plant_images/1604.jpg,14,Ficaria verna,Yes
plant_images/21438.jpg,0,Ailanthus altissima,Yes
plant_images/16407.jpg,9,Parthenocissus quinquefolia,No
plant_images/25556.jpg,4,Rubus phoenicolasius,Yes
plant_images/13219.jpg,2,Elaeagnus umbellata,Yes
plant_images/12621.jpg,14,Ficaria verna,Yes
plant_images/16904.jpg,3,Asimina triloba,No
plant_images/13452.jpg,3,Asimina triloba,No
plant_images/19571.jpg,7,Campsis radicans,No
plant_images/6949.jpg,14,Ficaria verna,Yes
plant_images/25068.jpg,2,Elaeagnus umbellata,Yes
plant_images/16030.jpg,14,Ficaria verna,Yes
plant_images/18777.jpg,7,Campsis radicans,No
plant_images/685.jpg,13,Geum canadense,No
plant_images/9641.jpg,6,Lonicera japonica,Yes
plant_images/27700.jpg,6,Lonicera japonica,Yes
plant_images/15627.jpg,1,Rhus copallinum,No
plant_images/14216.jpg,3,Asimina triloba,No
plant_images/24944.jpg,2,Elaeagnus umbellata,Yes
plant_images/12793.jpg,14,Ficaria verna,Yes
plant_images/8258.jpg,9,Parthenocissus quinquefolia,No
plant_images/8153.jpg,13,Geum canadense,No
plant_images/9790.jpg,9,Parthenocissus quinquefolia,No
plant_images/3153.jpg,9,Parthenocissus quinquefolia,No
plant_images/20289.jpg,0,Ailanthus altissima,Yes
plant_images/3400.jpg,7,Campsis radicans,No
plant_images/14173.jpg,4,Rubus phoenicolasius,Yes
plant_images/3036.jpg,15,Packera aurea,No
plant_images/25777.jpg,9,Parthenocissus quinquefolia,No
plant_images/27438.jpg,6,Lonicera japonica,Yes
plant_images/26899.jpg,1,Rhus copallinum,No
plant_images/18547.jpg,15,Packera aurea,No
plant_images/1965.jpg,13,Geum canadense,No
plant_images/23921.jpg,0,Ailanthus altissima,Yes
plant_images/16807.jpg,2,Elaeagnus umbellata,Yes
plant_images/4089.jpg,3,Asimina triloba,No
plant_images/6567.jpg,2,Elaeagnus umbellata,Yes
plant_images/14280.jpg,2,Elaeagnus umbellata,Yes
plant_images/21711.jpg,9,Parthenocissus quinquefolia,No
plant_images/17730.jpg,3,Asimina triloba,No
plant_images/15420.jpg,7,Campsis radicans,No
plant_images/25619.jpg,12,Alliaria petiolata,Yes
plant_images/15618.jpg,11,Persicaria sagittata,No
plant_images/16852.jpg,3,Asimina triloba,No
plant_images/568.jpg,15,Packera aurea,No
plant_images/12189.jpg,3,Asimina triloba,No
plant_images/8843.jpg,2,Elaeagnus umbellata,Yes
plant_images/9140.jpg,14,Ficaria verna,Yes
plant_images/18031.jpg,14,Ficaria verna,Yes
plant_images/11174.jpg,14,Ficaria verna,Yes
plant_images/12761.jpg,14,Ficaria verna,Yes
plant_images/11259.jpg,9,Parthenocissus quinquefolia,No
plant_images/13339.jpg,12,Alliaria petiolata,Yes
plant_images/15850.jpg,14,Ficaria verna,Yes
plant_images/11226.jpg,12,Alliaria petiolata,Yes
plant_images/5079.jpg,10,Persicaria perfoliata,Yes
plant_images/17150.jpg,10,Persicaria perfoliata,Yes
plant_images/21213.jpg,10,Persicaria perfoliata,Yes
plant_images/14703.jpg,2,Elaeagnus umbellata,Yes
plant_images/11566.jpg,15,Packera aurea,No
plant_images/27568.jpg,3,Asimina triloba,No
plant_images/17157.jpg,0,Ailanthus altissima,Yes
plant_images/28156.jpg,4,Rubus phoenicolasius,Yes
plant_images/1516.jpg,4,Rubus phoenicolasius,Yes
plant_images/16423.jpg,2,Elaeagnus umbellata,Yes
plant_images/25635.jpg,4,Rubus phoenicolasius,Yes
plant_images/19099.jpg,8,Hedera helix,Yes
plant_images/21120.jpg,15,Packera aurea,No
plant_images/28087.jpg,2,Elaeagnus umbellata,Yes
plant_images/11468.jpg,12,Alliaria petiolata,Yes
plant_images/19217.jpg,0,Ailanthus altissima,Yes
plant_images/7549.jpg,4,Rubus phoenicolasius,Yes
plant_images/9795.jpg,6,Lonicera japonica,Yes
plant_images/26305.jpg,7,Campsis radicans,No
plant_images/15167.jpg,12,Alliaria petiolata,Yes
plant_images/9092.jpg,14,Ficaria verna,Yes
plant_images/10639.jpg,9,Parthenocissus quinquefolia,No
plant_images/25438.jpg,3,Asimina triloba,No
plant_images/10282.jpg,13,Geum canadense,No
plant_images/3028.jpg,8,Hedera helix,Yes
plant_images/5085.jpg,6,Lonicera japonica,Yes
plant_images/1850.jpg,9,Parthenocissus quinquefolia,No
plant_images/21347.jpg,2,Elaeagnus umbellata,Yes
plant_images/3921.jpg,1,Rhus copallinum,No
plant_images/7222.jpg,14,Ficaria verna,Yes
plant_images/12166.jpg,14,Ficaria verna,Yes
plant_images/27989.jpg,3,Asimina triloba,No
plant_images/27634.jpg,7,Campsis radicans,No
plant_images/19647.jpg,4,Rubus phoenicolasius,Yes
plant_images/9056.jpg,2,Elaeagnus umbellata,Yes
plant_images/15355.jpg,4,Rubus phoenicolasius,Yes
plant_images/22050.jpg,3,Asimina triloba,No
plant_images/179.jpg,15,Packera aurea,No
plant_images/5709.jpg,3,Asimina triloba,No
plant_images/6679.jpg,14,Ficaria verna,Yes
plant_images/10383.jpg,10,Persicaria perfoliata,Yes
plant_images/7922.jpg,3,Asimina triloba,No
plant_images/17383.jpg,2,Elaeagnus umbellata,Yes
plant_images/2720.jpg,7,Campsis radicans,No
plant_images/20329.jpg,2,Elaeagnus umbellata,Yes
plant_images/27286.jpg,9,Parthenocissus quinquefolia,No
plant_images/13146.jpg,9,Parthenocissus quinquefolia,No
plant_images/4508.jpg,4,Rubus phoenicolasius,Yes
plant_images/15911.jpg,14,Ficaria verna,Yes
plant_images/8110.jpg,10,Persicaria perfoliata,Yes
plant_images/24102.jpg,3,Asimina triloba,No
plant_images/152.jpg,8,Hedera helix,Yes
plant_images/3066.jpg,0,Ailanthus altissima,Yes
plant_images/13127.jpg,12,Alliaria petiolata,Yes
plant_images/24959.jpg,2,Elaeagnus umbellata,Yes
plant_images/12221.jpg,7,Campsis radicans,No
plant_images/272.jpg,15,Packera aurea,No
plant_images/27097.jpg,0,Ailanthus altissima,Yes
plant_images/5149.jpg,9,Parthenocissus quinquefolia,No
plant_images/23690.jpg,14,Ficaria verna,Yes
plant_images/1099.jpg,15,Packera aurea,No
plant_images/26816.jpg,10,Persicaria perfoliata,Yes
plant_images/826.jpg,14,Ficaria verna,Yes
plant_images/2656.jpg,10,Persicaria perfoliata,Yes
plant_images/23535.jpg,7,Campsis radicans,No
plant_images/25751.jpg,6,Lonicera japonica,Yes
plant_images/25828.jpg,13,Geum canadense,No
plant_images/10446.jpg,3,Asimina triloba,No
plant_images/4793.jpg,3,Asimina triloba,No
plant_images/26143.jpg,2,Elaeagnus umbellata,Yes
plant_images/17516.jpg,3,Asimina triloba,No
plant_images/4966.jpg,12,Alliaria petiolata,Yes
plant_images/19232.jpg,6,Lonicera japonica,Yes
plant_images/1344.jpg,7,Campsis radicans,No
plant_images/420.jpg,0,Ailanthus altissima,Yes
plant_images/13589.jpg,9,Parthenocissus quinquefolia,No
plant_images/15837.jpg,14,Ficaria verna,Yes
plant_images/7786.jpg,7,Campsis radicans,No
plant_images/17996.jpg,14,Ficaria verna,Yes
plant_images/23449.jpg,7,Campsis radicans,No
plant_images/4916.jpg,1,Rhus copallinum,No
plant_images/6450.jpg,3,Asimina triloba,No
plant_images/9894.jpg,12,Alliaria petiolata,Yes
plant_images/24476.jpg,7,Campsis radicans,No
plant_images/14027.jpg,6,Lonicera japonica,Yes
plant_images/17538.jpg,6,Lonicera japonica,Yes
plant_images/28051.jpg,9,Parthenocissus quinquefolia,No
plant_images/4606.jpg,0,Ailanthus altissima,Yes
plant_images/2137.jpg,4,Rubus phoenicolasius,Yes
plant_images/25666.jpg,12,Alliaria petiolata,Yes
plant_images/12318.jpg,6,Lonicera japonica,Yes
plant_images/26243.jpg,9,Parthenocissus quinquefolia,No
plant_images/21249.jpg,2,Elaeagnus umbellata,Yes
plant_images/11900.jpg,0,Ailanthus altissima,Yes
plant_images/17219.jpg,0,Ailanthus altissima,Yes
plant_images/21250.jpg,4,Rubus phoenicolasius,Yes
plant_images/3497.jpg,14,Ficaria verna,Yes
plant_images/19664.jpg,0,Ailanthus altissima,Yes
plant_images/16897.jpg,4,Rubus phoenicolasius,Yes
plant_images/7157.jpg,6,Lonicera japonica,Yes
plant_images/16126.jpg,14,Ficaria verna,Yes
plant_images/1598.jpg,4,Rubus phoenicolasius,Yes
plant_images/25949.jpg,2,Elaeagnus umbellata,Yes
plant_images/25510.jpg,12,Alliaria petiolata,Yes
plant_images/131.jpg,7,Campsis radicans,No
plant_images/7702.jpg,9,Parthenocissus quinquefolia,No
plant_images/25437.jpg,0,Ailanthus altissima,Yes
plant_images/12080.jpg,0,Ailanthus altissima,Yes
plant_images/6135.jpg,7,Campsis radicans,No
plant_images/15535.jpg,3,Asimina triloba,No
plant_images/28204.jpg,7,Campsis radicans,No
plant_images/9300.jpg,14,Ficaria verna,Yes
plant_images/3505.jpg,12,Alliaria petiolata,Yes
plant_images/6926.jpg,4,Rubus phoenicolasius,Yes
plant_images/12785.jpg,14,Ficaria verna,Yes
plant_images/7204.jpg,12,Alliaria petiolata,Yes
plant_images/9106.jpg,14,Ficaria verna,Yes
plant_images/18869.jpg,12,Alliaria petiolata,Yes
plant_images/14723.jpg,12,Alliaria petiolata,Yes
plant_images/20937.jpg,1,Rhus copallinum,No
plant_images/19583.jpg,3,Asimina triloba,No
plant_images/25476.jpg,6,Lonicera japonica,Yes
plant_images/15619.jpg,11,Persicaria sagittata,No
plant_images/15329.jpg,9,Parthenocissus quinquefolia,No
plant_images/20830.jpg,7,Campsis radicans,No
plant_images/6144.jpg,1,Rhus copallinum,No
plant_images/22380.jpg,6,Lonicera japonica,Yes
plant_images/19576.jpg,7,Campsis radicans,No
plant_images/17587.jpg,8,Hedera helix,Yes
plant_images/7886.jpg,8,Hedera helix,Yes
plant_images/15828.jpg,8,Hedera helix,Yes
plant_images/12198.jpg,2,Elaeagnus umbellata,Yes
plant_images/11512.jpg,9,Parthenocissus quinquefolia,No
plant_images/22384.jpg,0,Ailanthus altissima,Yes
plant_images/11038.jpg,14,Ficaria verna,Yes
plant_images/9886.jpg,12,Alliaria petiolata,Yes
plant_images/6973.jpg,2,Elaeagnus umbellata,Yes
plant_images/10220.jpg,7,Campsis radicans,No
plant_images/13009.jpg,14,Ficaria verna,Yes
plant_images/27344.jpg,0,Ailanthus altissima,Yes
plant_images/7761.jpg,5,Rubus occidentalis,No
plant_images/3018.jpg,8,Hedera helix,Yes
plant_images/14004.jpg,6,Lonicera japonica,Yes
plant_images/1262.jpg,8,Hedera helix,Yes
plant_images/24108.jpg,6,Lonicera japonica,Yes
plant_images/4093.jpg,9,Parthenocissus quinquefolia,No
plant_images/22286.jpg,5,Rubus occidentalis,No
plant_images/17721.jpg,10,Persicaria perfoliata,Yes
plant_images/21730.jpg,3,Asimina triloba,No
plant_images/12160.jpg,6,Lonicera japonica,Yes
plant_images/18443.jpg,12,Alliaria petiolata,Yes
plant_images/25877.jpg,6,Lonicera japonica,Yes
plant_images/21849.jpg,0,Ailanthus altissima,Yes
plant_images/19020.jpg,6,Lonicera japonica,Yes
plant_images/22834.jpg,10,Persicaria perfoliata,Yes
plant_images/18886.jpg,9,Parthenocissus quinquefolia,No
plant_images/15379.jpg,3,Asimina triloba,No
plant_images/18421.jpg,12,Alliaria petiolata,Yes
plant_images/27585.jpg,2,Elaeagnus umbellata,Yes
plant_images/10577.jpg,6,Lonicera japonica,Yes
plant_images/19193.jpg,4,Rubus phoenicolasius,Yes
plant_images/21968.jpg,10,Persicaria perfoliata,Yes
plant_images/20534.jpg,12,Alliaria petiolata,Yes
plant_images/20781.jpg,4,Rubus phoenicolasius,Yes
plant_images/10346.jpg,4,Rubus phoenicolasius,Yes
plant_images/14725.jpg,12,Alliaria petiolata,Yes
plant_images/23909.jpg,0,Ailanthus altissima,Yes
plant_images/25887.jpg,1,Rhus copallinum,No
plant_images/14340.jpg,10,Persicaria perfoliata,Yes
plant_images/10800.jpg,3,Asimina triloba,No
plant_images/21119.jpg,3,Asimina triloba,No
plant_images/21895.jpg,6,Lonicera japonica,Yes
plant_images/4651.jpg,0,Ailanthus altissima,Yes
plant_images/26757.jpg,7,Campsis radicans,No
plant_images/14294.jpg,7,Campsis radicans,No
plant_images/13419.jpg,4,Rubus phoenicolasius,Yes
plant_images/16613.jpg,14,Ficaria verna,Yes
plant_images/6783.jpg,12,Alliaria petiolata,Yes
plant_images/14646.jpg,14,Ficaria verna,Yes
plant_images/499.jpg,14,Ficaria verna,Yes
plant_images/26173.jpg,12,Alliaria petiolata,Yes
plant_images/15365.jpg,0,Ailanthus altissima,Yes
plant_images/25385.jpg,13,Geum canadense,No
plant_images/13008.jpg,12,Alliaria petiolata,Yes
plant_images/4869.jpg,1,Rhus copallinum,No
plant_images/24226.jpg,3,Asimina triloba,No
plant_images/24247.jpg,6,Lonicera japonica,Yes
plant_images/14733.jpg,12,Alliaria petiolata,Yes
plant_images/27236.jpg,0,Ailanthus altissima,Yes
plant_images/13197.jpg,0,Ailanthus altissima,Yes
plant_images/27410.jpg,1,Rhus copallinum,No
plant_images/24509.jpg,1,Rhus copallinum,No
plant_images/8761.jpg,8,Hedera helix,Yes
plant_images/6803.jpg,3,Asimina triloba,No
plant_images/27780.jpg,4,Rubus phoenicolasius,Yes
plant_images/4587.jpg,0,Ailanthus altissima,Yes
plant_images/22099.jpg,3,Asimina triloba,No
plant_images/9694.jpg,0,Ailanthus altissima,Yes
plant_images/18505.jpg,15,Packera aurea,No
plant_images/5376.jpg,2,Elaeagnus umbellata,Yes
plant_images/7467.jpg,5,Rubus occidentalis,No
plant_images/3654.jpg,8,Hedera helix,Yes
plant_images/13652.jpg,0,Ailanthus altissima,Yes
plant_images/5867.jpg,4,Rubus phoenicolasius,Yes
plant_images/5440.jpg,7,Campsis radicans,No
plant_images/12201.jpg,0,Ailanthus altissima,Yes
plant_images/7149.jpg,14,Ficaria verna,Yes
plant_images/13121.jpg,6,Lonicera japonica,Yes
plant_images/10465.jpg,3,Asimina triloba,No
plant_images/21073.jpg,2,Elaeagnus umbellata,Yes
plant_images/26448.jpg,10,Persicaria perfoliata,Yes
plant_images/23324.jpg,10,Persicaria perfoliata,Yes
plant_images/13107.jpg,3,Asimina triloba,No
plant_images/27572.jpg,6,Lonicera japonica,Yes
plant_images/23637.jpg,4,Rubus phoenicolasius,Yes
plant_images/23029.jpg,9,Parthenocissus quinquefolia,No
plant_images/10901.jpg,14,Ficaria verna,Yes
plant_images/27218.jpg,7,Campsis radicans,No
plant_images/17384.jpg,10,Persicaria perfoliata,Yes
plant_images/17901.jpg,14,Ficaria verna,Yes
plant_images/4321.jpg,9,Parthenocissus quinquefolia,No
plant_images/23718.jpg,10,Persicaria perfoliata,Yes
plant_images/4740.jpg,12,Alliaria petiolata,Yes
plant_images/21725.jpg,5,Rubus occidentalis,No
plant_images/26805.jpg,7,Campsis radicans,No
plant_images/25399.jpg,9,Parthenocissus quinquefolia,No
plant_images/4144.jpg,9,Parthenocissus quinquefolia,No
plant_images/21540.jpg,6,Lonicera japonica,Yes
plant_images/15191.jpg,0,Ailanthus altissima,Yes
plant_images/2806.jpg,11,Persicaria sagittata,No
plant_images/13183.jpg,6,Lonicera japonica,Yes
plant_images/1655.jpg,12,Alliaria petiolata,Yes
plant_images/9304.jpg,13,Geum canadense,No
plant_images/4440.jpg,9,Parthenocissus quinquefolia,No
plant_images/24637.jpg,12,Alliaria petiolata,Yes
plant_images/16165.jpg,3,Asimina triloba,No
plant_images/3711.jpg,12,Alliaria petiolata,Yes
plant_images/5130.jpg,2,Elaeagnus umbellata,Yes
plant_images/7220.jpg,15,Packera aurea,No
plant_images/9247.jpg,14,Ficaria verna,Yes
plant_images/27152.jpg,12,Alliaria petiolata,Yes
plant_images/9407.jpg,3,Asimina triloba,No
plant_images/10878.jpg,14,Ficaria verna,Yes
plant_images/26982.jpg,12,Alliaria petiolata,Yes
plant_images/18722.jpg,4,Rubus phoenicolasius,Yes
plant_images/15390.jpg,4,Rubus phoenicolasius,Yes
plant_images/3149.jpg,6,Lonicera japonica,Yes
plant_images/8881.jpg,8,Hedera helix,Yes
plant_images/2232.jpg,6,Lonicera japonica,Yes
plant_images/24958.jpg,2,Elaeagnus umbellata,Yes
plant_images/12890.jpg,12,Alliaria petiolata,Yes
plant_images/10152.jpg,9,Parthenocissus quinquefolia,No
plant_images/9969.jpg,3,Asimina triloba,No
plant_images/19504.jpg,1,Rhus copallinum,No
plant_images/4305.jpg,12,Alliaria petiolata,Yes
plant_images/21707.jpg,6,Lonicera japonica,Yes
plant_images/18674.jpg,12,Alliaria petiolata,Yes
plant_images/19325.jpg,9,Parthenocissus quinquefolia,No
plant_images/20077.jpg,12,Alliaria petiolata,Yes
plant_images/13973.jpg,9,Parthenocissus quinquefolia,No
plant_images/15013.jpg,8,Hedera helix,Yes
plant_images/21520.jpg,6,Lonicera japonica,Yes
plant_images/16204.jpg,9,Parthenocissus quinquefolia,No
plant_images/6127.jpg,2,Elaeagnus umbellata,Yes
plant_images/7590.jpg,6,Lonicera japonica,Yes
plant_images/18147.jpg,3,Asimina triloba,No
plant_images/16673.jpg,13,Geum canadense,No
plant_images/15906.jpg,14,Ficaria verna,Yes
plant_images/27478.jpg,3,Asimina triloba,No
plant_images/12804.jpg,14,Ficaria verna,Yes
plant_images/21686.jpg,12,Alliaria petiolata,Yes
plant_images/27420.jpg,6,Lonicera japonica,Yes
plant_images/19023.jpg,3,Asimina triloba,No
plant_images/8167.jpg,3,Asimina triloba,No
plant_images/19187.jpg,14,Ficaria verna,Yes
plant_images/15266.jpg,3,Asimina triloba,No
plant_images/5911.jpg,4,Rubus phoenicolasius,Yes
plant_images/23067.jpg,2,Elaeagnus umbellata,Yes
plant_images/6090.jpg,3,Asimina triloba,No
plant_images/4899.jpg,0,Ailanthus altissima,Yes
plant_images/26447.jpg,11,Persicaria sagittata,No
plant_images/11595.jpg,3,Asimina triloba,No
plant_images/9323.jpg,14,Ficaria verna,Yes
plant_images/22354.jpg,11,Persicaria sagittata,No
plant_images/11799.jpg,7,Campsis radicans,No
plant_images/5236.jpg,6,Lonicera japonica,Yes
plant_images/15458.jpg,8,Hedera helix,Yes
plant_images/8670.jpg,9,Parthenocissus quinquefolia,No
plant_images/6324.jpg,7,Campsis radicans,No
plant_images/9684.jpg,0,Ailanthus altissima,Yes
plant_images/2835.jpg,0,Ailanthus altissima,Yes
plant_images/23063.jpg,0,Ailanthus altissima,Yes
plant_images/7020.jpg,12,Alliaria petiolata,Yes
plant_images/24119.jpg,7,Campsis radicans,No
plant_images/23751.jpg,2,Elaeagnus umbellata,Yes
plant_images/7870.jpg,12,Alliaria petiolata,Yes
plant_images/1524.jpg,12,Alliaria petiolata,Yes
plant_images/5570.jpg,14,Ficaria verna,Yes
plant_images/920.jpg,9,Parthenocissus quinquefolia,No
plant_images/25479.jpg,14,Ficaria verna,Yes
plant_images/13504.jpg,2,Elaeagnus umbellata,Yes
plant_images/22206.jpg,0,Ailanthus altissima,Yes
plant_images/24841.jpg,15,Packera aurea,No
plant_images/19233.jpg,4,Rubus phoenicolasius,Yes
plant_images/14329.jpg,9,Parthenocissus quinquefolia,No
plant_images/8521.jpg,6,Lonicera japonica,Yes
plant_images/3710.jpg,13,Geum canadense,No
plant_images/24796.jpg,2,Elaeagnus umbellata,Yes
plant_images/13069.jpg,2,Elaeagnus umbellata,Yes
plant_images/27116.jpg,3,Asimina triloba,No
plant_images/26901.jpg,15,Packera aurea,No
plant_images/27084.jpg,8,Hedera helix,Yes
plant_images/22356.jpg,2,Elaeagnus umbellata,Yes
plant_images/13613.jpg,6,Lonicera japonica,Yes
plant_images/22425.jpg,3,Asimina triloba,No
plant_images/6959.jpg,12,Alliaria petiolata,Yes
plant_images/25456.jpg,12,Alliaria petiolata,Yes
plant_images/21672.jpg,12,Alliaria petiolata,Yes
plant_images/21649.jpg,12,Alliaria petiolata,Yes
plant_images/24336.jpg,12,Alliaria petiolata,Yes
plant_images/7750.jpg,6,Lonicera japonica,Yes
plant_images/3053.jpg,9,Parthenocissus quinquefolia,No
plant_images/7887.jpg,7,Campsis radicans,No
plant_images/6547.jpg,7,Campsis radicans,No
plant_images/14072.jpg,7,Campsis radicans,No
plant_images/9672.jpg,14,Ficaria verna,Yes
plant_images/12888.jpg,14,Ficaria verna,Yes
plant_images/11381.jpg,4,Rubus phoenicolasius,Yes
plant_images/24571.jpg,6,Lonicera japonica,Yes
plant_images/26333.jpg,1,Rhus copallinum,No
plant_images/3000.jpg,9,Parthenocissus quinquefolia,No
plant_images/1536.jpg,14,Ficaria verna,Yes
plant_images/16249.jpg,3,Asimina triloba,No
plant_images/22273.jpg,4,Rubus phoenicolasius,Yes
plant_images/8767.jpg,4,Rubus phoenicolasius,Yes
plant_images/14123.jpg,3,Asimina triloba,No
plant_images/23511.jpg,8,Hedera helix,Yes
plant_images/28172.jpg,3,Asimina triloba,No
plant_images/14456.jpg,14,Ficaria verna,Yes
plant_images/18847.jpg,9,Parthenocissus quinquefolia,No
plant_images/2603.jpg,4,Rubus phoenicolasius,Yes
plant_images/22278.jpg,2,Elaeagnus umbellata,Yes
plant_images/2688.jpg,9,Parthenocissus quinquefolia,No
plant_images/28268.jpg,3,Asimina triloba,No
plant_images/7264.jpg,12,Alliaria petiolata,Yes
plant_images/15037.jpg,14,Ficaria verna,Yes
plant_images/12641.jpg,8,Hedera helix,Yes
plant_images/20121.jpg,2,Elaeagnus umbellata,Yes
plant_images/27869.jpg,1,Rhus copallinum,No
plant_images/669.jpg,4,Rubus phoenicolasius,Yes
plant_images/10566.jpg,2,Elaeagnus umbellata,Yes
plant_images/13373.jpg,7,Campsis radicans,No
plant_images/19425.jpg,3,Asimina triloba,No
plant_images/21498.jpg,8,Hedera helix,Yes
plant_images/22406.jpg,4,Rubus phoenicolasius,Yes
plant_images/22878.jpg,6,Lonicera japonica,Yes
plant_images/4300.jpg,9,Parthenocissus quinquefolia,No
plant_images/26071.jpg,12,Alliaria petiolata,Yes
plant_images/878.jpg,14,Ficaria verna,Yes
plant_images/21417.jpg,4,Rubus phoenicolasius,Yes
plant_images/433.jpg,10,Persicaria perfoliata,Yes
plant_images/19440.jpg,1,Rhus copallinum,No
plant_images/2792.jpg,9,Parthenocissus quinquefolia,No
plant_images/12134.jpg,4,Rubus phoenicolasius,Yes
plant_images/25306.jpg,1,Rhus copallinum,No
plant_images/18551.jpg,12,Alliaria petiolata,Yes
plant_images/25848.jpg,1,Rhus copallinum,No
plant_images/27413.jpg,5,Rubus occidentalis,No
plant_images/5461.jpg,8,Hedera helix,Yes
plant_images/144.jpg,14,Ficaria verna,Yes
plant_images/21886.jpg,1,Rhus copallinum,No
plant_images/23350.jpg,10,Persicaria perfoliata,Yes
plant_images/4371.jpg,9,Parthenocissus quinquefolia,No
plant_images/1368.jpg,8,Hedera helix,Yes
plant_images/6761.jpg,12,Alliaria petiolata,Yes
plant_images/1341.jpg,9,Parthenocissus quinquefolia,No
plant_images/26693.jpg,3,Asimina triloba,No
plant_images/11738.jpg,3,Asimina triloba,No
plant_images/14949.jpg,10,Persicaria perfoliata,Yes
plant_images/20693.jpg,10,Persicaria perfoliata,Yes
plant_images/22652.jpg,0,Ailanthus altissima,Yes
plant_images/26410.jpg,10,Persicaria perfoliata,Yes
plant_images/24741.jpg,2,Elaeagnus umbellata,Yes
plant_images/19513.jpg,1,Rhus copallinum,No
plant_images/8965.jpg,14,Ficaria verna,Yes
plant_images/7930.jpg,13,Geum canadense,No
plant_images/25252.jpg,9,Parthenocissus quinquefolia,No
plant_images/25342.jpg,2,Elaeagnus umbellata,Yes
plant_images/707.jpg,6,Lonicera japonica,Yes
plant_images/18687.jpg,12,Alliaria petiolata,Yes
plant_images/6979.jpg,2,Elaeagnus umbellata,Yes
plant_images/13818.jpg,1,Rhus copallinum,No
plant_images/23589.jpg,3,Asimina triloba,No
plant_images/27165.jpg,7,Campsis radicans,No
plant_images/1743.jpg,12,Alliaria petiolata,Yes
plant_images/4282.jpg,8,Hedera helix,Yes
plant_images/4197.jpg,9,Parthenocissus quinquefolia,No
plant_images/21099.jpg,10,Persicaria perfoliata,Yes
plant_images/9875.jpg,10,Persicaria perfoliata,Yes
plant_images/12494.jpg,7,Campsis radicans,No
plant_images/25570.jpg,9,Parthenocissus quinquefolia,No
plant_images/8859.jpg,8,Hedera helix,Yes
plant_images/16802.jpg,3,Asimina triloba,No
plant_images/13514.jpg,3,Asimina triloba,No
plant_images/15988.jpg,14,Ficaria verna,Yes
plant_images/5935.jpg,14,Ficaria verna,Yes
plant_images/23424.jpg,3,Asimina triloba,No
plant_images/182.jpg,12,Alliaria petiolata,Yes
plant_images/20176.jpg,4,Rubus phoenicolasius,Yes
plant_images/7951.jpg,3,Asimina triloba,No
plant_images/13143.jpg,8,Hedera helix,Yes
plant_images/11879.jpg,0,Ailanthus altissima,Yes
plant_images/872.jpg,12,Alliaria petiolata,Yes
plant_images/22899.jpg,12,Alliaria petiolata,Yes
plant_images/8208.jpg,3,Asimina triloba,No
plant_images/24184.jpg,2,Elaeagnus umbellata,Yes
plant_images/12418.jpg,1,Rhus copallinum,No
plant_images/27002.jpg,15,Packera aurea,No
plant_images/27045.jpg,0,Ailanthus altissima,Yes
plant_images/5534.jpg,14,Ficaria verna,Yes
plant_images/8931.jpg,0,Ailanthus altissima,Yes
plant_images/22536.jpg,1,Rhus copallinum,No
plant_images/8795.jpg,3,Asimina triloba,No
plant_images/11920.jpg,0,Ailanthus altissima,Yes
plant_images/27641.jpg,3,Asimina triloba,No
plant_images/26055.jpg,6,Lonicera japonica,Yes
plant_images/9428.jpg,13,Geum canadense,No
plant_images/19979.jpg,12,Alliaria petiolata,Yes
plant_images/22722.jpg,12,Alliaria petiolata,Yes
plant_images/5204.jpg,4,Rubus phoenicolasius,Yes
plant_images/17671.jpg,1,Rhus copallinum,No
plant_images/24070.jpg,3,Asimina triloba,No
plant_images/7323.jpg,3,Asimina triloba,No
plant_images/18366.jpg,14,Ficaria verna,Yes
plant_images/13443.jpg,5,Rubus occidentalis,No
plant_images/20023.jpg,12,Alliaria petiolata,Yes
plant_images/14564.jpg,12,Alliaria petiolata,Yes
plant_images/10493.jpg,6,Lonicera japonica,Yes
plant_images/2762.jpg,13,Geum canadense,No
plant_images/8539.jpg,4,Rubus phoenicolasius,Yes
plant_images/9008.jpg,14,Ficaria verna,Yes
plant_images/27080.jpg,14,Ficaria verna,Yes
plant_images/23980.jpg,0,Ailanthus altissima,Yes
plant_images/11539.jpg,6,Lonicera japonica,Yes
plant_images/21431.jpg,6,Lonicera japonica,Yes
plant_images/23659.jpg,3,Asimina triloba,No
plant_images/7215.jpg,4,Rubus phoenicolasius,Yes
plant_images/8241.jpg,10,Persicaria perfoliata,Yes
plant_images/27261.jpg,3,Asimina triloba,No
plant_images/7290.jpg,12,Alliaria petiolata,Yes
plant_images/12748.jpg,14,Ficaria verna,Yes
plant_images/6856.jpg,12,Alliaria petiolata,Yes
plant_images/627.jpg,14,Ficaria verna,Yes
plant_images/5260.jpg,4,Rubus phoenicolasius,Yes
plant_images/25524.jpg,12,Alliaria petiolata,Yes
plant_images/6976.jpg,12,Alliaria petiolata,Yes
plant_images/15373.jpg,7,Campsis radicans,No
plant_images/23405.jpg,12,Alliaria petiolata,Yes
plant_images/25566.jpg,6,Lonicera japonica,Yes
plant_images/23395.jpg,2,Elaeagnus umbellata,Yes
plant_images/19683.jpg,6,Lonicera japonica,Yes
plant_images/12149.jpg,9,Parthenocissus quinquefolia,No
plant_images/18394.jpg,7,Campsis radicans,No
plant_images/5772.jpg,15,Packera aurea,No
plant_images/7429.jpg,9,Parthenocissus quinquefolia,No
plant_images/26081.jpg,12,Alliaria petiolata,Yes
plant_images/22214.jpg,4,Rubus phoenicolasius,Yes
plant_images/12612.jpg,14,Ficaria verna,Yes
plant_images/18101.jpg,12,Alliaria petiolata,Yes
plant_images/18483.jpg,12,Alliaria petiolata,Yes
plant_images/24422.jpg,3,Asimina triloba,No
plant_images/3185.jpg,15,Packera aurea,No
plant_images/10216.jpg,0,Ailanthus altissima,Yes
plant_images/12496.jpg,1,Rhus copallinum,No
plant_images/16578.jpg,4,Rubus phoenicolasius,Yes
plant_images/24397.jpg,3,Asimina triloba,No
plant_images/12156.jpg,7,Campsis radicans,No
plant_images/20488.jpg,10,Persicaria perfoliata,Yes
plant_images/25893.jpg,3,Asimina triloba,No
plant_images/22920.jpg,5,Rubus occidentalis,No
plant_images/8303.jpg,3,Asimina triloba,No
plant_images/27465.jpg,3,Asimina triloba,No
plant_images/15277.jpg,2,Elaeagnus umbellata,Yes
plant_images/3758.jpg,12,Alliaria petiolata,Yes
plant_images/23034.jpg,0,Ailanthus altissima,Yes
plant_images/4630.jpg,9,Parthenocissus quinquefolia,No
plant_images/28321.jpg,1,Rhus copallinum,No
plant_images/14711.jpg,12,Alliaria petiolata,Yes
plant_images/13236.jpg,9,Parthenocissus quinquefolia,No
plant_images/15907.jpg,12,Alliaria petiolata,Yes
plant_images/9771.jpg,2,Elaeagnus umbellata,Yes
plant_images/25824.jpg,1,Rhus copallinum,No
plant_images/23702.jpg,2,Elaeagnus umbellata,Yes
plant_images/13708.jpg,7,Campsis radicans,No
plant_images/17249.jpg,7,Campsis radicans,No
plant_images/8116.jpg,3,Asimina triloba,No
plant_images/14501.jpg,14,Ficaria verna,Yes
plant_images/9132.jpg,14,Ficaria verna,Yes
plant_images/15255.jpg,4,Rubus phoenicolasius,Yes
plant_images/7740.jpg,0,Ailanthus altissima,Yes
plant_images/16047.jpg,14,Ficaria verna,Yes
plant_images/8831.jpg,7,Campsis radicans,No
plant_images/27436.jpg,14,Ficaria verna,Yes
plant_images/11942.jpg,0,Ailanthus altissima,Yes
plant_images/26205.jpg,2,Elaeagnus umbellata,Yes
plant_images/14002.jpg,9,Parthenocissus quinquefolia,No
plant_images/16362.jpg,9,Parthenocissus quinquefolia,No
plant_images/1745.jpg,4,Rubus phoenicolasius,Yes
plant_images/13094.jpg,15,Packera aurea,No
plant_images/8944.jpg,6,Lonicera japonica,Yes
plant_images/3705.jpg,12,Alliaria petiolata,Yes
plant_images/11224.jpg,3,Asimina triloba,No
plant_images/24550.jpg,11,Persicaria sagittata,No
plant_images/22239.jpg,7,Campsis radicans,No
plant_images/5358.jpg,11,Persicaria sagittata,No
plant_images/3861.jpg,13,Geum canadense,No
plant_images/11694.jpg,9,Parthenocissus quinquefolia,No
plant_images/6243.jpg,4,Rubus phoenicolasius,Yes
plant_images/15905.jpg,6,Lonicera japonica,Yes
plant_images/15011.jpg,4,Rubus phoenicolasius,Yes
plant_images/11834.jpg,2,Elaeagnus umbellata,Yes
plant_images/13132.jpg,9,Parthenocissus quinquefolia,No
plant_images/5877.jpg,9,Parthenocissus quinquefolia,No
plant_images/9055.jpg,14,Ficaria verna,Yes
plant_images/19775.jpg,3,Asimina triloba,No
plant_images/2797.jpg,4,Rubus phoenicolasius,Yes
plant_images/16556.jpg,6,Lonicera japonica,Yes
plant_images/19724.jpg,0,Ailanthus altissima,Yes
plant_images/22702.jpg,12,Alliaria petiolata,Yes
plant_images/21442.jpg,6,Lonicera japonica,Yes
plant_images/1836.jpg,14,Ficaria verna,Yes
plant_images/12414.jpg,3,Asimina triloba,No
plant_images/20691.jpg,6,Lonicera japonica,Yes
plant_images/9224.jpg,14,Ficaria verna,Yes
plant_images/18354.jpg,14,Ficaria verna,Yes
plant_images/20217.jpg,3,Asimina triloba,No
plant_images/25520.jpg,12,Alliaria petiolata,Yes
plant_images/19214.jpg,4,Rubus phoenicolasius,Yes
plant_images/24931.jpg,12,Alliaria petiolata,Yes
plant_images/16967.jpg,0,Ailanthus altissima,Yes
plant_images/26776.jpg,7,Campsis radicans,No
plant_images/20567.jpg,6,Lonicera japonica,Yes
plant_images/7640.jpg,7,Campsis radicans,No
plant_images/19057.jpg,9,Parthenocissus quinquefolia,No
plant_images/7809.jpg,3,Asimina triloba,No
plant_images/17335.jpg,0,Ailanthus altissima,Yes
plant_images/8278.jpg,9,Parthenocissus quinquefolia,No
plant_images/3346.jpg,0,Ailanthus altissima,Yes
plant_images/8122.jpg,4,Rubus phoenicolasius,Yes
plant_images/13021.jpg,14,Ficaria verna,Yes
plant_images/11698.jpg,3,Asimina triloba,No
plant_images/20122.jpg,3,Asimina triloba,No
plant_images/175.jpg,14,Ficaria verna,Yes
plant_images/27910.jpg,1,Rhus copallinum,No
plant_images/11895.jpg,1,Rhus copallinum,No
plant_images/21831.jpg,4,Rubus phoenicolasius,Yes
plant_images/12876.jpg,14,Ficaria verna,Yes
plant_images/21087.jpg,12,Alliaria petiolata,Yes
plant_images/1249.jpg,10,Persicaria perfoliata,Yes
plant_images/5666.jpg,12,Alliaria petiolata,Yes
plant_images/550.jpg,9,Parthenocissus quinquefolia,No
plant_images/13908.jpg,9,Parthenocissus quinquefolia,No
plant_images/27509.jpg,6,Lonicera japonica,Yes
plant_images/17978.jpg,8,Hedera helix,Yes
plant_images/10013.jpg,2,Elaeagnus umbellata,Yes
plant_images/7084.jpg,6,Lonicera japonica,Yes
plant_images/20480.jpg,0,Ailanthus altissima,Yes
plant_images/17123.jpg,6,Lonicera japonica,Yes
plant_images/15802.jpg,12,Alliaria petiolata,Yes
plant_images/16933.jpg,7,Campsis radicans,No
plant_images/17007.jpg,7,Campsis radicans,No
plant_images/8724.jpg,0,Ailanthus altissima,Yes
plant_images/19995.jpg,4,Rubus phoenicolasius,Yes
plant_images/307.jpg,8,Hedera helix,Yes
plant_images/3665.jpg,9,Parthenocissus quinquefolia,No
plant_images/9817.jpg,9,Parthenocissus quinquefolia,No
plant_images/11199.jpg,15,Packera aurea,No
plant_images/27833.jpg,7,Campsis radicans,No
plant_images/27682.jpg,3,Asimina triloba,No
plant_images/7098.jpg,0,Ailanthus altissima,Yes
plant_images/18665.jpg,3,Asimina triloba,No
plant_images/1744.jpg,9,Parthenocissus quinquefolia,No
plant_images/6010.jpg,4,Rubus phoenicolasius,Yes
plant_images/27422.jpg,7,Campsis radicans,No
plant_images/11669.jpg,8,Hedera helix,Yes
plant_images/5538.jpg,14,Ficaria verna,Yes
plant_images/6166.jpg,0,Ailanthus altissima,Yes
plant_images/6657.jpg,8,Hedera helix,Yes
plant_images/22461.jpg,3,Asimina triloba,No
plant_images/24030.jpg,7,Campsis radicans,No
plant_images/25007.jpg,0,Ailanthus altissima,Yes
plant_images/20399.jpg,3,Asimina triloba,No
plant_images/14804.jpg,3,Asimina triloba,No
plant_images/27694.jpg,9,Parthenocissus quinquefolia,No
plant_images/952.jpg,0,Ailanthus altissima,Yes
plant_images/21966.jpg,0,Ailanthus altissima,Yes
plant_images/7384.jpg,4,Rubus phoenicolasius,Yes
plant_images/14119.jpg,6,Lonicera japonica,Yes
plant_images/6281.jpg,6,Lonicera japonica,Yes
plant_images/10353.jpg,7,Campsis radicans,No
plant_images/16572.jpg,12,Alliaria petiolata,Yes
plant_images/18775.jpg,15,Packera aurea,No
plant_images/4251.jpg,3,Asimina triloba,No
plant_images/11130.jpg,12,Alliaria petiolata,Yes
plant_images/11906.jpg,0,Ailanthus altissima,Yes
plant_images/23312.jpg,6,Lonicera japonica,Yes
plant_images/22601.jpg,14,Ficaria verna,Yes
plant_images/15232.jpg,9,Parthenocissus quinquefolia,No
plant_images/18270.jpg,12,Alliaria petiolata,Yes
plant_images/16863.jpg,4,Rubus phoenicolasius,Yes
plant_images/27735.jpg,2,Elaeagnus umbellata,Yes
plant_images/8703.jpg,9,Parthenocissus quinquefolia,No
plant_images/3948.jpg,10,Persicaria perfoliata,Yes
plant_images/1874.jpg,12,Alliaria petiolata,Yes
plant_images/12028.jpg,9,Parthenocissus quinquefolia,No
plant_images/3249.jpg,4,Rubus phoenicolasius,Yes
plant_images/6566.jpg,2,Elaeagnus umbellata,Yes
plant_images/11184.jpg,14,Ficaria verna,Yes
